#2026 07 16 07:49:06.223#Z#DEBUG#a9262da0-80ea-11f1-b4c6-eeee0a8be332.Inventory-assistant-srv#flowable-async-job-executor-thread-42547#
[PollStageAppStatusExecution] 55452eb1-268d-4f32-9a08-a67bae3cbd50 [2026-07-16T07:48:16.058591] Added process: "web" (STDOUT, API)#
#2026 07 16 07:49:06.223#Z#DEBUG#a9262da0-80ea-11f1-b4c6-eeee0a8be332.Inventory-assistant-srv#flowable-async-job-executor-thread-42547#
[PollStageAppStatusExecution] 55452eb1-268d-4f32-9a08-a67bae3cbd50 [2026-07-16T07:48:16.066641] Created app with guid 55452eb1-268d-4f32-9a08-a67bae3cbd50 (STDOUT, API)#
#2026 07 16 07:49:06.223#Z#DEBUG#a9262da0-80ea-11f1-b4c6-eeee0a8be332.Inventory-assistant-srv#flowable-async-job-executor-thread-42547#
[PollStageAppStatusExecution] 55452eb1-268d-4f32-9a08-a67bae3cbd50 [2026-07-16T07:48:16.155474] Updating process: "web" (STDOUT, API)#
#2026 07 16 07:49:06.223#Z#DEBUG#a9262da0-80ea-11f1-b4c6-eeee0a8be332.Inventory-assistant-srv#flowable-async-job-executor-thread-42547#
[PollStageAppStatusExecution] 55452eb1-268d-4f32-9a08-a67bae3cbd50 [2026-07-16T07:48:16.209614] Scaling process: "web" (STDOUT, API)#
#2026 07 16 07:49:06.223#Z#DEBUG#a9262da0-80ea-11f1-b4c6-eeee0a8be332.Inventory-assistant-srv#flowable-async-job-executor-thread-42547#
[PollStageAppStatusExecution] 55452eb1-268d-4f32-9a08-a67bae3cbd50 [2026-07-16T07:48:45.870268] Uploading app package for app with guid 55452eb1-268d-4f32-9a08-a67bae3cbd50 (STDOUT, API)#
#2026 07 16 07:49:06.223#Z#DEBUG#a9262da0-80ea-11f1-b4c6-eeee0a8be332.Inventory-assistant-srv#flowable-async-job-executor-thread-42547#
[PollStageAppStatusExecution] 55452eb1-268d-4f32-9a08-a67bae3cbd50 [2026-07-16T07:48:46.057405] Updated app with guid 55452eb1-268d-4f32-9a08-a67bae3cbd50 ({"environment_variables"=>"[PRIVATE DATA HIDDEN]"}) (STDOUT, API)#
#2026 07 16 07:49:06.223#Z#DEBUG#a9262da0-80ea-11f1-b4c6-eeee0a8be332.Inventory-assistant-srv#flowable-async-job-executor-thread-42547#
[PollStageAppStatusExecution] 55452eb1-268d-4f32-9a08-a67bae3cbd50 [2026-07-16T07:48:55.972541] Creating build for app with guid 55452eb1-268d-4f32-9a08-a67bae3cbd50 (STDOUT, API)#
#2026 07 16 07:49:06.223#Z#DEBUG#a9262da0-80ea-11f1-b4c6-eeee0a8be332.Inventory-assistant-srv#flowable-async-job-executor-thread-42547#
[PollStageAppStatusExecution] 55452eb1-268d-4f32-9a08-a67bae3cbd50 [2026-07-16T07:48:56.527916] Downloading nodejs_buildpack... (STDOUT, STG)#
#2026 07 16 07:49:06.223#Z#DEBUG#a9262da0-80ea-11f1-b4c6-eeee0a8be332.Inventory-assistant-srv#flowable-async-job-executor-thread-42547#
[PollStageAppStatusExecution] 55452eb1-268d-4f32-9a08-a67bae3cbd50 [2026-07-16T07:48:56.572479] Downloaded nodejs_buildpack (STDOUT, STG)#
#2026 07 16 07:49:06.223#Z#DEBUG#a9262da0-80ea-11f1-b4c6-eeee0a8be332.Inventory-assistant-srv#flowable-async-job-executor-thread-42547#
[PollStageAppStatusExecution] 55452eb1-268d-4f32-9a08-a67bae3cbd50 [2026-07-16T07:48:56.572597] Cell 684caff8-89cd-492b-be01-b3d0835f1763 creating container for instance 3c6740da-5140-4a19-b0e6-9cab46d6b43f (STDOUT, STG)#
#2026 07 16 07:49:06.223#Z#DEBUG#a9262da0-80ea-11f1-b4c6-eeee0a8be332.Inventory-assistant-srv#flowable-async-job-executor-thread-42547#
[PollStageAppStatusExecution] 55452eb1-268d-4f32-9a08-a67bae3cbd50 [2026-07-16T07:48:57.355775] Security group rules were updated (STDOUT, STG)#
#2026 07 16 07:49:06.223#Z#DEBUG#a9262da0-80ea-11f1-b4c6-eeee0a8be332.Inventory-assistant-srv#flowable-async-job-executor-thread-42547#
[PollStageAppStatusExecution] 55452eb1-268d-4f32-9a08-a67bae3cbd50 [2026-07-16T07:48:57.448133] Cell 684caff8-89cd-492b-be01-b3d0835f1763 successfully created container for instance 3c6740da-5140-4a19-b0e6-9cab46d6b43f (STDOUT, STG)#
#2026 07 16 07:49:06.223#Z#DEBUG#a9262da0-80ea-11f1-b4c6-eeee0a8be332.Inventory-assistant-srv#flowable-async-job-executor-thread-42547#
[PollStageAppStatusExecution] 55452eb1-268d-4f32-9a08-a67bae3cbd50 [2026-07-16T07:48:58.548049] Downloading app package... (STDOUT, STG)#
#2026 07 16 07:49:06.223#Z#DEBUG#a9262da0-80ea-11f1-b4c6-eeee0a8be332.Inventory-assistant-srv#flowable-async-job-executor-thread-42547#
[PollStageAppStatusExecution] 55452eb1-268d-4f32-9a08-a67bae3cbd50 [2026-07-16T07:48:59.425978] Downloaded app package (6.1M) (STDOUT, STG)#
#2026 07 16 07:49:06.223#Z#DEBUG#a9262da0-80ea-11f1-b4c6-eeee0a8be332.Inventory-assistant-srv#flowable-async-job-executor-thread-42547#
[PollStageAppStatusExecution] 55452eb1-268d-4f32-9a08-a67bae3cbd50 [2026-07-16T07:48:59.558422] -----> Nodejs Buildpack version 1.9.2 (STDOUT, STG)#
#2026 07 16 07:49:06.223#Z#DEBUG#a9262da0-80ea-11f1-b4c6-eeee0a8be332.Inventory-assistant-srv#flowable-async-job-executor-thread-42547#
[PollStageAppStatusExecution] 55452eb1-268d-4f32-9a08-a67bae3cbd50 [2026-07-16T07:48:59.960560] -----> Bootstrapping python (STDOUT, STG)#
#2026 07 16 07:49:06.223#Z#DEBUG#a9262da0-80ea-11f1-b4c6-eeee0a8be332.Inventory-assistant-srv#flowable-async-job-executor-thread-42547#
[PollStageAppStatusExecution] 55452eb1-268d-4f32-9a08-a67bae3cbd50 [2026-07-16T07:48:59.960589] -----> Installing python 3.13.13 (STDOUT, STG)#
#2026 07 16 07:49:06.223#Z#DEBUG#a9262da0-80ea-11f1-b4c6-eeee0a8be332.Inventory-assistant-srv#flowable-async-job-executor-thread-42547#
[PollStageAppStatusExecution] 55452eb1-268d-4f32-9a08-a67bae3cbd50 [2026-07-16T07:48:59.960594] Copy [/tmp/buildpacks/17bd89c67d092631/dependencies/268a5e3743d51a14b86ea9da64439307/python_3.13.13_linux_x64_cflinuxfs4_8311abbf.tgz] (STDOUT, STG)#
#2026 07 16 07:49:06.223#Z#DEBUG#a9262da0-80ea-11f1-b4c6-eeee0a8be332.Inventory-assistant-srv#flowable-async-job-executor-thread-42547#
[PollStageAppStatusExecution] 55452eb1-268d-4f32-9a08-a67bae3cbd50 [2026-07-16T07:49:04.631928] -----> Installing binaries (STDOUT, STG)#
#2026 07 16 07:49:06.223#Z#DEBUG#a9262da0-80ea-11f1-b4c6-eeee0a8be332.Inventory-assistant-srv#flowable-async-job-executor-thread-42547#
[PollStageAppStatusExecution] 55452eb1-268d-4f32-9a08-a67bae3cbd50 [2026-07-16T07:49:04.632060] engines.node (package.json): >=20 (STDOUT, STG)#
#2026 07 16 07:49:06.223#Z#DEBUG#a9262da0-80ea-11f1-b4c6-eeee0a8be332.Inventory-assistant-srv#flowable-async-job-executor-thread-42547#
[PollStageAppStatusExecution] 55452eb1-268d-4f32-9a08-a67bae3cbd50 [2026-07-16T07:49:04.632075] engines.npm (package.json): unspecified (use default) (STDOUT, STG)#
#2026 07 16 07:49:06.223#Z#DEBUG#a9262da0-80ea-11f1-b4c6-eeee0a8be332.Inventory-assistant-srv#flowable-async-job-executor-thread-42547#
[PollStageAppStatusExecution] 55452eb1-268d-4f32-9a08-a67bae3cbd50 [2026-07-16T07:49:04.632129] [31;1m**WARNING**[0m Dangerous semver range (>) in engines.node. See: http://docs.cloudfoundry.org/buildpacks/node/node-tips.html (STDOUT, STG)#
#2026 07 16 07:49:06.223#Z#DEBUG#a9262da0-80ea-11f1-b4c6-eeee0a8be332.Inventory-assistant-srv#flowable-async-job-executor-thread-42547#
[PollStageAppStatusExecution] 55452eb1-268d-4f32-9a08-a67bae3cbd50 [2026-07-16T07:49:04.632262] -----> Installing node 24.15.0 (STDOUT, STG)#
#2026 07 16 07:49:06.223#Z#DEBUG#a9262da0-80ea-11f1-b4c6-eeee0a8be332.Inventory-assistant-srv#flowable-async-job-executor-thread-42547#
[PollStageAppStatusExecution] 55452eb1-268d-4f32-9a08-a67bae3cbd50 [2026-07-16T07:49:04.632423] Copy [/tmp/buildpacks/17bd89c67d092631/dependencies/6441e97e6386f47ec4c16cfdf8db0a17/node_24.15.0_linux_x64_cflinuxfs4_1a62d98b.tgz] (STDOUT, STG)#
#2026 07 16 07:49:16.208#Z#DEBUG#a9262da0-80ea-11f1-b4c6-eeee0a8be332.Inventory-assistant-srv#flowable-async-job-executor-thread-42563#
[PollStageAppStatusExecution] 55452eb1-268d-4f32-9a08-a67bae3cbd50 [2026-07-16T07:49:07.247603] Using default npm version: 11.12.1 (STDOUT, STG)#
#2026 07 16 07:49:16.208#Z#DEBUG#a9262da0-80ea-11f1-b4c6-eeee0a8be332.Inventory-assistant-srv#flowable-async-job-executor-thread-42563#
[PollStageAppStatusExecution] 55452eb1-268d-4f32-9a08-a67bae3cbd50 [2026-07-16T07:49:07.247857] -----> Installing yarn 1.22.22 (STDOUT, STG)#
#2026 07 16 07:49:16.208#Z#DEBUG#a9262da0-80ea-11f1-b4c6-eeee0a8be332.Inventory-assistant-srv#flowable-async-job-executor-thread-42563#
[PollStageAppStatusExecution] 55452eb1-268d-4f32-9a08-a67bae3cbd50 [2026-07-16T07:49:07.248204] Copy [/tmp/buildpacks/17bd89c67d092631/dependencies/e4fe26756e9984a665478d350474fa2e/yarn_1.22.22_linux_noarch_any-stack_b6132b86.tgz] (STDOUT, STG)#
#2026 07 16 07:49:16.208#Z#DEBUG#a9262da0-80ea-11f1-b4c6-eeee0a8be332.Inventory-assistant-srv#flowable-async-job-executor-thread-42563#
[PollStageAppStatusExecution] 55452eb1-268d-4f32-9a08-a67bae3cbd50 [2026-07-16T07:49:07.632839] Installed yarn 1.22.22 (STDOUT, STG)#
#2026 07 16 07:49:16.208#Z#DEBUG#a9262da0-80ea-11f1-b4c6-eeee0a8be332.Inventory-assistant-srv#flowable-async-job-executor-thread-42563#
[PollStageAppStatusExecution] 55452eb1-268d-4f32-9a08-a67bae3cbd50 [2026-07-16T07:49:07.632872] -----> Creating runtime environment (STDOUT, STG)#
#2026 07 16 07:49:16.208#Z#DEBUG#a9262da0-80ea-11f1-b4c6-eeee0a8be332.Inventory-assistant-srv#flowable-async-job-executor-thread-42563#
[PollStageAppStatusExecution] 55452eb1-268d-4f32-9a08-a67bae3cbd50 [2026-07-16T07:49:07.635841] NODE_ENV=production (STDOUT, STG)#
#2026 07 16 07:49:16.208#Z#DEBUG#a9262da0-80ea-11f1-b4c6-eeee0a8be332.Inventory-assistant-srv#flowable-async-job-executor-thread-42563#
[PollStageAppStatusExecution] 55452eb1-268d-4f32-9a08-a67bae3cbd50 [2026-07-16T07:49:07.635871] NODE_HOME=/tmp/contents3189864823/deps/0/node (STDOUT, STG)#
#2026 07 16 07:49:16.208#Z#DEBUG#a9262da0-80ea-11f1-b4c6-eeee0a8be332.Inventory-assistant-srv#flowable-async-job-executor-thread-42563#
[PollStageAppStatusExecution] 55452eb1-268d-4f32-9a08-a67bae3cbd50 [2026-07-16T07:49:07.635946] NODE_MODULES_CACHE=true (STDOUT, STG)#
#2026 07 16 07:49:16.208#Z#DEBUG#a9262da0-80ea-11f1-b4c6-eeee0a8be332.Inventory-assistant-srv#flowable-async-job-executor-thread-42563#
[PollStageAppStatusExecution] 55452eb1-268d-4f32-9a08-a67bae3cbd50 [2026-07-16T07:49:07.635971] NODE_VERBOSE=false (STDOUT, STG)#
#2026 07 16 07:49:16.208#Z#DEBUG#a9262da0-80ea-11f1-b4c6-eeee0a8be332.Inventory-assistant-srv#flowable-async-job-executor-thread-42563#
[PollStageAppStatusExecution] 55452eb1-268d-4f32-9a08-a67bae3cbd50 [2026-07-16T07:49:07.636019] NPM_CONFIG_LOGLEVEL=error (STDOUT, STG)#
#2026 07 16 07:49:16.208#Z#DEBUG#a9262da0-80ea-11f1-b4c6-eeee0a8be332.Inventory-assistant-srv#flowable-async-job-executor-thread-42563#
[PollStageAppStatusExecution] 55452eb1-268d-4f32-9a08-a67bae3cbd50 [2026-07-16T07:49:07.636107] NPM_CONFIG_PRODUCTION=true (STDOUT, STG)#
#2026 07 16 07:49:16.208#Z#DEBUG#a9262da0-80ea-11f1-b4c6-eeee0a8be332.Inventory-assistant-srv#flowable-async-job-executor-thread-42563#
[PollStageAppStatusExecution] 55452eb1-268d-4f32-9a08-a67bae3cbd50 [2026-07-16T07:49:07.636233] -----> Building dependencies (STDOUT, STG)#
#2026 07 16 07:49:16.208#Z#DEBUG#a9262da0-80ea-11f1-b4c6-eeee0a8be332.Inventory-assistant-srv#flowable-async-job-executor-thread-42563#
[PollStageAppStatusExecution] 55452eb1-268d-4f32-9a08-a67bae3cbd50 [2026-07-16T07:49:07.636254] Prebuild detected (node_modules already exists) (STDOUT, STG)#
#2026 07 16 07:49:16.208#Z#DEBUG#a9262da0-80ea-11f1-b4c6-eeee0a8be332.Inventory-assistant-srv#flowable-async-job-executor-thread-42563#
[PollStageAppStatusExecution] 55452eb1-268d-4f32-9a08-a67bae3cbd50 [2026-07-16T07:49:07.636380] Rebuilding any native modules (STDOUT, STG)#
#2026 07 16 07:49:16.208#Z#DEBUG#a9262da0-80ea-11f1-b4c6-eeee0a8be332.Inventory-assistant-srv#flowable-async-job-executor-thread-42563#
[PollStageAppStatusExecution] 55452eb1-268d-4f32-9a08-a67bae3cbd50 [2026-07-16T07:49:08.324934] rebuilt dependencies successfully (STDOUT, STG)#
#2026 07 16 07:49:16.208#Z#DEBUG#a9262da0-80ea-11f1-b4c6-eeee0a8be332.Inventory-assistant-srv#flowable-async-job-executor-thread-42563#
[PollStageAppStatusExecution] 55452eb1-268d-4f32-9a08-a67bae3cbd50 [2026-07-16T07:49:08.326560] npm notice (STDOUT, STG)#
#2026 07 16 07:49:16.208#Z#DEBUG#a9262da0-80ea-11f1-b4c6-eeee0a8be332.Inventory-assistant-srv#flowable-async-job-executor-thread-42563#
[PollStageAppStatusExecution] 55452eb1-268d-4f32-9a08-a67bae3cbd50 [2026-07-16T07:49:08.326584] npm notice New major version of npm available! 11.12.1 -> 12.0.1 (STDOUT, STG)#
#2026 07 16 07:49:16.208#Z#DEBUG#a9262da0-80ea-11f1-b4c6-eeee0a8be332.Inventory-assistant-srv#flowable-async-job-executor-thread-42563#
[PollStageAppStatusExecution] 55452eb1-268d-4f32-9a08-a67bae3cbd50 [2026-07-16T07:49:08.326588] npm notice Changelog: https://github.com/npm/cli/releases/tag/v12.0.1 (STDOUT, STG)#
#2026 07 16 07:49:16.208#Z#DEBUG#a9262da0-80ea-11f1-b4c6-eeee0a8be332.Inventory-assistant-srv#flowable-async-job-executor-thread-42563#
[PollStageAppStatusExecution] 55452eb1-268d-4f32-9a08-a67bae3cbd50 [2026-07-16T07:49:08.326590] npm notice To update run: npm install -g npm@12.0.1 (STDOUT, STG)#
#2026 07 16 07:49:16.208#Z#DEBUG#a9262da0-80ea-11f1-b4c6-eeee0a8be332.Inventory-assistant-srv#flowable-async-job-executor-thread-42563#
[PollStageAppStatusExecution] 55452eb1-268d-4f32-9a08-a67bae3cbd50 [2026-07-16T07:49:08.326592] npm notice (STDOUT, STG)#
#2026 07 16 07:49:16.208#Z#DEBUG#a9262da0-80ea-11f1-b4c6-eeee0a8be332.Inventory-assistant-srv#flowable-async-job-executor-thread-42563#
[PollStageAppStatusExecution] 55452eb1-268d-4f32-9a08-a67bae3cbd50 [2026-07-16T07:49:08.390769] Installing any new modules (package.json + package-lock.json) (STDOUT, STG)#
#2026 07 16 07:49:16.208#Z#DEBUG#a9262da0-80ea-11f1-b4c6-eeee0a8be332.Inventory-assistant-srv#flowable-async-job-executor-thread-42563#
[PollStageAppStatusExecution] 55452eb1-268d-4f32-9a08-a67bae3cbd50 [2026-07-16T07:49:09.211644] up to date in 730ms (STDOUT, STG)#
#2026 07 16 07:49:16.208#Z#DEBUG#a9262da0-80ea-11f1-b4c6-eeee0a8be332.Inventory-assistant-srv#flowable-async-job-executor-thread-42563#
[PollStageAppStatusExecution] 55452eb1-268d-4f32-9a08-a67bae3cbd50 [2026-07-16T07:49:09.212047] 32 packages are looking for funding (STDOUT, STG)#
#2026 07 16 07:49:16.208#Z#DEBUG#a9262da0-80ea-11f1-b4c6-eeee0a8be332.Inventory-assistant-srv#flowable-async-job-executor-thread-42563#
[PollStageAppStatusExecution] 55452eb1-268d-4f32-9a08-a67bae3cbd50 [2026-07-16T07:49:09.212216] run `npm fund` for details (STDOUT, STG)#
#2026 07 16 07:49:16.208#Z#DEBUG#a9262da0-80ea-11f1-b4c6-eeee0a8be332.Inventory-assistant-srv#flowable-async-job-executor-thread-42563#
[PollStageAppStatusExecution] 55452eb1-268d-4f32-9a08-a67bae3cbd50 [2026-07-16T07:49:10.373285] Contrast Security no credentials found. Will not write environment files. (STDOUT, STG)#
#2026 07 16 07:49:26.731#Z#DEBUG#a9262da0-80ea-11f1-b4c6-eeee0a8be332.Inventory-assistant-srv#flowable-async-job-executor-thread-42568#
[PollStageAppStatusExecution] 55452eb1-268d-4f32-9a08-a67bae3cbd50 [2026-07-16T07:49:20.881886] Exit status 0 (STDOUT, STG)#
#2026 07 16 07:49:26.731#Z#DEBUG#a9262da0-80ea-11f1-b4c6-eeee0a8be332.Inventory-assistant-srv#flowable-async-job-executor-thread-42568#
[PollStageAppStatusExecution] 55452eb1-268d-4f32-9a08-a67bae3cbd50 [2026-07-16T07:49:20.881946] Uploading droplet, build artifacts cache... (STDOUT, STG)#
#2026 07 16 07:49:26.731#Z#DEBUG#a9262da0-80ea-11f1-b4c6-eeee0a8be332.Inventory-assistant-srv#flowable-async-job-executor-thread-42568#
[PollStageAppStatusExecution] 55452eb1-268d-4f32-9a08-a67bae3cbd50 [2026-07-16T07:49:20.881986] Uploading droplet... (STDOUT, STG)#
#2026 07 16 07:49:26.731#Z#DEBUG#a9262da0-80ea-11f1-b4c6-eeee0a8be332.Inventory-assistant-srv#flowable-async-job-executor-thread-42568#
[PollStageAppStatusExecution] 55452eb1-268d-4f32-9a08-a67bae3cbd50 [2026-07-16T07:49:20.882039] Uploading build artifacts cache... (STDOUT, STG)#
#2026 07 16 07:49:26.731#Z#DEBUG#a9262da0-80ea-11f1-b4c6-eeee0a8be332.Inventory-assistant-srv#flowable-async-job-executor-thread-42568#
[PollStageAppStatusExecution] 55452eb1-268d-4f32-9a08-a67bae3cbd50 [2026-07-16T07:49:20.910266] Uploaded build artifacts cache (217B) (STDOUT, STG)#
#2026 07 16 07:49:26.731#Z#DEBUG#a9262da0-80ea-11f1-b4c6-eeee0a8be332.Inventory-assistant-srv#flowable-async-job-executor-thread-42568#
[PollStageAppStatusExecution] 55452eb1-268d-4f32-9a08-a67bae3cbd50 [2026-07-16T07:49:21.625286] Creating droplet for app with guid 55452eb1-268d-4f32-9a08-a67bae3cbd50 (STDOUT, API)#
#2026 07 16 07:49:26.731#Z#DEBUG#a9262da0-80ea-11f1-b4c6-eeee0a8be332.Inventory-assistant-srv#flowable-async-job-executor-thread-42568#
[PollStageAppStatusExecution] 55452eb1-268d-4f32-9a08-a67bae3cbd50 [2026-07-16T07:49:25.697418] Uploaded droplet (61.4M) (STDOUT, STG)#
#2026 07 16 07:49:26.731#Z#DEBUG#a9262da0-80ea-11f1-b4c6-eeee0a8be332.Inventory-assistant-srv#flowable-async-job-executor-thread-42568#
[PollStageAppStatusExecution] 55452eb1-268d-4f32-9a08-a67bae3cbd50 [2026-07-16T07:49:25.719610] Uploading complete (STDOUT, STG)#
#2026 07 16 07:49:26.731#Z#DEBUG#a9262da0-80ea-11f1-b4c6-eeee0a8be332.Inventory-assistant-srv#flowable-async-job-executor-thread-42568#
[PollStageAppStatusExecution] 55452eb1-268d-4f32-9a08-a67bae3cbd50 [2026-07-16T07:49:26.153827] Cell 684caff8-89cd-492b-be01-b3d0835f1763 stopping instance 3c6740da-5140-4a19-b0e6-9cab46d6b43f (STDOUT, STG)#
#2026 07 16 07:49:26.731#Z#DEBUG#a9262da0-80ea-11f1-b4c6-eeee0a8be332.Inventory-assistant-srv#flowable-async-job-executor-thread-42568#
[PollStageAppStatusExecution] 55452eb1-268d-4f32-9a08-a67bae3cbd50 [2026-07-16T07:49:26.153897] Cell 684caff8-89cd-492b-be01-b3d0835f1763 destroying container for instance 3c6740da-5140-4a19-b0e6-9cab46d6b43f (STDOUT, STG)#
#2026 07 16 07:49:26.731#Z#DEBUG#a9262da0-80ea-11f1-b4c6-eeee0a8be332.Inventory-assistant-srv#flowable-async-job-executor-thread-42568#
[PollStageAppStatusExecution] 55452eb1-268d-4f32-9a08-a67bae3cbd50 [2026-07-16T07:49:26.210547] Staging complete for build 3c6740da-5140-4a19-b0e6-9cab46d6b43f (STDOUT, API)#
#2026 07 16 07:49:36.258#Z#DEBUG#a9262da0-80ea-11f1-b4c6-eeee0a8be332.Inventory-assistant-srv#flowable-async-job-executor-thread-42573#
[PollStartAppStatusExecution] 55452eb1-268d-4f32-9a08-a67bae3cbd50 [2026-07-16T07:49:26.803766] Updated app with guid 55452eb1-268d-4f32-9a08-a67bae3cbd50 ({:droplet_guid=>"b2c5b531-f700-49ca-81c8-21e4ea4a2468"}) (STDOUT, API)#
#2026 07 16 07:49:36.258#Z#DEBUG#a9262da0-80ea-11f1-b4c6-eeee0a8be332.Inventory-assistant-srv#flowable-async-job-executor-thread-42573#
[PollStartAppStatusExecution] 55452eb1-268d-4f32-9a08-a67bae3cbd50 [2026-07-16T07:49:27.028846] Creating revision for app with guid 55452eb1-268d-4f32-9a08-a67bae3cbd50 (STDOUT, API)#
#2026 07 16 07:49:36.258#Z#DEBUG#a9262da0-80ea-11f1-b4c6-eeee0a8be332.Inventory-assistant-srv#flowable-async-job-executor-thread-42573#
[PollStartAppStatusExecution] 55452eb1-268d-4f32-9a08-a67bae3cbd50 [2026-07-16T07:49:27.067673] Starting app with guid 55452eb1-268d-4f32-9a08-a67bae3cbd50 (STDOUT, API)#
#2026 07 16 07:49:36.258#Z#DEBUG#a9262da0-80ea-11f1-b4c6-eeee0a8be332.Inventory-assistant-srv#flowable-async-job-executor-thread-42573#
[PollStartAppStatusExecution] 55452eb1-268d-4f32-9a08-a67bae3cbd50 [2026-07-16T07:49:27.336940] Cell 77283d80-dfa7-40ba-ba4e-265aef112085 creating container for instance a92d622f-ebc3-4236-6979-30f0 (STDOUT, CELL)#
#2026 07 16 07:49:36.258#Z#DEBUG#a9262da0-80ea-11f1-b4c6-eeee0a8be332.Inventory-assistant-srv#flowable-async-job-executor-thread-42573#
[PollStartAppStatusExecution] 55452eb1-268d-4f32-9a08-a67bae3cbd50 [2026-07-16T07:49:28.643719] Security group rules were updated (STDOUT, CELL)#
#2026 07 16 07:49:36.258#Z#DEBUG#a9262da0-80ea-11f1-b4c6-eeee0a8be332.Inventory-assistant-srv#flowable-async-job-executor-thread-42573#
[PollStartAppStatusExecution] 55452eb1-268d-4f32-9a08-a67bae3cbd50 [2026-07-16T07:49:28.747121] Cell 77283d80-dfa7-40ba-ba4e-265aef112085 successfully created container for instance a92d622f-ebc3-4236-6979-30f0 (STDOUT, CELL)#
#2026 07 16 07:49:36.258#Z#DEBUG#a9262da0-80ea-11f1-b4c6-eeee0a8be332.Inventory-assistant-srv#flowable-async-job-executor-thread-42573#
[PollStartAppStatusExecution] 55452eb1-268d-4f32-9a08-a67bae3cbd50 [2026-07-16T07:49:29.408456] Cell 684caff8-89cd-492b-be01-b3d0835f1763 successfully destroyed container for instance 3c6740da-5140-4a19-b0e6-9cab46d6b43f (STDOUT, STG)#
#2026 07 16 07:49:36.258#Z#DEBUG#a9262da0-80ea-11f1-b4c6-eeee0a8be332.Inventory-assistant-srv#flowable-async-job-executor-thread-42573#
[PollStartAppStatusExecution] 55452eb1-268d-4f32-9a08-a67bae3cbd50 [2026-07-16T07:49:29.552828] Downloading droplet... (STDOUT, CELL)#
#2026 07 16 07:49:36.258#Z#DEBUG#a9262da0-80ea-11f1-b4c6-eeee0a8be332.Inventory-assistant-srv#flowable-async-job-executor-thread-42573#
[PollStartAppStatusExecution] 55452eb1-268d-4f32-9a08-a67bae3cbd50 [2026-07-16T07:49:34.027229] Downloaded droplet (61.4M) (STDOUT, CELL)#
#2026 07 16 07:49:36.258#Z#DEBUG#a9262da0-80ea-11f1-b4c6-eeee0a8be332.Inventory-assistant-srv#flowable-async-job-executor-thread-42573#
[PollStartAppStatusExecution] 55452eb1-268d-4f32-9a08-a67bae3cbd50 [2026-07-16T07:49:34.027709] Starting health monitoring of container (STDOUT, CELL)#
#2026 07 16 07:49:36.258#Z#DEBUG#a9262da0-80ea-11f1-b4c6-eeee0a8be332.Inventory-assistant-srv#flowable-async-job-executor-thread-42573#
[PollStartAppStatusExecution] 55452eb1-268d-4f32-9a08-a67bae3cbd50 [2026-07-16T07:49:34.165932] Invoking pre-start scripts. (STDOUT, APP/PROC/WEB)#
#2026 07 16 07:49:36.258#Z#DEBUG#a9262da0-80ea-11f1-b4c6-eeee0a8be332.Inventory-assistant-srv#flowable-async-job-executor-thread-42573#
[PollStartAppStatusExecution] 55452eb1-268d-4f32-9a08-a67bae3cbd50 [2026-07-16T07:49:34.421266] Invoking start command. (STDOUT, APP/PROC/WEB)#
#2026 07 16 07:49:36.258#Z#DEBUG#a9262da0-80ea-11f1-b4c6-eeee0a8be332.Inventory-assistant-srv#flowable-async-job-executor-thread-42573#
[PollStartAppStatusExecution] 55452eb1-268d-4f32-9a08-a67bae3cbd50 [2026-07-16T07:49:34.907028] > Inventory-assistant@1.0.0 start (STDOUT, APP/PROC/WEB)#
#2026 07 16 07:49:36.258#Z#DEBUG#a9262da0-80ea-11f1-b4c6-eeee0a8be332.Inventory-assistant-srv#flowable-async-job-executor-thread-42573#
[PollStartAppStatusExecution] 55452eb1-268d-4f32-9a08-a67bae3cbd50 [2026-07-16T07:49:34.907060] > cds-serve (STDOUT, APP/PROC/WEB)#
#2026 07 16 07:49:36.258#Z#DEBUG#a9262da0-80ea-11f1-b4c6-eeee0a8be332.Inventory-assistant-srv#flowable-async-job-executor-thread-42573#
[PollStartAppStatusExecution] 55452eb1-268d-4f32-9a08-a67bae3cbd50 [2026-07-16T07:49:35.429036] {"level":"info","logger":"cds","timestamp":"2026-07-16T07:49:35.427Z","layer":"cds","component_type":"application","container_id":"10.32.3.6","component_id":"55452eb1-268d-4f32-9a08-a67bae3cbd50","component_name":"Inventory-assistant-srv","component_instance":0,"source_instance":0,"organization_name":"b6bbf2b9trial","organization_id":"21d35fcb-97d5-491b-8035-d8ae87309fad","space_name":"dev","space_id":"d36d3dbf-9d83-4ee0-8d50-d5ad45be3f2a","msg":"loaded model from 1 file(s):\n ","type":"log"} (STDOUT, APP/PROC/WEB)#
#2026 07 16 07:49:36.258#Z#DEBUG#a9262da0-80ea-11f1-b4c6-eeee0a8be332.Inventory-assistant-srv#flowable-async-job-executor-thread-42573#
[PollStartAppStatusExecution] 55452eb1-268d-4f32-9a08-a67bae3cbd50 [2026-07-16T07:49:35.429642] srv/csn.json (STDOUT, APP/PROC/WEB)#
#2026 07 16 07:49:36.258#Z#DEBUG#a9262da0-80ea-11f1-b4c6-eeee0a8be332.Inventory-assistant-srv#flowable-async-job-executor-thread-42573#
[PollStartAppStatusExecution] 55452eb1-268d-4f32-9a08-a67bae3cbd50 [2026-07-16T07:49:35.797654] {"level":"info","logger":"cds","timestamp":"2026-07-16T07:49:35.796Z","layer":"cds","component_type":"application","container_id":"10.32.3.6","component_id":"55452eb1-268d-4f32-9a08-a67bae3cbd50","component_name":"Inventory-assistant-srv","component_instance":0,"source_instance":0,"organization_name":"b6bbf2b9trial","organization_id":"21d35fcb-97d5-491b-8035-d8ae87309fad","space_name":"dev","space_id":"d36d3dbf-9d83-4ee0-8d50-d5ad45be3f2a","msg":"connect to db > hana {\n  database_id: 'f16fafbb-8883-48e8-ac75-e3a0096403de',\n  host: 'f16fafbb-8883-48e8-ac75-e3a0096403de.hna1.prod-us10.hanacloud.ondemand.com',\n  port: '443',\n  driver: 'com.sap.db.jdbc.Driver',\n  url: 'jdbc:sap://f16fafbb-8883-48e8-ac75-e3a0096403de.hna1.prod-us10.hanacloud.ondemand.com:443?encrypt=true&validateCertificate=true&currentschema=A92839A15A284357B6CC9CCA9CED9FCC',\n  schema: 'A92839A15A284357B6CC9CCA9CED9FCC',\n  certificate: '...',\n  hdi_user: 'A92839A15A284357B6CC9CCA9CED9FCC_3BGUWZJA5QHZKLX1Z7LR1MD8K_DT',\n  hdi_password: '...',\n  user: 'A92839A15A284357B6CC9CCA9CED9FCC_3BGUWZJA5QHZKLX1Z7LR1MD8K_RT',\n  password: '...'\n}","type":"log"} (STDOUT, APP/PROC/WEB)#
#2026 07 16 07:49:46.803#Z#DEBUG#a9262da0-80ea-11f1-b4c6-eeee0a8be332.Inventory-assistant-srv#flowable-async-job-executor-thread-42581#
[PollStartAppStatusExecution] 55452eb1-268d-4f32-9a08-a67bae3cbd50 [2026-07-16T07:49:36.113468] {"level":"info","logger":"cds","timestamp":"2026-07-16T07:49:36.112Z","layer":"cds","component_type":"application","container_id":"10.32.3.6","component_id":"55452eb1-268d-4f32-9a08-a67bae3cbd50","component_name":"Inventory-assistant-srv","component_instance":0,"source_instance":0,"organization_name":"b6bbf2b9trial","organization_id":"21d35fcb-97d5-491b-8035-d8ae87309fad","space_name":"dev","space_id":"d36d3dbf-9d83-4ee0-8d50-d5ad45be3f2a","msg":"connect to ZAPI_MATERIAL_STOCK_SRV1 > odata-v2 {\n  destination: 's3d-destination',\n  path: '/sap/opu/odata/sap/API_MATERIAL_STOCK_SRV'\n}","type":"log"} (STDOUT, APP/PROC/WEB)#
#2026 07 16 07:49:46.803#Z#DEBUG#a9262da0-80ea-11f1-b4c6-eeee0a8be332.Inventory-assistant-srv#flowable-async-job-executor-thread-42581#
[PollStartAppStatusExecution] 55452eb1-268d-4f32-9a08-a67bae3cbd50 [2026-07-16T07:49:36.113571] {"level":"info","logger":"cds","timestamp":"2026-07-16T07:49:36.113Z","layer":"cds","component_type":"application","container_id":"10.32.3.6","component_id":"55452eb1-268d-4f32-9a08-a67bae3cbd50","component_name":"Inventory-assistant-srv","component_instance":0,"source_instance":0,"organization_name":"b6bbf2b9trial","organization_id":"21d35fcb-97d5-491b-8035-d8ae87309fad","space_name":"dev","space_id":"d36d3dbf-9d83-4ee0-8d50-d5ad45be3f2a","msg":"connect to ZAPI_OUTBOUND_DELIVERY_SRV1 > odata-v2 {\n  destination: 's3d-destination',\n  path: '/sap/opu/odata/sap/API_OUTBOUND_DELIVERY_SRV'\n}","type":"log"} (STDOUT, APP/PROC/WEB)#
#2026 07 16 07:49:46.803#Z#DEBUG#a9262da0-80ea-11f1-b4c6-eeee0a8be332.Inventory-assistant-srv#flowable-async-job-executor-thread-42581#
[PollStartAppStatusExecution] 55452eb1-268d-4f32-9a08-a67bae3cbd50 [2026-07-16T07:49:36.113803] {"level":"info","logger":"cds","timestamp":"2026-07-16T07:49:36.113Z","layer":"cds","component_type":"application","container_id":"10.32.3.6","component_id":"55452eb1-268d-4f32-9a08-a67bae3cbd50","component_name":"Inventory-assistant-srv","component_instance":0,"source_instance":0,"organization_name":"b6bbf2b9trial","organization_id":"21d35fcb-97d5-491b-8035-d8ae87309fad","space_name":"dev","space_id":"d36d3dbf-9d83-4ee0-8d50-d5ad45be3f2a","msg":"connect to ZAPI_RESERVATION_DOCUMENT_SRV1 > odata-v2 {\n  destination: 's3d-destination',\n  path: '/sap/opu/odata/sap/API_RESERVATION_DOCUMENT_SRV'\n}","type":"log"} (STDOUT, APP/PROC/WEB)#
#2026 07 16 07:49:46.803#Z#DEBUG#a9262da0-80ea-11f1-b4c6-eeee0a8be332.Inventory-assistant-srv#flowable-async-job-executor-thread-42581#
[PollStartAppStatusExecution] 55452eb1-268d-4f32-9a08-a67bae3cbd50 [2026-07-16T07:49:36.113949] {"level":"info","logger":"cds","timestamp":"2026-07-16T07:49:36.113Z","layer":"cds","component_type":"application","container_id":"10.32.3.6","component_id":"55452eb1-268d-4f32-9a08-a67bae3cbd50","component_name":"Inventory-assistant-srv","component_instance":0,"source_instance":0,"organization_name":"b6bbf2b9trial","organization_id":"21d35fcb-97d5-491b-8035-d8ae87309fad","space_name":"dev","space_id":"d36d3dbf-9d83-4ee0-8d50-d5ad45be3f2a","msg":"connect to ZBA_SALESORDER_ITEM_SRV1 > odata-v2 {\n  destination: 's3d-destination',\n  path: '/sap/opu/odata/sap/ZBA_SALESORDER_ITEM_SRV'\n}","type":"log"} (STDOUT, APP/PROC/WEB)#
#2026 07 16 07:49:46.803#Z#DEBUG#a9262da0-80ea-11f1-b4c6-eeee0a8be332.Inventory-assistant-srv#flowable-async-job-executor-thread-42581#
[PollStartAppStatusExecution] 55452eb1-268d-4f32-9a08-a67bae3cbd50 [2026-07-16T07:49:36.141955] {"date":"Thu Jul 16 2026 07:49:36 GMT+0000 (Coordinated Universal Time)","error":{},"exception":true,"level":"error","logger":"sap-cloud-sdk-logger","message":"uncaughtException: Didn't find a configuration for 'cds.requires.API_SALES_ORDER_SRV' in /home/vcap/app\nError: Didn't find a configuration for 'cds.requires.API_SALES_ORDER_SRV' in /home/vcap/app\n    at options4 (/home/vcap/app/node_modules/@sap/cds/lib/srv/cds-connect.js:63:50)\n    at /home/vcap/app/node_modules/@sap/cds/lib/srv/cds-connect.js:33:48\n    at connect.to (/home/vcap/app/node_modules/@sap/cds/lib/srv/cds-connect.js:51:5)\n    at ApplicationService.<anonymous> (/home/vcap/app/srv/service.js:12:45)\n    at exports.init (/home/vcap/app/node_modules/@sap/cds/lib/srv/factory.js:75:16)\n    at async Promise.all (index 4)\n    at async _cds_serve (/home/vcap/app/node_modules/@sap/cds/lib/srv/cds-serve.js:32:16)\n    at async cds_server (/home/vcap/app/node_modules/@sap/cds/server.js:61:3)\n    at async serve (/home/vcap/app/node_modules/@sap/cds/bin/serve.js:207:18)","msg":"Error: Didn't find a configuration for 'cds.requires.API_SALES_ORDER_SRV' in /home/vcap/app\n    at options4 (/home/vcap/app/node_modules/@sap/cds/lib/srv/cds-connect.js:63:50)\n    at /home/vcap/app/node_modules/@sap/cds/lib/srv/cds-connect.js:33:48\n    at connect.to (/home/vcap/app/node_modules/@sap/cds/lib/srv/cds-connect.js:51:5)\n    at ApplicationService.<anonymous> (/home/vcap/app/srv/service.js:12:45)\n    at exports.init (/home/vcap/app/node_modules/@sap/cds/lib/srv/factory.js:75:16)\n    at async Promise.all (index 4)\n    at async _cds_serve (/home/vcap/app/node_modules/@sap/cds/lib/srv/cds-serve.js:32:16)\n    at async cds_server (/home/vcap/app/node_modules/@sap/cds/server.js:61:3)\n    at async serve (/home/vcap/app/node_modules/@sap/cds/bin/serve.js:207:18)","os":{"loadavg":[189.78,191.72,195.1],"uptime":671341.46},"process":{"argv":["/home/vcap/deps/0/node/bin/node","/home/vcap/app/node_modules/.bin/cds-serve"],"cwd":"/home/vcap/app","execPath":"/home/vcap/deps/0/node/bin/node","gid":2000,"memoryUsage":{"arrayBuffers":471914,"external":5310831,"heapTotal":67624960,"heapUsed":43271896,"rss":139304960},"pid":224,"uid":2000,"version":"v24.15.0"},"stack":"Error: Didn't find a configuration for 'cds.requires.API_SALES_ORDER_SRV' in /home/vcap/app\n    at options4 (/home/vcap/app/node_modules/@sap/cds/lib/srv/cds-connect.js:63:50)\n    at /home/vcap/app/node_modules/@sap/cds/lib/srv/cds-connect.js:33:48\n    at connect.to (/home/vcap/app/node_modules/@sap/cds/lib/srv/cds-connect.js:51:5)\n    at ApplicationService.<anonymous> (/home/vcap/app/srv/service.js:12:45)\n    at exports.init (/home/vcap/app/node_modules/@sap/cds/lib/srv/factory.js:75:16)\n    at async Promise.all (index 4)\n    at async _cds_serve (/home/vcap/app/node_modules/@sap/cds/lib/srv/cds-serve.js:32:16)\n    at async cds_server (/home/vcap/app/node_modules/@sap/cds/server.js:61:3)\n    at async serve (/home/vcap/app/node_modules/@sap/cds/bin/serve.js:207:18)","test":"exception","timestamp":"2026-07-16T07:49:36.140Z","trace":[{"column":50,"file":"/home/vcap/app/node_modules/@sap/cds/lib/srv/cds-connect.js","function":"options4","line":63,"method":null,"native":false},{"column":48,"file":"/home/vcap/app/node_modules/@sap/cds/lib/srv/cds-connect.js","function":null,"line":33,"method":null,"native":false},{"column":5,"file":"/home/vcap/app/node_modules/@sap/cds/lib/srv/cds-connect.js","function":"connect.to","line":51,"method":"to","native":false},{"column":45,"file":"/home/vcap/app/srv/service.js","function":null,"line":12,"method":null,"native":false},{"column":16,"file":"/home/vcap/app/node_modules/@sap/cds/lib/srv/factory.js","function":"exports.init","line":75,"method":"init","native":false},{"column":null,"file":null,"function":"async Promise.all","line":null,"method":"all","native":false},{"column":16,"file":"/home/vcap/app/node_modules/@sap/cds/lib/srv/cds-serve.js","function":"async _cds_serve","line":32,"method":null,"native":false},{"column":3,"file":"/home/vcap/app/node_modules/@sap/cds/server.js","function":"async cds_server","line":61,"method":null,"native":false},{"column":18,"file":"/home/vcap/app/node_modules/@sap/cds/bin/serve.js","function":"async serve","line":207,"method":null,"native":false}],"written_at":"2026-07-16T07:49:36.140Z","written_ts":1784188176140} (STDOUT, APP/PROC/WEB)#
#2026 07 16 07:49:46.803#Z#DEBUG#a9262da0-80ea-11f1-b4c6-eeee0a8be332.Inventory-assistant-srv#flowable-async-job-executor-thread-42581#
[PollStartAppStatusExecution] 55452eb1-268d-4f32-9a08-a67bae3cbd50 [2026-07-16T07:49:39.171757] npm notice (STDERR, APP/PROC/WEB)#
#2026 07 16 07:49:46.803#Z#DEBUG#a9262da0-80ea-11f1-b4c6-eeee0a8be332.Inventory-assistant-srv#flowable-async-job-executor-thread-42581#
[PollStartAppStatusExecution] 55452eb1-268d-4f32-9a08-a67bae3cbd50 [2026-07-16T07:49:39.171804] npm notice New major version of npm available! 11.12.1 -> 12.0.1 (STDERR, APP/PROC/WEB)#
#2026 07 16 07:49:46.803#Z#DEBUG#a9262da0-80ea-11f1-b4c6-eeee0a8be332.Inventory-assistant-srv#flowable-async-job-executor-thread-42581#
[PollStartAppStatusExecution] 55452eb1-268d-4f32-9a08-a67bae3cbd50 [2026-07-16T07:49:39.171813] npm notice Changelog: https://github.com/npm/cli/releases/tag/v12.0.1 (STDERR, APP/PROC/WEB)#
#2026 07 16 07:49:46.803#Z#DEBUG#a9262da0-80ea-11f1-b4c6-eeee0a8be332.Inventory-assistant-srv#flowable-async-job-executor-thread-42581#
[PollStartAppStatusExecution] 55452eb1-268d-4f32-9a08-a67bae3cbd50 [2026-07-16T07:49:39.171816] npm notice To update run: npm install -g npm@12.0.1 (STDERR, APP/PROC/WEB)#
#2026 07 16 07:49:46.803#Z#DEBUG#a9262da0-80ea-11f1-b4c6-eeee0a8be332.Inventory-assistant-srv#flowable-async-job-executor-thread-42581#
[PollStartAppStatusExecution] 55452eb1-268d-4f32-9a08-a67bae3cbd50 [2026-07-16T07:49:39.171820] npm notice (STDERR, APP/PROC/WEB)#
#2026 07 16 07:49:46.803#Z#DEBUG#a9262da0-80ea-11f1-b4c6-eeee0a8be332.Inventory-assistant-srv#flowable-async-job-executor-thread-42581#
[PollStartAppStatusExecution] 55452eb1-268d-4f32-9a08-a67bae3cbd50 [2026-07-16T07:49:39.530203] Exit status 1 (STDOUT, APP/PROC/WEB)#
#2026 07 16 07:49:46.803#Z#DEBUG#a9262da0-80ea-11f1-b4c6-eeee0a8be332.Inventory-assistant-srv#flowable-async-job-executor-thread-42581#
[PollStartAppStatusExecution] 55452eb1-268d-4f32-9a08-a67bae3cbd50 [2026-07-16T07:49:46.185609] Cell 77283d80-dfa7-40ba-ba4e-265aef112085 stopping instance a92d622f-ebc3-4236-6979-30f0 (STDOUT, CELL)#
#2026 07 16 07:49:46.803#Z#DEBUG#a9262da0-80ea-11f1-b4c6-eeee0a8be332.Inventory-assistant-srv#flowable-async-job-executor-thread-42581#
[PollStartAppStatusExecution] 55452eb1-268d-4f32-9a08-a67bae3cbd50 [2026-07-16T07:49:46.185660] Cell 77283d80-dfa7-40ba-ba4e-265aef112085 destroying container for instance a92d622f-ebc3-4236-6979-30f0 (STDOUT, CELL)#
#2026 07 16 07:49:46.803#Z#DEBUG#a9262da0-80ea-11f1-b4c6-eeee0a8be332.Inventory-assistant-srv#flowable-async-job-executor-thread-42581#
[PollStartAppStatusExecution] 55452eb1-268d-4f32-9a08-a67bae3cbd50 [2026-07-16T07:49:46.190638] Process has crashed with type: "web" (STDOUT, API)#
#2026 07 16 07:49:46.803#Z#DEBUG#a9262da0-80ea-11f1-b4c6-eeee0a8be332.Inventory-assistant-srv#flowable-async-job-executor-thread-42581#
[PollStartAppStatusExecution] 55452eb1-268d-4f32-9a08-a67bae3cbd50 [2026-07-16T07:49:46.204182] App instance exited with guid 55452eb1-268d-4f32-9a08-a67bae3cbd50 payload: {"instance"=>"a92d622f-ebc3-4236-6979-30f0", "index"=>0, "cell_id"=>"77283d80-dfa7-40ba-ba4e-265aef112085", "reason"=>"CRASHED", "exit_description"=>"APP/PROC/WEB: Exited with status 1", "crash_count"=>1, "crash_timestamp"=>1784188186169212414, "version"=>"ef1c84cf-75e1-46a7-acbd-3e6e49546665"} (STDOUT, API)#
#2026 07 16 07:49:46.803#Z#DEBUG#a9262da0-80ea-11f1-b4c6-eeee0a8be332.Inventory-assistant-srv#flowable-async-job-executor-thread-42581#
[PollStartAppStatusExecution] 55452eb1-268d-4f32-9a08-a67bae3cbd50 [2026-07-16T07:49:46.313093] Cell c839c7b1-088e-41af-b9b7-66256aacd457 creating container for instance 096b95c5-1dba-4dea-676d-b4e8 (STDOUT, CELL)#
#2026 07 16 07:49:46.803#Z#DEBUG#a9262da0-80ea-11f1-b4c6-eeee0a8be332.Inventory-assistant-srv#flowable-async-job-executor-thread-42581#
[PollStartAppStatusExecution] 55452eb1-268d-4f32-9a08-a67bae3cbd50 [2026-07-16T07:49:46.421004] Exit status 137 (STDOUT, PROXY)#
#2026 07 16 07:49:57.274#Z#DEBUG#a9262da0-80ea-11f1-b4c6-eeee0a8be332.Inventory-assistant-srv#flowable-async-job-executor-thread-42599#
[PollStartAppStatusExecution] 55452eb1-268d-4f32-9a08-a67bae3cbd50 [2026-07-16T07:49:47.333011] Security group rules were updated (STDOUT, CELL)#
#2026 07 16 07:49:57.274#Z#DEBUG#a9262da0-80ea-11f1-b4c6-eeee0a8be332.Inventory-assistant-srv#flowable-async-job-executor-thread-42599#
[PollStartAppStatusExecution] 55452eb1-268d-4f32-9a08-a67bae3cbd50 [2026-07-16T07:49:47.452278] Cell c839c7b1-088e-41af-b9b7-66256aacd457 successfully created container for instance 096b95c5-1dba-4dea-676d-b4e8 (STDOUT, CELL)#
#2026 07 16 07:49:57.274#Z#DEBUG#a9262da0-80ea-11f1-b4c6-eeee0a8be332.Inventory-assistant-srv#flowable-async-job-executor-thread-42599#
[PollStartAppStatusExecution] 55452eb1-268d-4f32-9a08-a67bae3cbd50 [2026-07-16T07:49:48.504139] Downloading droplet... (STDOUT, CELL)#
#2026 07 16 07:49:57.274#Z#DEBUG#a9262da0-80ea-11f1-b4c6-eeee0a8be332.Inventory-assistant-srv#flowable-async-job-executor-thread-42599#
[PollStartAppStatusExecution] 55452eb1-268d-4f32-9a08-a67bae3cbd50 [2026-07-16T07:49:48.733422] Cell 77283d80-dfa7-40ba-ba4e-265aef112085 successfully destroyed container for instance a92d622f-ebc3-4236-6979-30f0 (STDOUT, CELL)#
#2026 07 16 07:49:57.274#Z#DEBUG#a9262da0-80ea-11f1-b4c6-eeee0a8be332.Inventory-assistant-srv#flowable-async-job-executor-thread-42599#
[PollStartAppStatusExecution] 55452eb1-268d-4f32-9a08-a67bae3cbd50 [2026-07-16T07:49:53.543560] Downloaded droplet (61.4M) (STDOUT, CELL)#
#2026 07 16 07:49:57.274#Z#DEBUG#a9262da0-80ea-11f1-b4c6-eeee0a8be332.Inventory-assistant-srv#flowable-async-job-executor-thread-42599#
[PollStartAppStatusExecution] 55452eb1-268d-4f32-9a08-a67bae3cbd50 [2026-07-16T07:49:53.543766] Starting health monitoring of container (STDOUT, CELL)#
#2026 07 16 07:49:57.274#Z#DEBUG#a9262da0-80ea-11f1-b4c6-eeee0a8be332.Inventory-assistant-srv#flowable-async-job-executor-thread-42599#
[PollStartAppStatusExecution] 55452eb1-268d-4f32-9a08-a67bae3cbd50 [2026-07-16T07:49:53.681162] Invoking pre-start scripts. (STDOUT, APP/PROC/WEB)#
#2026 07 16 07:49:57.274#Z#DEBUG#a9262da0-80ea-11f1-b4c6-eeee0a8be332.Inventory-assistant-srv#flowable-async-job-executor-thread-42599#
[PollStartAppStatusExecution] 55452eb1-268d-4f32-9a08-a67bae3cbd50 [2026-07-16T07:49:53.925967] Invoking start command. (STDOUT, APP/PROC/WEB)#
#2026 07 16 07:49:57.274#Z#DEBUG#a9262da0-80ea-11f1-b4c6-eeee0a8be332.Inventory-assistant-srv#flowable-async-job-executor-thread-42599#
[PollStartAppStatusExecution] 55452eb1-268d-4f32-9a08-a67bae3cbd50 [2026-07-16T07:49:54.411791] > Inventory-assistant@1.0.0 start (STDOUT, APP/PROC/WEB)#
#2026 07 16 07:49:57.274#Z#DEBUG#a9262da0-80ea-11f1-b4c6-eeee0a8be332.Inventory-assistant-srv#flowable-async-job-executor-thread-42599#
[PollStartAppStatusExecution] 55452eb1-268d-4f32-9a08-a67bae3cbd50 [2026-07-16T07:49:54.411826] > cds-serve (STDOUT, APP/PROC/WEB)#
#2026 07 16 07:49:57.274#Z#DEBUG#a9262da0-80ea-11f1-b4c6-eeee0a8be332.Inventory-assistant-srv#flowable-async-job-executor-thread-42599#
[PollStartAppStatusExecution] 55452eb1-268d-4f32-9a08-a67bae3cbd50 [2026-07-16T07:49:55.107750] {"level":"info","logger":"cds","timestamp":"2026-07-16T07:49:55.105Z","layer":"cds","component_type":"application","container_id":"10.32.2.6","component_id":"55452eb1-268d-4f32-9a08-a67bae3cbd50","component_name":"Inventory-assistant-srv","component_instance":0,"source_instance":0,"organization_name":"b6bbf2b9trial","organization_id":"21d35fcb-97d5-491b-8035-d8ae87309fad","space_name":"dev","space_id":"d36d3dbf-9d83-4ee0-8d50-d5ad45be3f2a","msg":"loaded model from 1 file(s):\n ","type":"log"} (STDOUT, APP/PROC/WEB)#
#2026 07 16 07:49:57.274#Z#DEBUG#a9262da0-80ea-11f1-b4c6-eeee0a8be332.Inventory-assistant-srv#flowable-async-job-executor-thread-42599#
[PollStartAppStatusExecution] 55452eb1-268d-4f32-9a08-a67bae3cbd50 [2026-07-16T07:49:55.108978] srv/csn.json (STDOUT, APP/PROC/WEB)#
#2026 07 16 07:49:57.274#Z#DEBUG#a9262da0-80ea-11f1-b4c6-eeee0a8be332.Inventory-assistant-srv#flowable-async-job-executor-thread-42599#
[PollStartAppStatusExecution] 55452eb1-268d-4f32-9a08-a67bae3cbd50 [2026-07-16T07:49:55.610484] {"level":"info","logger":"cds","timestamp":"2026-07-16T07:49:55.609Z","layer":"cds","component_type":"application","container_id":"10.32.2.6","component_id":"55452eb1-268d-4f32-9a08-a67bae3cbd50","component_name":"Inventory-assistant-srv","component_instance":0,"source_instance":0,"organization_name":"b6bbf2b9trial","organization_id":"21d35fcb-97d5-491b-8035-d8ae87309fad","space_name":"dev","space_id":"d36d3dbf-9d83-4ee0-8d50-d5ad45be3f2a","msg":"connect to db > hana {\n  database_id: 'f16fafbb-8883-48e8-ac75-e3a0096403de',\n  host: 'f16fafbb-8883-48e8-ac75-e3a0096403de.hna1.prod-us10.hanacloud.ondemand.com',\n  port: '443',\n  driver: 'com.sap.db.jdbc.Driver',\n  url: 'jdbc:sap://f16fafbb-8883-48e8-ac75-e3a0096403de.hna1.prod-us10.hanacloud.ondemand.com:443?encrypt=true&validateCertificate=true&currentschema=A92839A15A284357B6CC9CCA9CED9FCC',\n  schema: 'A92839A15A284357B6CC9CCA9CED9FCC',\n  certificate: '...',\n  hdi_user: 'A92839A15A284357B6CC9CCA9CED9FCC_3BGUWZJA5QHZKLX1Z7LR1MD8K_DT',\n  hdi_password: '...',\n  user: 'A92839A15A284357B6CC9CCA9CED9FCC_3BGUWZJA5QHZKLX1Z7LR1MD8K_RT',\n  password: '...'\n}","type":"log"} (STDOUT, APP/PROC/WEB)#
#2026 07 16 07:49:57.274#Z#DEBUG#a9262da0-80ea-11f1-b4c6-eeee0a8be332.Inventory-assistant-srv#flowable-async-job-executor-thread-42599#
[PollStartAppStatusExecution] 55452eb1-268d-4f32-9a08-a67bae3cbd50 [2026-07-16T07:49:56.009843] {"level":"info","logger":"cds","timestamp":"2026-07-16T07:49:56.008Z","layer":"cds","component_type":"application","container_id":"10.32.2.6","component_id":"55452eb1-268d-4f32-9a08-a67bae3cbd50","component_name":"Inventory-assistant-srv","component_instance":0,"source_instance":0,"organization_name":"b6bbf2b9trial","organization_id":"21d35fcb-97d5-491b-8035-d8ae87309fad","space_name":"dev","space_id":"d36d3dbf-9d83-4ee0-8d50-d5ad45be3f2a","msg":"connect to ZAPI_MATERIAL_STOCK_SRV1 > odata-v2 {\n  destination: 's3d-destination',\n  path: '/sap/opu/odata/sap/API_MATERIAL_STOCK_SRV'\n}","type":"log"} (STDOUT, APP/PROC/WEB)#
#2026 07 16 07:49:57.274#Z#DEBUG#a9262da0-80ea-11f1-b4c6-eeee0a8be332.Inventory-assistant-srv#flowable-async-job-executor-thread-42599#
[PollStartAppStatusExecution] 55452eb1-268d-4f32-9a08-a67bae3cbd50 [2026-07-16T07:49:56.009909] {"level":"info","logger":"cds","timestamp":"2026-07-16T07:49:56.009Z","layer":"cds","component_type":"application","container_id":"10.32.2.6","component_id":"55452eb1-268d-4f32-9a08-a67bae3cbd50","component_name":"Inventory-assistant-srv","component_instance":0,"source_instance":0,"organization_name":"b6bbf2b9trial","organization_id":"21d35fcb-97d5-491b-8035-d8ae87309fad","space_name":"dev","space_id":"d36d3dbf-9d83-4ee0-8d50-d5ad45be3f2a","msg":"connect to ZAPI_OUTBOUND_DELIVERY_SRV1 > odata-v2 {\n  destination: 's3d-destination',\n  path: '/sap/opu/odata/sap/API_OUTBOUND_DELIVERY_SRV'\n}","type":"log"} (STDOUT, APP/PROC/WEB)#
#2026 07 16 07:49:57.274#Z#DEBUG#a9262da0-80ea-11f1-b4c6-eeee0a8be332.Inventory-assistant-srv#flowable-async-job-executor-thread-42599#
[PollStartAppStatusExecution] 55452eb1-268d-4f32-9a08-a67bae3cbd50 [2026-07-16T07:49:56.010397] {"level":"info","logger":"cds","timestamp":"2026-07-16T07:49:56.009Z","layer":"cds","component_type":"application","container_id":"10.32.2.6","component_id":"55452eb1-268d-4f32-9a08-a67bae3cbd50","component_name":"Inventory-assistant-srv","component_instance":0,"source_instance":0,"organization_name":"b6bbf2b9trial","organization_id":"21d35fcb-97d5-491b-8035-d8ae87309fad","space_name":"dev","space_id":"d36d3dbf-9d83-4ee0-8d50-d5ad45be3f2a","msg":"connect to ZAPI_RESERVATION_DOCUMENT_SRV1 > odata-v2 {\n  destination: 's3d-destination',\n  path: '/sap/opu/odata/sap/API_RESERVATION_DOCUMENT_SRV'\n}","type":"log"} (STDOUT, APP/PROC/WEB)#
#2026 07 16 07:49:57.274#Z#DEBUG#a9262da0-80ea-11f1-b4c6-eeee0a8be332.Inventory-assistant-srv#flowable-async-job-executor-thread-42599#
[PollStartAppStatusExecution] 55452eb1-268d-4f32-9a08-a67bae3cbd50 [2026-07-16T07:49:56.010569] {"level":"info","logger":"cds","timestamp":"2026-07-16T07:49:56.010Z","layer":"cds","component_type":"application","container_id":"10.32.2.6","component_id":"55452eb1-268d-4f32-9a08-a67bae3cbd50","component_name":"Inventory-assistant-srv","component_instance":0,"source_instance":0,"organization_name":"b6bbf2b9trial","organization_id":"21d35fcb-97d5-491b-8035-d8ae87309fad","space_name":"dev","space_id":"d36d3dbf-9d83-4ee0-8d50-d5ad45be3f2a","msg":"connect to ZBA_SALESORDER_ITEM_SRV1 > odata-v2 {\n  destination: 's3d-destination',\n  path: '/sap/opu/odata/sap/ZBA_SALESORDER_ITEM_SRV'\n}","type":"log"} (STDOUT, APP/PROC/WEB)#
#2026 07 16 07:49:57.274#Z#DEBUG#a9262da0-80ea-11f1-b4c6-eeee0a8be332.Inventory-assistant-srv#flowable-async-job-executor-thread-42599#
[PollStartAppStatusExecution] 55452eb1-268d-4f32-9a08-a67bae3cbd50 [2026-07-16T07:49:56.044955] {"date":"Thu Jul 16 2026 07:49:56 GMT+0000 (Coordinated Universal Time)","error":{},"exception":true,"level":"error","logger":"sap-cloud-sdk-logger","message":"uncaughtException: Didn't find a configuration for 'cds.requires.API_SALES_ORDER_SRV' in /home/vcap/app\nError: Didn't find a configuration for 'cds.requires.API_SALES_ORDER_SRV' in /home/vcap/app\n    at options4 (/home/vcap/app/node_modules/@sap/cds/lib/srv/cds-connect.js:63:50)\n    at /home/vcap/app/node_modules/@sap/cds/lib/srv/cds-connect.js:33:48\n    at connect.to (/home/vcap/app/node_modules/@sap/cds/lib/srv/cds-connect.js:51:5)\n    at ApplicationService.<anonymous> (/home/vcap/app/srv/service.js:12:45)\n    at exports.init (/home/vcap/app/node_modules/@sap/cds/lib/srv/factory.js:75:16)\n    at async Promise.all (index 4)\n    at async _cds_serve (/home/vcap/app/node_modules/@sap/cds/lib/srv/cds-serve.js:32:16)\n    at async cds_server (/home/vcap/app/node_modules/@sap/cds/server.js:61:3)\n    at async serve (/home/vcap/app/node_modules/@sap/cds/bin/serve.js:207:18)","msg":"Error: Didn't find a configuration for 'cds.requires.API_SALES_ORDER_SRV' in /home/vcap/app\n    at options4 (/home/vcap/app/node_modules/@sap/cds/lib/srv/cds-connect.js:63:50)\n    at /home/vcap/app/node_modules/@sap/cds/lib/srv/cds-connect.js:33:48\n    at connect.to (/home/vcap/app/node_modules/@sap/cds/lib/srv/cds-connect.js:51:5)\n    at ApplicationService.<anonymous> (/home/vcap/app/srv/service.js:12:45)\n    at exports.init (/home/vcap/app/node_modules/@sap/cds/lib/srv/factory.js:75:16)\n    at async Promise.all (index 4)\n    at async _cds_serve (/home/vcap/app/node_modules/@sap/cds/lib/srv/cds-serve.js:32:16)\n    at async cds_server (/home/vcap/app/node_modules/@sap/cds/server.js:61:3)\n    at async serve (/home/vcap/app/node_modules/@sap/cds/bin/serve.js:207:18)","os":{"loadavg":[321.8,312.37,311.42],"uptime":672357.36},"process":{"argv":["/home/vcap/deps/0/node/bin/node","/home/vcap/app/node_modules/.bin/cds-serve"],"cwd":"/home/vcap/app","execPath":"/home/vcap/deps/0/node/bin/node","gid":2000,"memoryUsage":{"arrayBuffers":471914,"external":5310831,"heapTotal":101179392,"heapUsed":41210176,"rss":139190272},"pid":224,"uid":2000,"version":"v24.15.0"},"stack":"Error: Didn't find a configuration for 'cds.requires.API_SALES_ORDER_SRV' in /home/vcap/app\n    at options4 (/home/vcap/app/node_modules/@sap/cds/lib/srv/cds-connect.js:63:50)\n    at /home/vcap/app/node_modules/@sap/cds/lib/srv/cds-connect.js:33:48\n    at connect.to (/home/vcap/app/node_modules/@sap/cds/lib/srv/cds-connect.js:51:5)\n    at ApplicationService.<anonymous> (/home/vcap/app/srv/service.js:12:45)\n    at exports.init (/home/vcap/app/node_modules/@sap/cds/lib/srv/factory.js:75:16)\n    at async Promise.all (index 4)\n    at async _cds_serve (/home/vcap/app/node_modules/@sap/cds/lib/srv/cds-serve.js:32:16)\n    at async cds_server (/home/vcap/app/node_modules/@sap/cds/server.js:61:3)\n    at async serve (/home/vcap/app/node_modules/@sap/cds/bin/serve.js:207:18)","test":"exception","timestamp":"2026-07-16T07:49:56.042Z","trace":[{"column":50,"file":"/home/vcap/app/node_modules/@sap/cds/lib/srv/cds-connect.js","function":"options4","line":63,"method":null,"native":false},{"column":48,"file":"/home/vcap/app/node_modules/@sap/cds/lib/srv/cds-connect.js","function":null,"line":33,"method":null,"native":false},{"column":5,"file":"/home/vcap/app/node_modules/@sap/cds/lib/srv/cds-connect.js","function":"connect.to","line":51,"method":"to","native":false},{"column":45,"file":"/home/vcap/app/srv/service.js","function":null,"line":12,"method":null,"native":false},{"column":16,"file":"/home/vcap/app/node_modules/@sap/cds/lib/srv/factory.js","function":"exports.init","line":75,"method":"init","native":false},{"column":null,"file":null,"function":"async Promise.all","line":null,"method":"all","native":false},{"column":16,"file":"/home/vcap/app/node_modules/@sap/cds/lib/srv/cds-serve.js","function":"async _cds_serve","line":32,"method":null,"native":false},{"column":3,"file":"/home/vcap/app/node_modules/@sap/cds/server.js","function":"async cds_server","line":61,"method":null,"native":false},{"column":18,"file":"/home/vcap/app/node_modules/@sap/cds/bin/serve.js","function":"async serve","line":207,"method":null,"native":false}],"written_at":"2026-07-16T07:49:56.042Z","written_ts":1784188196042} (STDOUT, APP/PROC/WEB)#
#2026 07 16 07:50:07.870#Z#DEBUG#a9262da0-80ea-11f1-b4c6-eeee0a8be332.Inventory-assistant-srv#flowable-async-job-executor-thread-42607#
[PollStartAppStatusExecution] 55452eb1-268d-4f32-9a08-a67bae3cbd50 [2026-07-16T07:49:59.076441] npm notice (STDERR, APP/PROC/WEB)#
#2026 07 16 07:50:07.870#Z#DEBUG#a9262da0-80ea-11f1-b4c6-eeee0a8be332.Inventory-assistant-srv#flowable-async-job-executor-thread-42607#
[PollStartAppStatusExecution] 55452eb1-268d-4f32-9a08-a67bae3cbd50 [2026-07-16T07:49:59.076475] npm notice New major version of npm available! 11.12.1 -> 12.0.1 (STDERR, APP/PROC/WEB)#
#2026 07 16 07:50:07.870#Z#DEBUG#a9262da0-80ea-11f1-b4c6-eeee0a8be332.Inventory-assistant-srv#flowable-async-job-executor-thread-42607#
[PollStartAppStatusExecution] 55452eb1-268d-4f32-9a08-a67bae3cbd50 [2026-07-16T07:49:59.076480] npm notice Changelog: https://github.com/npm/cli/releases/tag/v12.0.1 (STDERR, APP/PROC/WEB)#
#2026 07 16 07:50:07.870#Z#DEBUG#a9262da0-80ea-11f1-b4c6-eeee0a8be332.Inventory-assistant-srv#flowable-async-job-executor-thread-42607#
[PollStartAppStatusExecution] 55452eb1-268d-4f32-9a08-a67bae3cbd50 [2026-07-16T07:49:59.076483] npm notice To update run: npm install -g npm@12.0.1 (STDERR, APP/PROC/WEB)#
#2026 07 16 07:50:07.870#Z#DEBUG#a9262da0-80ea-11f1-b4c6-eeee0a8be332.Inventory-assistant-srv#flowable-async-job-executor-thread-42607#
[PollStartAppStatusExecution] 55452eb1-268d-4f32-9a08-a67bae3cbd50 [2026-07-16T07:49:59.076486] npm notice (STDERR, APP/PROC/WEB)#
#2026 07 16 07:50:07.870#Z#DEBUG#a9262da0-80ea-11f1-b4c6-eeee0a8be332.Inventory-assistant-srv#flowable-async-job-executor-thread-42607#
[PollStartAppStatusExecution] 55452eb1-268d-4f32-9a08-a67bae3cbd50 [2026-07-16T07:49:59.156275] Exit status 1 (STDOUT, APP/PROC/WEB)#
#2026 07 16 07:50:07.870#Z#DEBUG#a9262da0-80ea-11f1-b4c6-eeee0a8be332.Inventory-assistant-srv#flowable-async-job-executor-thread-42607#
[PollStartAppStatusExecution] 55452eb1-268d-4f32-9a08-a67bae3cbd50 [2026-07-16T07:50:05.172490] Cell c839c7b1-088e-41af-b9b7-66256aacd457 stopping instance 096b95c5-1dba-4dea-676d-b4e8 (STDOUT, CELL)#
#2026 07 16 07:50:07.870#Z#DEBUG#a9262da0-80ea-11f1-b4c6-eeee0a8be332.Inventory-assistant-srv#flowable-async-job-executor-thread-42607#
[PollStartAppStatusExecution] 55452eb1-268d-4f32-9a08-a67bae3cbd50 [2026-07-16T07:50:05.172536] Cell c839c7b1-088e-41af-b9b7-66256aacd457 destroying container for instance 096b95c5-1dba-4dea-676d-b4e8 (STDOUT, CELL)#
#2026 07 16 07:50:07.870#Z#DEBUG#a9262da0-80ea-11f1-b4c6-eeee0a8be332.Inventory-assistant-srv#flowable-async-job-executor-thread-42607#
[PollStartAppStatusExecution] 55452eb1-268d-4f32-9a08-a67bae3cbd50 [2026-07-16T07:50:05.179046] Process has crashed with type: "web" (STDOUT, API)#
#2026 07 16 07:50:07.870#Z#DEBUG#a9262da0-80ea-11f1-b4c6-eeee0a8be332.Inventory-assistant-srv#flowable-async-job-executor-thread-42607#
[PollStartAppStatusExecution] 55452eb1-268d-4f32-9a08-a67bae3cbd50 [2026-07-16T07:50:05.193517] App instance exited with guid 55452eb1-268d-4f32-9a08-a67bae3cbd50 payload: {"instance"=>"096b95c5-1dba-4dea-676d-b4e8", "index"=>0, "cell_id"=>"c839c7b1-088e-41af-b9b7-66256aacd457", "reason"=>"CRASHED", "exit_description"=>"APP/PROC/WEB: Exited with status 1", "crash_count"=>2, "crash_timestamp"=>1784188205154622320, "version"=>"ef1c84cf-75e1-46a7-acbd-3e6e49546665"} (STDOUT, API)#
#2026 07 16 07:50:07.870#Z#DEBUG#a9262da0-80ea-11f1-b4c6-eeee0a8be332.Inventory-assistant-srv#flowable-async-job-executor-thread-42607#
[PollStartAppStatusExecution] 55452eb1-268d-4f32-9a08-a67bae3cbd50 [2026-07-16T07:50:05.301710] Cell 684caff8-89cd-492b-be01-b3d0835f1763 creating container for instance 43713b98-af86-4e62-7721-ce6b (STDOUT, CELL)#
#2026 07 16 07:50:07.870#Z#DEBUG#a9262da0-80ea-11f1-b4c6-eeee0a8be332.Inventory-assistant-srv#flowable-async-job-executor-thread-42607#
[PollStartAppStatusExecution] 55452eb1-268d-4f32-9a08-a67bae3cbd50 [2026-07-16T07:50:06.337263] Security group rules were updated (STDOUT, CELL)#
#2026 07 16 07:50:07.870#Z#DEBUG#a9262da0-80ea-11f1-b4c6-eeee0a8be332.Inventory-assistant-srv#flowable-async-job-executor-thread-42607#
[PollStartAppStatusExecution] 55452eb1-268d-4f32-9a08-a67bae3cbd50 [2026-07-16T07:50:06.343734] Exit status 137 (STDOUT, PROXY)#
#2026 07 16 07:50:07.870#Z#DEBUG#a9262da0-80ea-11f1-b4c6-eeee0a8be332.Inventory-assistant-srv#flowable-async-job-executor-thread-42607#
[PollStartAppStatusExecution] 55452eb1-268d-4f32-9a08-a67bae3cbd50 [2026-07-16T07:50:06.413490] Cell 684caff8-89cd-492b-be01-b3d0835f1763 successfully created container for instance 43713b98-af86-4e62-7721-ce6b (STDOUT, CELL)#
#2026 07 16 07:50:07.870#Z#DEBUG#a9262da0-80ea-11f1-b4c6-eeee0a8be332.Inventory-assistant-srv#flowable-async-job-executor-thread-42607#
[PollStartAppStatusExecution] 55452eb1-268d-4f32-9a08-a67bae3cbd50 [2026-07-16T07:50:07.045732] Downloading droplet... (STDOUT, CELL)#
#2026 07 16 07:50:17.787#Z#DEBUG#a9262da0-80ea-11f1-b4c6-eeee0a8be332.Inventory-assistant-srv#flowable-async-job-executor-thread-26288#
[PollStartAppStatusExecution] 55452eb1-268d-4f32-9a08-a67bae3cbd50 [2026-07-16T07:50:08.119181] Cell c839c7b1-088e-41af-b9b7-66256aacd457 successfully destroyed container for instance 096b95c5-1dba-4dea-676d-b4e8 (STDOUT, CELL)#
#2026 07 16 07:50:17.787#Z#DEBUG#a9262da0-80ea-11f1-b4c6-eeee0a8be332.Inventory-assistant-srv#flowable-async-job-executor-thread-26288#
[PollStartAppStatusExecution] 55452eb1-268d-4f32-9a08-a67bae3cbd50 [2026-07-16T07:50:11.819960] Downloaded droplet (61.4M) (STDOUT, CELL)#
#2026 07 16 07:50:17.787#Z#DEBUG#a9262da0-80ea-11f1-b4c6-eeee0a8be332.Inventory-assistant-srv#flowable-async-job-executor-thread-26288#
[PollStartAppStatusExecution] 55452eb1-268d-4f32-9a08-a67bae3cbd50 [2026-07-16T07:50:11.820394] Starting health monitoring of container (STDOUT, CELL)#
#2026 07 16 07:50:17.787#Z#DEBUG#a9262da0-80ea-11f1-b4c6-eeee0a8be332.Inventory-assistant-srv#flowable-async-job-executor-thread-26288#
[PollStartAppStatusExecution] 55452eb1-268d-4f32-9a08-a67bae3cbd50 [2026-07-16T07:50:11.974072] Invoking pre-start scripts. (STDOUT, APP/PROC/WEB)#
#2026 07 16 07:50:17.787#Z#DEBUG#a9262da0-80ea-11f1-b4c6-eeee0a8be332.Inventory-assistant-srv#flowable-async-job-executor-thread-26288#
[PollStartAppStatusExecution] 55452eb1-268d-4f32-9a08-a67bae3cbd50 [2026-07-16T07:50:12.248119] Invoking start command. (STDOUT, APP/PROC/WEB)#
#2026 07 16 07:50:17.787#Z#DEBUG#a9262da0-80ea-11f1-b4c6-eeee0a8be332.Inventory-assistant-srv#flowable-async-job-executor-thread-26288#
[PollStartAppStatusExecution] 55452eb1-268d-4f32-9a08-a67bae3cbd50 [2026-07-16T07:50:12.761665] > Inventory-assistant@1.0.0 start (STDOUT, APP/PROC/WEB)#
#2026 07 16 07:50:17.787#Z#DEBUG#a9262da0-80ea-11f1-b4c6-eeee0a8be332.Inventory-assistant-srv#flowable-async-job-executor-thread-26288#
[PollStartAppStatusExecution] 55452eb1-268d-4f32-9a08-a67bae3cbd50 [2026-07-16T07:50:12.761701] > cds-serve (STDOUT, APP/PROC/WEB)#
#2026 07 16 07:50:17.787#Z#DEBUG#a9262da0-80ea-11f1-b4c6-eeee0a8be332.Inventory-assistant-srv#flowable-async-job-executor-thread-26288#
[PollStartAppStatusExecution] 55452eb1-268d-4f32-9a08-a67bae3cbd50 [2026-07-16T07:50:13.379206] {"level":"info","logger":"cds","timestamp":"2026-07-16T07:50:13.377Z","layer":"cds","component_type":"application","container_id":"10.32.1.6","component_id":"55452eb1-268d-4f32-9a08-a67bae3cbd50","component_name":"Inventory-assistant-srv","component_instance":0,"source_instance":0,"organization_name":"b6bbf2b9trial","organization_id":"21d35fcb-97d5-491b-8035-d8ae87309fad","space_name":"dev","space_id":"d36d3dbf-9d83-4ee0-8d50-d5ad45be3f2a","msg":"loaded model from 1 file(s):\n ","type":"log"} (STDOUT, APP/PROC/WEB)#
#2026 07 16 07:50:17.787#Z#DEBUG#a9262da0-80ea-11f1-b4c6-eeee0a8be332.Inventory-assistant-srv#flowable-async-job-executor-thread-26288#
[PollStartAppStatusExecution] 55452eb1-268d-4f32-9a08-a67bae3cbd50 [2026-07-16T07:50:13.379792] srv/csn.json (STDOUT, APP/PROC/WEB)#
#2026 07 16 07:50:17.787#Z#DEBUG#a9262da0-80ea-11f1-b4c6-eeee0a8be332.Inventory-assistant-srv#flowable-async-job-executor-thread-26288#
[PollStartAppStatusExecution] 55452eb1-268d-4f32-9a08-a67bae3cbd50 [2026-07-16T07:50:13.809863] {"level":"info","logger":"cds","timestamp":"2026-07-16T07:50:13.808Z","layer":"cds","component_type":"application","container_id":"10.32.1.6","component_id":"55452eb1-268d-4f32-9a08-a67bae3cbd50","component_name":"Inventory-assistant-srv","component_instance":0,"source_instance":0,"organization_name":"b6bbf2b9trial","organization_id":"21d35fcb-97d5-491b-8035-d8ae87309fad","space_name":"dev","space_id":"d36d3dbf-9d83-4ee0-8d50-d5ad45be3f2a","msg":"connect to db > hana {\n  database_id: 'f16fafbb-8883-48e8-ac75-e3a0096403de',\n  host: 'f16fafbb-8883-48e8-ac75-e3a0096403de.hna1.prod-us10.hanacloud.ondemand.com',\n  port: '443',\n  driver: 'com.sap.db.jdbc.Driver',\n  url: 'jdbc:sap://f16fafbb-8883-48e8-ac75-e3a0096403de.hna1.prod-us10.hanacloud.ondemand.com:443?encrypt=true&validateCertificate=true&currentschema=A92839A15A284357B6CC9CCA9CED9FCC',\n  schema: 'A92839A15A284357B6CC9CCA9CED9FCC',\n  certificate: '...',\n  hdi_user: 'A92839A15A284357B6CC9CCA9CED9FCC_3BGUWZJA5QHZKLX1Z7LR1MD8K_DT',\n  hdi_password: '...',\n  user: 'A92839A15A284357B6CC9CCA9CED9FCC_3BGUWZJA5QHZKLX1Z7LR1MD8K_RT',\n  password: '...'\n}","type":"log"} (STDOUT, APP/PROC/WEB)#
#2026 07 16 07:50:17.787#Z#DEBUG#a9262da0-80ea-11f1-b4c6-eeee0a8be332.Inventory-assistant-srv#flowable-async-job-executor-thread-26288#
[PollStartAppStatusExecution] 55452eb1-268d-4f32-9a08-a67bae3cbd50 [2026-07-16T07:50:14.128018] {"level":"info","logger":"cds","timestamp":"2026-07-16T07:50:14.126Z","layer":"cds","component_type":"application","container_id":"10.32.1.6","component_id":"55452eb1-268d-4f32-9a08-a67bae3cbd50","component_name":"Inventory-assistant-srv","component_instance":0,"source_instance":0,"organization_name":"b6bbf2b9trial","organization_id":"21d35fcb-97d5-491b-8035-d8ae87309fad","space_name":"dev","space_id":"d36d3dbf-9d83-4ee0-8d50-d5ad45be3f2a","msg":"connect to ZAPI_MATERIAL_STOCK_SRV1 > odata-v2 {\n  destination: 's3d-destination',\n  path: '/sap/opu/odata/sap/API_MATERIAL_STOCK_SRV'\n}","type":"log"} (STDOUT, APP/PROC/WEB)#
#2026 07 16 07:50:17.787#Z#DEBUG#a9262da0-80ea-11f1-b4c6-eeee0a8be332.Inventory-assistant-srv#flowable-async-job-executor-thread-26288#
[PollStartAppStatusExecution] 55452eb1-268d-4f32-9a08-a67bae3cbd50 [2026-07-16T07:50:14.128075] {"level":"info","logger":"cds","timestamp":"2026-07-16T07:50:14.127Z","layer":"cds","component_type":"application","container_id":"10.32.1.6","component_id":"55452eb1-268d-4f32-9a08-a67bae3cbd50","component_name":"Inventory-assistant-srv","component_instance":0,"source_instance":0,"organization_name":"b6bbf2b9trial","organization_id":"21d35fcb-97d5-491b-8035-d8ae87309fad","space_name":"dev","space_id":"d36d3dbf-9d83-4ee0-8d50-d5ad45be3f2a","msg":"connect to ZAPI_OUTBOUND_DELIVERY_SRV1 > odata-v2 {\n  destination: 's3d-destination',\n  path: '/sap/opu/odata/sap/API_OUTBOUND_DELIVERY_SRV'\n}","type":"log"} (STDOUT, APP/PROC/WEB)#
#2026 07 16 07:50:17.787#Z#DEBUG#a9262da0-80ea-11f1-b4c6-eeee0a8be332.Inventory-assistant-srv#flowable-async-job-executor-thread-26288#
[PollStartAppStatusExecution] 55452eb1-268d-4f32-9a08-a67bae3cbd50 [2026-07-16T07:50:14.128443] {"level":"info","logger":"cds","timestamp":"2026-07-16T07:50:14.127Z","layer":"cds","component_type":"application","container_id":"10.32.1.6","component_id":"55452eb1-268d-4f32-9a08-a67bae3cbd50","component_name":"Inventory-assistant-srv","component_instance":0,"source_instance":0,"organization_name":"b6bbf2b9trial","organization_id":"21d35fcb-97d5-491b-8035-d8ae87309fad","space_name":"dev","space_id":"d36d3dbf-9d83-4ee0-8d50-d5ad45be3f2a","msg":"connect to ZAPI_RESERVATION_DOCUMENT_SRV1 > odata-v2 {\n  destination: 's3d-destination',\n  path: '/sap/opu/odata/sap/API_RESERVATION_DOCUMENT_SRV'\n}","type":"log"} (STDOUT, APP/PROC/WEB)#
#2026 07 16 07:50:17.787#Z#DEBUG#a9262da0-80ea-11f1-b4c6-eeee0a8be332.Inventory-assistant-srv#flowable-async-job-executor-thread-26288#
[PollStartAppStatusExecution] 55452eb1-268d-4f32-9a08-a67bae3cbd50 [2026-07-16T07:50:14.128460] {"level":"info","logger":"cds","timestamp":"2026-07-16T07:50:14.128Z","layer":"cds","component_type":"application","container_id":"10.32.1.6","component_id":"55452eb1-268d-4f32-9a08-a67bae3cbd50","component_name":"Inventory-assistant-srv","component_instance":0,"source_instance":0,"organization_name":"b6bbf2b9trial","organization_id":"21d35fcb-97d5-491b-8035-d8ae87309fad","space_name":"dev","space_id":"d36d3dbf-9d83-4ee0-8d50-d5ad45be3f2a","msg":"connect to ZBA_SALESORDER_ITEM_SRV1 > odata-v2 {\n  destination: 's3d-destination',\n  path: '/sap/opu/odata/sap/ZBA_SALESORDER_ITEM_SRV'\n}","type":"log"} (STDOUT, APP/PROC/WEB)#
#2026 07 16 07:50:17.787#Z#DEBUG#a9262da0-80ea-11f1-b4c6-eeee0a8be332.Inventory-assistant-srv#flowable-async-job-executor-thread-26288#
[PollStartAppStatusExecution] 55452eb1-268d-4f32-9a08-a67bae3cbd50 [2026-07-16T07:50:14.156696] {"date":"Thu Jul 16 2026 07:50:14 GMT+0000 (Coordinated Universal Time)","error":{},"exception":true,"level":"error","logger":"sap-cloud-sdk-logger","message":"uncaughtException: Didn't find a configuration for 'cds.requires.API_SALES_ORDER_SRV' in /home/vcap/app\nError: Didn't find a configuration for 'cds.requires.API_SALES_ORDER_SRV' in /home/vcap/app\n    at options4 (/home/vcap/app/node_modules/@sap/cds/lib/srv/cds-connect.js:63:50)\n    at /home/vcap/app/node_modules/@sap/cds/lib/srv/cds-connect.js:33:48\n    at connect.to (/home/vcap/app/node_modules/@sap/cds/lib/srv/cds-connect.js:51:5)\n    at ApplicationService.<anonymous> (/home/vcap/app/srv/service.js:12:45)\n    at exports.init (/home/vcap/app/node_modules/@sap/cds/lib/srv/factory.js:75:16)\n    at async Promise.all (index 4)\n    at async _cds_serve (/home/vcap/app/node_modules/@sap/cds/lib/srv/cds-serve.js:32:16)\n    at async cds_server (/home/vcap/app/node_modules/@sap/cds/server.js:61:3)\n    at async serve (/home/vcap/app/node_modules/@sap/cds/bin/serve.js:207:18)","msg":"Error: Didn't find a configuration for 'cds.requires.API_SALES_ORDER_SRV' in /home/vcap/app\n    at options4 (/home/vcap/app/node_modules/@sap/cds/lib/srv/cds-connect.js:63:50)\n    at /home/vcap/app/node_modules/@sap/cds/lib/srv/cds-connect.js:33:48\n    at connect.to (/home/vcap/app/node_modules/@sap/cds/lib/srv/cds-connect.js:51:5)\n    at ApplicationService.<anonymous> (/home/vcap/app/srv/service.js:12:45)\n    at exports.init (/home/vcap/app/node_modules/@sap/cds/lib/srv/factory.js:75:16)\n    at async Promise.all (index 4)\n    at async _cds_serve (/home/vcap/app/node_modules/@sap/cds/lib/srv/cds-serve.js:32:16)\n    at async cds_server (/home/vcap/app/node_modules/@sap/cds/server.js:61:3)\n    at async serve (/home/vcap/app/node_modules/@sap/cds/bin/serve.js:207:18)","os":{"loadavg":[169.65,172.86,176.03],"uptime":673137.24},"process":{"argv":["/home/vcap/deps/0/node/bin/node","/home/vcap/app/node_modules/.bin/cds-serve"],"cwd":"/home/vcap/app","execPath":"/home/vcap/deps/0/node/bin/node","gid":2000,"memoryUsage":{"arrayBuffers":471914,"external":5310831,"heapTotal":66125824,"heapUsed":40070096,"rss":134311936},"pid":226,"uid":2000,"version":"v24.15.0"},"stack":"Error: Didn't find a configuration for 'cds.requires.API_SALES_ORDER_SRV' in /home/vcap/app\n    at options4 (/home/vcap/app/node_modules/@sap/cds/lib/srv/cds-connect.js:63:50)\n    at /home/vcap/app/node_modules/@sap/cds/lib/srv/cds-connect.js:33:48\n    at connect.to (/home/vcap/app/node_modules/@sap/cds/lib/srv/cds-connect.js:51:5)\n    at ApplicationService.<anonymous> (/home/vcap/app/srv/service.js:12:45)\n    at exports.init (/home/vcap/app/node_modules/@sap/cds/lib/srv/factory.js:75:16)\n    at async Promise.all (index 4)\n    at async _cds_serve (/home/vcap/app/node_modules/@sap/cds/lib/srv/cds-serve.js:32:16)\n    at async cds_server (/home/vcap/app/node_modules/@sap/cds/server.js:61:3)\n    at async serve (/home/vcap/app/node_modules/@sap/cds/bin/serve.js:207:18)","test":"exception","timestamp":"2026-07-16T07:50:14.154Z","trace":[{"column":50,"file":"/home/vcap/app/node_modules/@sap/cds/lib/srv/cds-connect.js","function":"options4","line":63,"method":null,"native":false},{"column":48,"file":"/home/vcap/app/node_modules/@sap/cds/lib/srv/cds-connect.js","function":null,"line":33,"method":null,"native":false},{"column":5,"file":"/home/vcap/app/node_modules/@sap/cds/lib/srv/cds-connect.js","function":"connect.to","line":51,"method":"to","native":false},{"column":45,"file":"/home/vcap/app/srv/service.js","function":null,"line":12,"method":null,"native":false},{"column":16,"file":"/home/vcap/app/node_modules/@sap/cds/lib/srv/factory.js","function":"exports.init","line":75,"method":"init","native":false},{"column":null,"file":null,"function":"async Promise.all","line":null,"method":"all","native":false},{"column":16,"file":"/home/vcap/app/node_modules/@sap/cds/lib/srv/cds-serve.js","function":"async _cds_serve","line":32,"method":null,"native":false},{"column":3,"file":"/home/vcap/app/node_modules/@sap/cds/server.js","function":"async cds_server","line":61,"method":null,"native":false},{"column":18,"file":"/home/vcap/app/node_modules/@sap/cds/bin/serve.js","function":"async serve","line":207,"method":null,"native":false}],"written_at":"2026-07-16T07:50:14.154Z","written_ts":1784188214154} (STDOUT, APP/PROC/WEB)#
#2026 07 16 07:50:17.787#Z#DEBUG#a9262da0-80ea-11f1-b4c6-eeee0a8be332.Inventory-assistant-srv#flowable-async-job-executor-thread-26288#
[PollStartAppStatusExecution] 55452eb1-268d-4f32-9a08-a67bae3cbd50 [2026-07-16T07:50:17.182360] npm notice (STDERR, APP/PROC/WEB)#
#2026 07 16 07:50:17.787#Z#DEBUG#a9262da0-80ea-11f1-b4c6-eeee0a8be332.Inventory-assistant-srv#flowable-async-job-executor-thread-26288#
[PollStartAppStatusExecution] 55452eb1-268d-4f32-9a08-a67bae3cbd50 [2026-07-16T07:50:17.182405] npm notice New major version of npm available! 11.12.1 -> 12.0.1 (STDERR, APP/PROC/WEB)#
#2026 07 16 07:50:17.787#Z#DEBUG#a9262da0-80ea-11f1-b4c6-eeee0a8be332.Inventory-assistant-srv#flowable-async-job-executor-thread-26288#
[PollStartAppStatusExecution] 55452eb1-268d-4f32-9a08-a67bae3cbd50 [2026-07-16T07:50:17.182410] npm notice Changelog: https://github.com/npm/cli/releases/tag/v12.0.1 (STDERR, APP/PROC/WEB)#
#2026 07 16 07:50:17.787#Z#DEBUG#a9262da0-80ea-11f1-b4c6-eeee0a8be332.Inventory-assistant-srv#flowable-async-job-executor-thread-26288#
[PollStartAppStatusExecution] 55452eb1-268d-4f32-9a08-a67bae3cbd50 [2026-07-16T07:50:17.182413] npm notice To update run: npm install -g npm@12.0.1 (STDERR, APP/PROC/WEB)#
#2026 07 16 07:50:17.787#Z#DEBUG#a9262da0-80ea-11f1-b4c6-eeee0a8be332.Inventory-assistant-srv#flowable-async-job-executor-thread-26288#
[PollStartAppStatusExecution] 55452eb1-268d-4f32-9a08-a67bae3cbd50 [2026-07-16T07:50:17.182415] npm notice (STDERR, APP/PROC/WEB)#
#2026 07 16 07:50:17.787#Z#DEBUG#a9262da0-80ea-11f1-b4c6-eeee0a8be332.Inventory-assistant-srv#flowable-async-job-executor-thread-26288#
[PollStartAppStatusExecution] 55452eb1-268d-4f32-9a08-a67bae3cbd50 [2026-07-16T07:50:17.256075] Exit status 1 (STDOUT, APP/PROC/WEB)#
#2026 07 16 07:50:28.028#Z#DEBUG#a9262da0-80ea-11f1-b4c6-eeee0a8be332.Inventory-assistant-srv#flowable-async-job-executor-thread-26296#
[PollStartAppStatusExecution] 55452eb1-268d-4f32-9a08-a67bae3cbd50 [2026-07-16T07:50:22.881677] Cell 684caff8-89cd-492b-be01-b3d0835f1763 stopping instance 43713b98-af86-4e62-7721-ce6b (STDOUT, CELL)#
#2026 07 16 07:50:28.028#Z#DEBUG#a9262da0-80ea-11f1-b4c6-eeee0a8be332.Inventory-assistant-srv#flowable-async-job-executor-thread-26296#
[PollStartAppStatusExecution] 55452eb1-268d-4f32-9a08-a67bae3cbd50 [2026-07-16T07:50:22.881722] Cell 684caff8-89cd-492b-be01-b3d0835f1763 destroying container for instance 43713b98-af86-4e62-7721-ce6b (STDOUT, CELL)#
#2026 07 16 07:50:28.028#Z#DEBUG#a9262da0-80ea-11f1-b4c6-eeee0a8be332.Inventory-assistant-srv#flowable-async-job-executor-thread-26296#
[PollStartAppStatusExecution] 55452eb1-268d-4f32-9a08-a67bae3cbd50 [2026-07-16T07:50:22.901712] Process has crashed with type: "web" (STDOUT, API)#
#2026 07 16 07:50:28.028#Z#DEBUG#a9262da0-80ea-11f1-b4c6-eeee0a8be332.Inventory-assistant-srv#flowable-async-job-executor-thread-26296#
[PollStartAppStatusExecution] 55452eb1-268d-4f32-9a08-a67bae3cbd50 [2026-07-16T07:50:22.916189] App instance exited with guid 55452eb1-268d-4f32-9a08-a67bae3cbd50 payload: {"instance"=>"43713b98-af86-4e62-7721-ce6b", "index"=>0, "cell_id"=>"684caff8-89cd-492b-be01-b3d0835f1763", "reason"=>"CRASHED", "exit_description"=>"APP/PROC/WEB: Exited with status 1", "crash_count"=>3, "crash_timestamp"=>1784188222878411355, "version"=>"ef1c84cf-75e1-46a7-acbd-3e6e49546665"} (STDOUT, API)#
#2026 07 16 07:50:28.028#Z#DEBUG#a9262da0-80ea-11f1-b4c6-eeee0a8be332.Inventory-assistant-srv#flowable-async-job-executor-thread-26296#
[PollStartAppStatusExecution] 55452eb1-268d-4f32-9a08-a67bae3cbd50 [2026-07-16T07:50:23.093402] Exit status 137 (STDOUT, PROXY)#
#2026 07 16 07:50:28.028#Z#DEBUG#a9262da0-80ea-11f1-b4c6-eeee0a8be332.Inventory-assistant-srv#flowable-async-job-executor-thread-26296#
[PollStartAppStatusExecution] 55452eb1-268d-4f32-9a08-a67bae3cbd50 [2026-07-16T07:50:25.378356] Cell 684caff8-89cd-492b-be01-b3d0835f1763 successfully destroyed container for instance 43713b98-af86-4e62-7721-ce6b (STDOUT, CELL)#
#2026 07 16 07:50:38.060#Z#DEBUG#a9262da0-80ea-11f1-b4c6-eeee0a8be332.Inventory-assistant-srv#flowable-async-job-executor-thread-42639#
[PollStartAppStatusExecution] 55452eb1-268d-4f32-9a08-a67bae3cbd50 [2026-07-16T07:50:22.881677] Cell 684caff8-89cd-492b-be01-b3d0835f1763 stopping instance 43713b98-af86-4e62-7721-ce6b (STDOUT, CELL)#
#2026 07 16 07:50:38.060#Z#DEBUG#a9262da0-80ea-11f1-b4c6-eeee0a8be332.Inventory-assistant-srv#flowable-async-job-executor-thread-42639#
[PollStartAppStatusExecution] 55452eb1-268d-4f32-9a08-a67bae3cbd50 [2026-07-16T07:50:22.881722] Cell 684caff8-89cd-492b-be01-b3d0835f1763 destroying container for instance 43713b98-af86-4e62-7721-ce6b (STDOUT, CELL)#
#2026 07 16 07:50:38.060#Z#DEBUG#a9262da0-80ea-11f1-b4c6-eeee0a8be332.Inventory-assistant-srv#flowable-async-job-executor-thread-42639#
[PollStartAppStatusExecution] 55452eb1-268d-4f32-9a08-a67bae3cbd50 [2026-07-16T07:50:22.901712] Process has crashed with type: "web" (STDOUT, API)#
#2026 07 16 07:50:38.060#Z#DEBUG#a9262da0-80ea-11f1-b4c6-eeee0a8be332.Inventory-assistant-srv#flowable-async-job-executor-thread-42639#
[PollStartAppStatusExecution] 55452eb1-268d-4f32-9a08-a67bae3cbd50 [2026-07-16T07:50:22.916189] App instance exited with guid 55452eb1-268d-4f32-9a08-a67bae3cbd50 payload: {"instance"=>"43713b98-af86-4e62-7721-ce6b", "index"=>0, "cell_id"=>"684caff8-89cd-492b-be01-b3d0835f1763", "reason"=>"CRASHED", "exit_description"=>"APP/PROC/WEB: Exited with status 1", "crash_count"=>3, "crash_timestamp"=>1784188222878411355, "version"=>"ef1c84cf-75e1-46a7-acbd-3e6e49546665"} (STDOUT, API)#
#2026 07 16 07:50:38.060#Z#DEBUG#a9262da0-80ea-11f1-b4c6-eeee0a8be332.Inventory-assistant-srv#flowable-async-job-executor-thread-42639#
[PollStartAppStatusExecution] 55452eb1-268d-4f32-9a08-a67bae3cbd50 [2026-07-16T07:50:23.093402] Exit status 137 (STDOUT, PROXY)#
#2026 07 16 07:50:38.060#Z#DEBUG#a9262da0-80ea-11f1-b4c6-eeee0a8be332.Inventory-assistant-srv#flowable-async-job-executor-thread-42639#
[PollStartAppStatusExecution] 55452eb1-268d-4f32-9a08-a67bae3cbd50 [2026-07-16T07:50:25.378356] Cell 684caff8-89cd-492b-be01-b3d0835f1763 successfully destroyed container for instance 43713b98-af86-4e62-7721-ce6b (STDOUT, CELL)#
#2026 07 16 07:50:38.060#Z#DEBUG#a9262da0-80ea-11f1-b4c6-eeee0a8be332.Inventory-assistant-srv#flowable-async-job-executor-thread-42639#
[PollStartAppStatusExecution] 55452eb1-268d-4f32-9a08-a67bae3cbd50 [2026-07-16T07:50:28.878957] Stopping app with guid 55452eb1-268d-4f32-9a08-a67bae3cbd50 (STDOUT, API)#
#2026 07 16 07:50:38.060#Z#DEBUG#a9262da0-80ea-11f1-b4c6-eeee0a8be332.Inventory-assistant-srv#flowable-async-job-executor-thread-42639#
[PollStartAppStatusExecution] 55452eb1-268d-4f32-9a08-a67bae3cbd50 [2026-07-16T07:50:29.021477] Starting app with guid 55452eb1-268d-4f32-9a08-a67bae3cbd50 (STDOUT, API)#
#2026 07 16 07:50:38.060#Z#DEBUG#a9262da0-80ea-11f1-b4c6-eeee0a8be332.Inventory-assistant-srv#flowable-async-job-executor-thread-42639#
[PollStartAppStatusExecution] 55452eb1-268d-4f32-9a08-a67bae3cbd50 [2026-07-16T07:50:29.274568] Cell d1cc041a-d5a1-41d6-b9f6-6cda736ce3f0 creating container for instance f738c2e3-6538-414b-6ba2-dfb1 (STDOUT, CELL)#
#2026 07 16 07:50:38.060#Z#DEBUG#a9262da0-80ea-11f1-b4c6-eeee0a8be332.Inventory-assistant-srv#flowable-async-job-executor-thread-42639#
[PollStartAppStatusExecution] 55452eb1-268d-4f32-9a08-a67bae3cbd50 [2026-07-16T07:50:30.197846] Security group rules were updated (STDOUT, CELL)#
#2026 07 16 07:50:38.060#Z#DEBUG#a9262da0-80ea-11f1-b4c6-eeee0a8be332.Inventory-assistant-srv#flowable-async-job-executor-thread-42639#
[PollStartAppStatusExecution] 55452eb1-268d-4f32-9a08-a67bae3cbd50 [2026-07-16T07:50:30.305004] Cell d1cc041a-d5a1-41d6-b9f6-6cda736ce3f0 successfully created container for instance f738c2e3-6538-414b-6ba2-dfb1 (STDOUT, CELL)#
#2026 07 16 07:50:38.060#Z#DEBUG#a9262da0-80ea-11f1-b4c6-eeee0a8be332.Inventory-assistant-srv#flowable-async-job-executor-thread-42639#
[PollStartAppStatusExecution] 55452eb1-268d-4f32-9a08-a67bae3cbd50 [2026-07-16T07:50:31.357957] Downloading droplet... (STDOUT, CELL)#
#2026 07 16 07:50:38.060#Z#DEBUG#a9262da0-80ea-11f1-b4c6-eeee0a8be332.Inventory-assistant-srv#flowable-async-job-executor-thread-42639#
[PollStartAppStatusExecution] 55452eb1-268d-4f32-9a08-a67bae3cbd50 [2026-07-16T07:50:36.220287] Downloaded droplet (61.4M) (STDOUT, CELL)#
#2026 07 16 07:50:38.060#Z#DEBUG#a9262da0-80ea-11f1-b4c6-eeee0a8be332.Inventory-assistant-srv#flowable-async-job-executor-thread-42639#
[PollStartAppStatusExecution] 55452eb1-268d-4f32-9a08-a67bae3cbd50 [2026-07-16T07:50:36.220443] Starting health monitoring of container (STDOUT, CELL)#
#2026 07 16 07:50:38.060#Z#DEBUG#a9262da0-80ea-11f1-b4c6-eeee0a8be332.Inventory-assistant-srv#flowable-async-job-executor-thread-42639#
[PollStartAppStatusExecution] 55452eb1-268d-4f32-9a08-a67bae3cbd50 [2026-07-16T07:50:36.369877] Invoking pre-start scripts. (STDOUT, APP/PROC/WEB)#
#2026 07 16 07:50:38.060#Z#DEBUG#a9262da0-80ea-11f1-b4c6-eeee0a8be332.Inventory-assistant-srv#flowable-async-job-executor-thread-42639#
[PollStartAppStatusExecution] 55452eb1-268d-4f32-9a08-a67bae3cbd50 [2026-07-16T07:50:36.596205] Invoking start command. (STDOUT, APP/PROC/WEB)#
#2026 07 16 07:50:38.060#Z#DEBUG#a9262da0-80ea-11f1-b4c6-eeee0a8be332.Inventory-assistant-srv#flowable-async-job-executor-thread-42639#
[PollStartAppStatusExecution] 55452eb1-268d-4f32-9a08-a67bae3cbd50 [2026-07-16T07:50:37.056386] > Inventory-assistant@1.0.0 start (STDOUT, APP/PROC/WEB)#
#2026 07 16 07:50:38.060#Z#DEBUG#a9262da0-80ea-11f1-b4c6-eeee0a8be332.Inventory-assistant-srv#flowable-async-job-executor-thread-42639#
[PollStartAppStatusExecution] 55452eb1-268d-4f32-9a08-a67bae3cbd50 [2026-07-16T07:50:37.056417] > cds-serve (STDOUT, APP/PROC/WEB)#
#2026 07 16 07:50:38.060#Z#DEBUG#a9262da0-80ea-11f1-b4c6-eeee0a8be332.Inventory-assistant-srv#flowable-async-job-executor-thread-42639#
[PollStartAppStatusExecution] 55452eb1-268d-4f32-9a08-a67bae3cbd50 [2026-07-16T07:50:37.564839] {"level":"info","logger":"cds","timestamp":"2026-07-16T07:50:37.563Z","layer":"cds","component_type":"application","container_id":"10.32.1.5","component_id":"55452eb1-268d-4f32-9a08-a67bae3cbd50","component_name":"Inventory-assistant-srv","component_instance":0,"source_instance":0,"organization_name":"b6bbf2b9trial","organization_id":"21d35fcb-97d5-491b-8035-d8ae87309fad","space_name":"dev","space_id":"d36d3dbf-9d83-4ee0-8d50-d5ad45be3f2a","msg":"loaded model from 1 file(s):\n ","type":"log"} (STDOUT, APP/PROC/WEB)#
#2026 07 16 07:50:38.060#Z#DEBUG#a9262da0-80ea-11f1-b4c6-eeee0a8be332.Inventory-assistant-srv#flowable-async-job-executor-thread-42639#
[PollStartAppStatusExecution] 55452eb1-268d-4f32-9a08-a67bae3cbd50 [2026-07-16T07:50:37.565188] srv/csn.json (STDOUT, APP/PROC/WEB)#
#2026 07 16 07:50:48.268#Z#DEBUG#a9262da0-80ea-11f1-b4c6-eeee0a8be332.Inventory-assistant-srv#flowable-async-job-executor-thread-42643#
[PollStartAppStatusExecution] 55452eb1-268d-4f32-9a08-a67bae3cbd50 [2026-07-16T07:50:37.881735] {"level":"info","logger":"cds","timestamp":"2026-07-16T07:50:37.880Z","layer":"cds","component_type":"application","container_id":"10.32.1.5","component_id":"55452eb1-268d-4f32-9a08-a67bae3cbd50","component_name":"Inventory-assistant-srv","component_instance":0,"source_instance":0,"organization_name":"b6bbf2b9trial","organization_id":"21d35fcb-97d5-491b-8035-d8ae87309fad","space_name":"dev","space_id":"d36d3dbf-9d83-4ee0-8d50-d5ad45be3f2a","msg":"connect to db > hana {\n  database_id: 'f16fafbb-8883-48e8-ac75-e3a0096403de',\n  host: 'f16fafbb-8883-48e8-ac75-e3a0096403de.hna1.prod-us10.hanacloud.ondemand.com',\n  port: '443',\n  driver: 'com.sap.db.jdbc.Driver',\n  url: 'jdbc:sap://f16fafbb-8883-48e8-ac75-e3a0096403de.hna1.prod-us10.hanacloud.ondemand.com:443?encrypt=true&validateCertificate=true&currentschema=A92839A15A284357B6CC9CCA9CED9FCC',\n  schema: 'A92839A15A284357B6CC9CCA9CED9FCC',\n  certificate: '...',\n  hdi_user: 'A92839A15A284357B6CC9CCA9CED9FCC_3BGUWZJA5QHZKLX1Z7LR1MD8K_DT',\n  hdi_password: '...',\n  user: 'A92839A15A284357B6CC9CCA9CED9FCC_3BGUWZJA5QHZKLX1Z7LR1MD8K_RT',\n  password: '...'\n}","type":"log"} (STDOUT, APP/PROC/WEB)#
#2026 07 16 07:50:48.268#Z#DEBUG#a9262da0-80ea-11f1-b4c6-eeee0a8be332.Inventory-assistant-srv#flowable-async-job-executor-thread-42643#
[PollStartAppStatusExecution] 55452eb1-268d-4f32-9a08-a67bae3cbd50 [2026-07-16T07:50:38.163877] {"level":"info","logger":"cds","timestamp":"2026-07-16T07:50:38.163Z","layer":"cds","component_type":"application","container_id":"10.32.1.5","component_id":"55452eb1-268d-4f32-9a08-a67bae3cbd50","component_name":"Inventory-assistant-srv","component_instance":0,"source_instance":0,"organization_name":"b6bbf2b9trial","organization_id":"21d35fcb-97d5-491b-8035-d8ae87309fad","space_name":"dev","space_id":"d36d3dbf-9d83-4ee0-8d50-d5ad45be3f2a","msg":"connect to ZAPI_MATERIAL_STOCK_SRV1 > odata-v2 {\n  destination: 's3d-destination',\n  path: '/sap/opu/odata/sap/API_MATERIAL_STOCK_SRV'\n}","type":"log"} (STDOUT, APP/PROC/WEB)#
#2026 07 16 07:50:48.268#Z#DEBUG#a9262da0-80ea-11f1-b4c6-eeee0a8be332.Inventory-assistant-srv#flowable-async-job-executor-thread-42643#
[PollStartAppStatusExecution] 55452eb1-268d-4f32-9a08-a67bae3cbd50 [2026-07-16T07:50:38.163909] {"level":"info","logger":"cds","timestamp":"2026-07-16T07:50:38.163Z","layer":"cds","component_type":"application","container_id":"10.32.1.5","component_id":"55452eb1-268d-4f32-9a08-a67bae3cbd50","component_name":"Inventory-assistant-srv","component_instance":0,"source_instance":0,"organization_name":"b6bbf2b9trial","organization_id":"21d35fcb-97d5-491b-8035-d8ae87309fad","space_name":"dev","space_id":"d36d3dbf-9d83-4ee0-8d50-d5ad45be3f2a","msg":"connect to ZAPI_OUTBOUND_DELIVERY_SRV1 > odata-v2 {\n  destination: 's3d-destination',\n  path: '/sap/opu/odata/sap/API_OUTBOUND_DELIVERY_SRV'\n}","type":"log"} (STDOUT, APP/PROC/WEB)#
#2026 07 16 07:50:48.268#Z#DEBUG#a9262da0-80ea-11f1-b4c6-eeee0a8be332.Inventory-assistant-srv#flowable-async-job-executor-thread-42643#
[PollStartAppStatusExecution] 55452eb1-268d-4f32-9a08-a67bae3cbd50 [2026-07-16T07:50:38.164130] {"level":"info","logger":"cds","timestamp":"2026-07-16T07:50:38.163Z","layer":"cds","component_type":"application","container_id":"10.32.1.5","component_id":"55452eb1-268d-4f32-9a08-a67bae3cbd50","component_name":"Inventory-assistant-srv","component_instance":0,"source_instance":0,"organization_name":"b6bbf2b9trial","organization_id":"21d35fcb-97d5-491b-8035-d8ae87309fad","space_name":"dev","space_id":"d36d3dbf-9d83-4ee0-8d50-d5ad45be3f2a","msg":"connect to ZAPI_RESERVATION_DOCUMENT_SRV1 > odata-v2 {\n  destination: 's3d-destination',\n  path: '/sap/opu/odata/sap/API_RESERVATION_DOCUMENT_SRV'\n}","type":"log"} (STDOUT, APP/PROC/WEB)#
#2026 07 16 07:50:48.268#Z#DEBUG#a9262da0-80ea-11f1-b4c6-eeee0a8be332.Inventory-assistant-srv#flowable-async-job-executor-thread-42643#
[PollStartAppStatusExecution] 55452eb1-268d-4f32-9a08-a67bae3cbd50 [2026-07-16T07:50:38.164217] {"level":"info","logger":"cds","timestamp":"2026-07-16T07:50:38.164Z","layer":"cds","component_type":"application","container_id":"10.32.1.5","component_id":"55452eb1-268d-4f32-9a08-a67bae3cbd50","component_name":"Inventory-assistant-srv","component_instance":0,"source_instance":0,"organization_name":"b6bbf2b9trial","organization_id":"21d35fcb-97d5-491b-8035-d8ae87309fad","space_name":"dev","space_id":"d36d3dbf-9d83-4ee0-8d50-d5ad45be3f2a","msg":"connect to ZBA_SALESORDER_ITEM_SRV1 > odata-v2 {\n  destination: 's3d-destination',\n  path: '/sap/opu/odata/sap/ZBA_SALESORDER_ITEM_SRV'\n}","type":"log"} (STDOUT, APP/PROC/WEB)#
#2026 07 16 07:50:48.268#Z#DEBUG#a9262da0-80ea-11f1-b4c6-eeee0a8be332.Inventory-assistant-srv#flowable-async-job-executor-thread-42643#
[PollStartAppStatusExecution] 55452eb1-268d-4f32-9a08-a67bae3cbd50 [2026-07-16T07:50:38.192727] {"date":"Thu Jul 16 2026 07:50:38 GMT+0000 (Coordinated Universal Time)","error":{},"exception":true,"level":"error","logger":"sap-cloud-sdk-logger","message":"uncaughtException: Didn't find a configuration for 'cds.requires.API_SALES_ORDER_SRV' in /home/vcap/app\nError: Didn't find a configuration for 'cds.requires.API_SALES_ORDER_SRV' in /home/vcap/app\n    at options4 (/home/vcap/app/node_modules/@sap/cds/lib/srv/cds-connect.js:63:50)\n    at /home/vcap/app/node_modules/@sap/cds/lib/srv/cds-connect.js:33:48\n    at connect.to (/home/vcap/app/node_modules/@sap/cds/lib/srv/cds-connect.js:51:5)\n    at ApplicationService.<anonymous> (/home/vcap/app/srv/service.js:12:45)\n    at exports.init (/home/vcap/app/node_modules/@sap/cds/lib/srv/factory.js:75:16)\n    at async Promise.all (index 4)\n    at async _cds_serve (/home/vcap/app/node_modules/@sap/cds/lib/srv/cds-serve.js:32:16)\n    at async cds_server (/home/vcap/app/node_modules/@sap/cds/server.js:61:3)\n    at async serve (/home/vcap/app/node_modules/@sap/cds/bin/serve.js:207:18)","msg":"Error: Didn't find a configuration for 'cds.requires.API_SALES_ORDER_SRV' in /home/vcap/app\n    at options4 (/home/vcap/app/node_modules/@sap/cds/lib/srv/cds-connect.js:63:50)\n    at /home/vcap/app/node_modules/@sap/cds/lib/srv/cds-connect.js:33:48\n    at connect.to (/home/vcap/app/node_modules/@sap/cds/lib/srv/cds-connect.js:51:5)\n    at ApplicationService.<anonymous> (/home/vcap/app/srv/service.js:12:45)\n    at exports.init (/home/vcap/app/node_modules/@sap/cds/lib/srv/factory.js:75:16)\n    at async Promise.all (index 4)\n    at async _cds_serve (/home/vcap/app/node_modules/@sap/cds/lib/srv/cds-serve.js:32:16)\n    at async cds_server (/home/vcap/app/node_modules/@sap/cds/server.js:61:3)\n    at async serve (/home/vcap/app/node_modules/@sap/cds/bin/serve.js:207:18)","os":{"loadavg":[174.29,187.09,189],"uptime":673825.48},"process":{"argv":["/home/vcap/deps/0/node/bin/node","/home/vcap/app/node_modules/.bin/cds-serve"],"cwd":"/home/vcap/app","execPath":"/home/vcap/deps/0/node/bin/node","gid":2000,"memoryUsage":{"arrayBuffers":471914,"external":5310831,"heapTotal":68411392,"heapUsed":43174336,"rss":138252288},"pid":224,"uid":2000,"version":"v24.15.0"},"stack":"Error: Didn't find a configuration for 'cds.requires.API_SALES_ORDER_SRV' in /home/vcap/app\n    at options4 (/home/vcap/app/node_modules/@sap/cds/lib/srv/cds-connect.js:63:50)\n    at /home/vcap/app/node_modules/@sap/cds/lib/srv/cds-connect.js:33:48\n    at connect.to (/home/vcap/app/node_modules/@sap/cds/lib/srv/cds-connect.js:51:5)\n    at ApplicationService.<anonymous> (/home/vcap/app/srv/service.js:12:45)\n    at exports.init (/home/vcap/app/node_modules/@sap/cds/lib/srv/factory.js:75:16)\n    at async Promise.all (index 4)\n    at async _cds_serve (/home/vcap/app/node_modules/@sap/cds/lib/srv/cds-serve.js:32:16)\n    at async cds_server (/home/vcap/app/node_modules/@sap/cds/server.js:61:3)\n    at async serve (/home/vcap/app/node_modules/@sap/cds/bin/serve.js:207:18)","test":"exception","timestamp":"2026-07-16T07:50:38.190Z","trace":[{"column":50,"file":"/home/vcap/app/node_modules/@sap/cds/lib/srv/cds-connect.js","function":"options4","line":63,"method":null,"native":false},{"column":48,"file":"/home/vcap/app/node_modules/@sap/cds/lib/srv/cds-connect.js","function":null,"line":33,"method":null,"native":false},{"column":5,"file":"/home/vcap/app/node_modules/@sap/cds/lib/srv/cds-connect.js","function":"connect.to","line":51,"method":"to","native":false},{"column":45,"file":"/home/vcap/app/srv/service.js","function":null,"line":12,"method":null,"native":false},{"column":16,"file":"/home/vcap/app/node_modules/@sap/cds/lib/srv/factory.js","function":"exports.init","line":75,"method":"init","native":false},{"column":null,"file":null,"function":"async Promise.all","line":null,"method":"all","native":false},{"column":16,"file":"/home/vcap/app/node_modules/@sap/cds/lib/srv/cds-serve.js","function":"async _cds_serve","line":32,"method":null,"native":false},{"column":3,"file":"/home/vcap/app/node_modules/@sap/cds/server.js","function":"async cds_server","line":61,"method":null,"native":false},{"column":18,"file":"/home/vcap/app/node_modules/@sap/cds/bin/serve.js","function":"async serve","line":207,"method":null,"native":false}],"written_at":"2026-07-16T07:50:38.190Z","written_ts":1784188238190} (STDOUT, APP/PROC/WEB)#
#2026 07 16 07:50:48.268#Z#DEBUG#a9262da0-80ea-11f1-b4c6-eeee0a8be332.Inventory-assistant-srv#flowable-async-job-executor-thread-42643#
[PollStartAppStatusExecution] 55452eb1-268d-4f32-9a08-a67bae3cbd50 [2026-07-16T07:50:41.217215] npm notice (STDERR, APP/PROC/WEB)#
#2026 07 16 07:50:48.268#Z#DEBUG#a9262da0-80ea-11f1-b4c6-eeee0a8be332.Inventory-assistant-srv#flowable-async-job-executor-thread-42643#
[PollStartAppStatusExecution] 55452eb1-268d-4f32-9a08-a67bae3cbd50 [2026-07-16T07:50:41.217247] npm notice New major version of npm available! 11.12.1 -> 12.0.1 (STDERR, APP/PROC/WEB)#
#2026 07 16 07:50:48.268#Z#DEBUG#a9262da0-80ea-11f1-b4c6-eeee0a8be332.Inventory-assistant-srv#flowable-async-job-executor-thread-42643#
[PollStartAppStatusExecution] 55452eb1-268d-4f32-9a08-a67bae3cbd50 [2026-07-16T07:50:41.217252] npm notice Changelog: https://github.com/npm/cli/releases/tag/v12.0.1 (STDERR, APP/PROC/WEB)#
#2026 07 16 07:50:48.268#Z#DEBUG#a9262da0-80ea-11f1-b4c6-eeee0a8be332.Inventory-assistant-srv#flowable-async-job-executor-thread-42643#
[PollStartAppStatusExecution] 55452eb1-268d-4f32-9a08-a67bae3cbd50 [2026-07-16T07:50:41.217289] npm notice To update run: npm install -g npm@12.0.1 (STDERR, APP/PROC/WEB)#
#2026 07 16 07:50:48.268#Z#DEBUG#a9262da0-80ea-11f1-b4c6-eeee0a8be332.Inventory-assistant-srv#flowable-async-job-executor-thread-42643#
[PollStartAppStatusExecution] 55452eb1-268d-4f32-9a08-a67bae3cbd50 [2026-07-16T07:50:41.217292] npm notice (STDERR, APP/PROC/WEB)#
#2026 07 16 07:50:48.268#Z#DEBUG#a9262da0-80ea-11f1-b4c6-eeee0a8be332.Inventory-assistant-srv#flowable-async-job-executor-thread-42643#
[PollStartAppStatusExecution] 55452eb1-268d-4f32-9a08-a67bae3cbd50 [2026-07-16T07:50:41.284516] Exit status 1 (STDOUT, APP/PROC/WEB)#
#2026 07 16 07:50:48.268#Z#DEBUG#a9262da0-80ea-11f1-b4c6-eeee0a8be332.Inventory-assistant-srv#flowable-async-job-executor-thread-42643#
[PollStartAppStatusExecution] 55452eb1-268d-4f32-9a08-a67bae3cbd50 [2026-07-16T07:50:46.893221] Cell d1cc041a-d5a1-41d6-b9f6-6cda736ce3f0 stopping instance f738c2e3-6538-414b-6ba2-dfb1 (STDOUT, CELL)#
#2026 07 16 07:50:48.268#Z#DEBUG#a9262da0-80ea-11f1-b4c6-eeee0a8be332.Inventory-assistant-srv#flowable-async-job-executor-thread-42643#
[PollStartAppStatusExecution] 55452eb1-268d-4f32-9a08-a67bae3cbd50 [2026-07-16T07:50:46.893269] Cell d1cc041a-d5a1-41d6-b9f6-6cda736ce3f0 destroying container for instance f738c2e3-6538-414b-6ba2-dfb1 (STDOUT, CELL)#
#2026 07 16 07:50:48.268#Z#DEBUG#a9262da0-80ea-11f1-b4c6-eeee0a8be332.Inventory-assistant-srv#flowable-async-job-executor-thread-42643#
[PollStartAppStatusExecution] 55452eb1-268d-4f32-9a08-a67bae3cbd50 [2026-07-16T07:50:46.900233] Process has crashed with type: "web" (STDOUT, API)#
#2026 07 16 07:50:48.268#Z#DEBUG#a9262da0-80ea-11f1-b4c6-eeee0a8be332.Inventory-assistant-srv#flowable-async-job-executor-thread-42643#
[PollStartAppStatusExecution] 55452eb1-268d-4f32-9a08-a67bae3cbd50 [2026-07-16T07:50:46.912069] App instance exited with guid 55452eb1-268d-4f32-9a08-a67bae3cbd50 payload: {"instance"=>"f738c2e3-6538-414b-6ba2-dfb1", "index"=>0, "cell_id"=>"d1cc041a-d5a1-41d6-b9f6-6cda736ce3f0", "reason"=>"CRASHED", "exit_description"=>"APP/PROC/WEB: Exited with status 1", "crash_count"=>1, "crash_timestamp"=>1784188246876754028, "version"=>"8b4aad8c-b48e-4aa6-b542-f2a1f7609414"} (STDOUT, API)#
#2026 07 16 07:50:48.268#Z#DEBUG#a9262da0-80ea-11f1-b4c6-eeee0a8be332.Inventory-assistant-srv#flowable-async-job-executor-thread-42643#
[PollStartAppStatusExecution] 55452eb1-268d-4f32-9a08-a67bae3cbd50 [2026-07-16T07:50:47.010492] Cell c839c7b1-088e-41af-b9b7-66256aacd457 creating container for instance 405e7e8f-7007-42ba-40dc-7e3e (STDOUT, CELL)#
#2026 07 16 07:50:48.268#Z#DEBUG#a9262da0-80ea-11f1-b4c6-eeee0a8be332.Inventory-assistant-srv#flowable-async-job-executor-thread-42643#
[PollStartAppStatusExecution] 55452eb1-268d-4f32-9a08-a67bae3cbd50 [2026-07-16T07:50:47.105752] Exit status 137 (STDOUT, PROXY)#
#2026 07 16 07:50:58.442#Z#DEBUG#a9262da0-80ea-11f1-b4c6-eeee0a8be332.Inventory-assistant-srv#flowable-async-job-executor-thread-42651#
[PollStartAppStatusExecution] 55452eb1-268d-4f32-9a08-a67bae3cbd50 [2026-07-16T07:50:47.939669] Security group rules were updated (STDOUT, CELL)#
#2026 07 16 07:50:58.442#Z#DEBUG#a9262da0-80ea-11f1-b4c6-eeee0a8be332.Inventory-assistant-srv#flowable-async-job-executor-thread-42651#
[PollStartAppStatusExecution] 55452eb1-268d-4f32-9a08-a67bae3cbd50 [2026-07-16T07:50:48.049703] Cell c839c7b1-088e-41af-b9b7-66256aacd457 successfully created container for instance 405e7e8f-7007-42ba-40dc-7e3e (STDOUT, CELL)#
#2026 07 16 07:50:58.442#Z#DEBUG#a9262da0-80ea-11f1-b4c6-eeee0a8be332.Inventory-assistant-srv#flowable-async-job-executor-thread-42651#
[PollStartAppStatusExecution] 55452eb1-268d-4f32-9a08-a67bae3cbd50 [2026-07-16T07:50:48.957917] Downloading droplet... (STDOUT, CELL)#
#2026 07 16 07:50:58.442#Z#DEBUG#a9262da0-80ea-11f1-b4c6-eeee0a8be332.Inventory-assistant-srv#flowable-async-job-executor-thread-42651#
[PollStartAppStatusExecution] 55452eb1-268d-4f32-9a08-a67bae3cbd50 [2026-07-16T07:50:49.557031] Cell d1cc041a-d5a1-41d6-b9f6-6cda736ce3f0 successfully destroyed container for instance f738c2e3-6538-414b-6ba2-dfb1 (STDOUT, CELL)#
#2026 07 16 07:50:58.442#Z#DEBUG#a9262da0-80ea-11f1-b4c6-eeee0a8be332.Inventory-assistant-srv#flowable-async-job-executor-thread-42651#
[PollStartAppStatusExecution] 55452eb1-268d-4f32-9a08-a67bae3cbd50 [2026-07-16T07:50:54.322693] Downloaded droplet (61.4M) (STDOUT, CELL)#
#2026 07 16 07:50:58.442#Z#DEBUG#a9262da0-80ea-11f1-b4c6-eeee0a8be332.Inventory-assistant-srv#flowable-async-job-executor-thread-42651#
[PollStartAppStatusExecution] 55452eb1-268d-4f32-9a08-a67bae3cbd50 [2026-07-16T07:50:54.322878] Starting health monitoring of container (STDOUT, CELL)#
#2026 07 16 07:50:58.442#Z#DEBUG#a9262da0-80ea-11f1-b4c6-eeee0a8be332.Inventory-assistant-srv#flowable-async-job-executor-thread-42651#
[PollStartAppStatusExecution] 55452eb1-268d-4f32-9a08-a67bae3cbd50 [2026-07-16T07:50:54.471016] Invoking pre-start scripts. (STDOUT, APP/PROC/WEB)#
#2026 07 16 07:50:58.442#Z#DEBUG#a9262da0-80ea-11f1-b4c6-eeee0a8be332.Inventory-assistant-srv#flowable-async-job-executor-thread-42651#
[PollStartAppStatusExecution] 55452eb1-268d-4f32-9a08-a67bae3cbd50 [2026-07-16T07:50:54.757763] Invoking start command. (STDOUT, APP/PROC/WEB)#
#2026 07 16 07:50:58.442#Z#DEBUG#a9262da0-80ea-11f1-b4c6-eeee0a8be332.Inventory-assistant-srv#flowable-async-job-executor-thread-42651#
[PollStartAppStatusExecution] 55452eb1-268d-4f32-9a08-a67bae3cbd50 [2026-07-16T07:50:55.334082] > Inventory-assistant@1.0.0 start (STDOUT, APP/PROC/WEB)#
#2026 07 16 07:50:58.442#Z#DEBUG#a9262da0-80ea-11f1-b4c6-eeee0a8be332.Inventory-assistant-srv#flowable-async-job-executor-thread-42651#
[PollStartAppStatusExecution] 55452eb1-268d-4f32-9a08-a67bae3cbd50 [2026-07-16T07:50:55.334118] > cds-serve (STDOUT, APP/PROC/WEB)#
#2026 07 16 07:50:58.442#Z#DEBUG#a9262da0-80ea-11f1-b4c6-eeee0a8be332.Inventory-assistant-srv#flowable-async-job-executor-thread-42651#
[PollStartAppStatusExecution] 55452eb1-268d-4f32-9a08-a67bae3cbd50 [2026-07-16T07:50:56.017815] {"level":"info","logger":"cds","timestamp":"2026-07-16T07:50:56.016Z","layer":"cds","component_type":"application","container_id":"10.32.2.6","component_id":"55452eb1-268d-4f32-9a08-a67bae3cbd50","component_name":"Inventory-assistant-srv","component_instance":0,"source_instance":0,"organization_name":"b6bbf2b9trial","organization_id":"21d35fcb-97d5-491b-8035-d8ae87309fad","space_name":"dev","space_id":"d36d3dbf-9d83-4ee0-8d50-d5ad45be3f2a","msg":"loaded model from 1 file(s):\n ","type":"log"} (STDOUT, APP/PROC/WEB)#
#2026 07 16 07:50:58.442#Z#DEBUG#a9262da0-80ea-11f1-b4c6-eeee0a8be332.Inventory-assistant-srv#flowable-async-job-executor-thread-42651#
[PollStartAppStatusExecution] 55452eb1-268d-4f32-9a08-a67bae3cbd50 [2026-07-16T07:50:56.018615] srv/csn.json (STDOUT, APP/PROC/WEB)#
#2026 07 16 07:50:58.442#Z#DEBUG#a9262da0-80ea-11f1-b4c6-eeee0a8be332.Inventory-assistant-srv#flowable-async-job-executor-thread-42651#
[PollStartAppStatusExecution] 55452eb1-268d-4f32-9a08-a67bae3cbd50 [2026-07-16T07:50:56.521205] {"level":"info","logger":"cds","timestamp":"2026-07-16T07:50:56.520Z","layer":"cds","component_type":"application","container_id":"10.32.2.6","component_id":"55452eb1-268d-4f32-9a08-a67bae3cbd50","component_name":"Inventory-assistant-srv","component_instance":0,"source_instance":0,"organization_name":"b6bbf2b9trial","organization_id":"21d35fcb-97d5-491b-8035-d8ae87309fad","space_name":"dev","space_id":"d36d3dbf-9d83-4ee0-8d50-d5ad45be3f2a","msg":"connect to db > hana {\n  database_id: 'f16fafbb-8883-48e8-ac75-e3a0096403de',\n  host: 'f16fafbb-8883-48e8-ac75-e3a0096403de.hna1.prod-us10.hanacloud.ondemand.com',\n  port: '443',\n  driver: 'com.sap.db.jdbc.Driver',\n  url: 'jdbc:sap://f16fafbb-8883-48e8-ac75-e3a0096403de.hna1.prod-us10.hanacloud.ondemand.com:443?encrypt=true&validateCertificate=true&currentschema=A92839A15A284357B6CC9CCA9CED9FCC',\n  schema: 'A92839A15A284357B6CC9CCA9CED9FCC',\n  certificate: '...',\n  hdi_user: 'A92839A15A284357B6CC9CCA9CED9FCC_3BGUWZJA5QHZKLX1Z7LR1MD8K_DT',\n  hdi_password: '...',\n  user: 'A92839A15A284357B6CC9CCA9CED9FCC_3BGUWZJA5QHZKLX1Z7LR1MD8K_RT',\n  password: '...'\n}","type":"log"} (STDOUT, APP/PROC/WEB)#
#2026 07 16 07:50:58.442#Z#DEBUG#a9262da0-80ea-11f1-b4c6-eeee0a8be332.Inventory-assistant-srv#flowable-async-job-executor-thread-42651#
[PollStartAppStatusExecution] 55452eb1-268d-4f32-9a08-a67bae3cbd50 [2026-07-16T07:50:56.905251] {"level":"info","logger":"cds","timestamp":"2026-07-16T07:50:56.904Z","layer":"cds","component_type":"application","container_id":"10.32.2.6","component_id":"55452eb1-268d-4f32-9a08-a67bae3cbd50","component_name":"Inventory-assistant-srv","component_instance":0,"source_instance":0,"organization_name":"b6bbf2b9trial","organization_id":"21d35fcb-97d5-491b-8035-d8ae87309fad","space_name":"dev","space_id":"d36d3dbf-9d83-4ee0-8d50-d5ad45be3f2a","msg":"connect to ZAPI_MATERIAL_STOCK_SRV1 > odata-v2 {\n  destination: 's3d-destination',\n  path: '/sap/opu/odata/sap/API_MATERIAL_STOCK_SRV'\n}","type":"log"} (STDOUT, APP/PROC/WEB)#
#2026 07 16 07:50:58.442#Z#DEBUG#a9262da0-80ea-11f1-b4c6-eeee0a8be332.Inventory-assistant-srv#flowable-async-job-executor-thread-42651#
[PollStartAppStatusExecution] 55452eb1-268d-4f32-9a08-a67bae3cbd50 [2026-07-16T07:50:56.905434] {"level":"info","logger":"cds","timestamp":"2026-07-16T07:50:56.905Z","layer":"cds","component_type":"application","container_id":"10.32.2.6","component_id":"55452eb1-268d-4f32-9a08-a67bae3cbd50","component_name":"Inventory-assistant-srv","component_instance":0,"source_instance":0,"organization_name":"b6bbf2b9trial","organization_id":"21d35fcb-97d5-491b-8035-d8ae87309fad","space_name":"dev","space_id":"d36d3dbf-9d83-4ee0-8d50-d5ad45be3f2a","msg":"connect to ZAPI_OUTBOUND_DELIVERY_SRV1 > odata-v2 {\n  destination: 's3d-destination',\n  path: '/sap/opu/odata/sap/API_OUTBOUND_DELIVERY_SRV'\n}","type":"log"} (STDOUT, APP/PROC/WEB)#
#2026 07 16 07:50:58.442#Z#DEBUG#a9262da0-80ea-11f1-b4c6-eeee0a8be332.Inventory-assistant-srv#flowable-async-job-executor-thread-42651#
[PollStartAppStatusExecution] 55452eb1-268d-4f32-9a08-a67bae3cbd50 [2026-07-16T07:50:56.905762] {"level":"info","logger":"cds","timestamp":"2026-07-16T07:50:56.905Z","layer":"cds","component_type":"application","container_id":"10.32.2.6","component_id":"55452eb1-268d-4f32-9a08-a67bae3cbd50","component_name":"Inventory-assistant-srv","component_instance":0,"source_instance":0,"organization_name":"b6bbf2b9trial","organization_id":"21d35fcb-97d5-491b-8035-d8ae87309fad","space_name":"dev","space_id":"d36d3dbf-9d83-4ee0-8d50-d5ad45be3f2a","msg":"connect to ZAPI_RESERVATION_DOCUMENT_SRV1 > odata-v2 {\n  destination: 's3d-destination',\n  path: '/sap/opu/odata/sap/API_RESERVATION_DOCUMENT_SRV'\n}","type":"log"} (STDOUT, APP/PROC/WEB)#
#2026 07 16 07:50:58.442#Z#DEBUG#a9262da0-80ea-11f1-b4c6-eeee0a8be332.Inventory-assistant-srv#flowable-async-job-executor-thread-42651#
[PollStartAppStatusExecution] 55452eb1-268d-4f32-9a08-a67bae3cbd50 [2026-07-16T07:50:56.905862] {"level":"info","logger":"cds","timestamp":"2026-07-16T07:50:56.905Z","layer":"cds","component_type":"application","container_id":"10.32.2.6","component_id":"55452eb1-268d-4f32-9a08-a67bae3cbd50","component_name":"Inventory-assistant-srv","component_instance":0,"source_instance":0,"organization_name":"b6bbf2b9trial","organization_id":"21d35fcb-97d5-491b-8035-d8ae87309fad","space_name":"dev","space_id":"d36d3dbf-9d83-4ee0-8d50-d5ad45be3f2a","msg":"connect to ZBA_SALESORDER_ITEM_SRV1 > odata-v2 {\n  destination: 's3d-destination',\n  path: '/sap/opu/odata/sap/ZBA_SALESORDER_ITEM_SRV'\n}","type":"log"} (STDOUT, APP/PROC/WEB)#
#2026 07 16 07:50:58.442#Z#DEBUG#a9262da0-80ea-11f1-b4c6-eeee0a8be332.Inventory-assistant-srv#flowable-async-job-executor-thread-42651#
[PollStartAppStatusExecution] 55452eb1-268d-4f32-9a08-a67bae3cbd50 [2026-07-16T07:50:56.932974] {"date":"Thu Jul 16 2026 07:50:56 GMT+0000 (Coordinated Universal Time)","error":{},"exception":true,"level":"error","logger":"sap-cloud-sdk-logger","message":"uncaughtException: Didn't find a configuration for 'cds.requires.API_SALES_ORDER_SRV' in /home/vcap/app\nError: Didn't find a configuration for 'cds.requires.API_SALES_ORDER_SRV' in /home/vcap/app\n    at options4 (/home/vcap/app/node_modules/@sap/cds/lib/srv/cds-connect.js:63:50)\n    at /home/vcap/app/node_modules/@sap/cds/lib/srv/cds-connect.js:33:48\n    at connect.to (/home/vcap/app/node_modules/@sap/cds/lib/srv/cds-connect.js:51:5)\n    at ApplicationService.<anonymous> (/home/vcap/app/srv/service.js:12:45)\n    at exports.init (/home/vcap/app/node_modules/@sap/cds/lib/srv/factory.js:75:16)\n    at async Promise.all (index 4)\n    at async _cds_serve (/home/vcap/app/node_modules/@sap/cds/lib/srv/cds-serve.js:32:16)\n    at async cds_server (/home/vcap/app/node_modules/@sap/cds/server.js:61:3)\n    at async serve (/home/vcap/app/node_modules/@sap/cds/bin/serve.js:207:18)","msg":"Error: Didn't find a configuration for 'cds.requires.API_SALES_ORDER_SRV' in /home/vcap/app\n    at options4 (/home/vcap/app/node_modules/@sap/cds/lib/srv/cds-connect.js:63:50)\n    at /home/vcap/app/node_modules/@sap/cds/lib/srv/cds-connect.js:33:48\n    at connect.to (/home/vcap/app/node_modules/@sap/cds/lib/srv/cds-connect.js:51:5)\n    at ApplicationService.<anonymous> (/home/vcap/app/srv/service.js:12:45)\n    at exports.init (/home/vcap/app/node_modules/@sap/cds/lib/srv/factory.js:75:16)\n    at async Promise.all (index 4)\n    at async _cds_serve (/home/vcap/app/node_modules/@sap/cds/lib/srv/cds-serve.js:32:16)\n    at async cds_server (/home/vcap/app/node_modules/@sap/cds/server.js:61:3)\n    at async serve (/home/vcap/app/node_modules/@sap/cds/bin/serve.js:207:18)","os":{"loadavg":[328.52,315.05,312.33],"uptime":672418.25},"process":{"argv":["/home/vcap/deps/0/node/bin/node","/home/vcap/app/node_modules/.bin/cds-serve"],"cwd":"/home/vcap/app","execPath":"/home/vcap/deps/0/node/bin/node","gid":2000,"memoryUsage":{"arrayBuffers":471914,"external":5310831,"heapTotal":66387968,"heapUsed":40070208,"rss":134262784},"pid":225,"uid":2000,"version":"v24.15.0"},"stack":"Error: Didn't find a configuration for 'cds.requires.API_SALES_ORDER_SRV' in /home/vcap/app\n    at options4 (/home/vcap/app/node_modules/@sap/cds/lib/srv/cds-connect.js:63:50)\n    at /home/vcap/app/node_modules/@sap/cds/lib/srv/cds-connect.js:33:48\n    at connect.to (/home/vcap/app/node_modules/@sap/cds/lib/srv/cds-connect.js:51:5)\n    at ApplicationService.<anonymous> (/home/vcap/app/srv/service.js:12:45)\n    at exports.init (/home/vcap/app/node_modules/@sap/cds/lib/srv/factory.js:75:16)\n    at async Promise.all (index 4)\n    at async _cds_serve (/home/vcap/app/node_modules/@sap/cds/lib/srv/cds-serve.js:32:16)\n    at async cds_server (/home/vcap/app/node_modules/@sap/cds/server.js:61:3)\n    at async serve (/home/vcap/app/node_modules/@sap/cds/bin/serve.js:207:18)","test":"exception","timestamp":"2026-07-16T07:50:56.930Z","trace":[{"column":50,"file":"/home/vcap/app/node_modules/@sap/cds/lib/srv/cds-connect.js","function":"options4","line":63,"method":null,"native":false},{"column":48,"file":"/home/vcap/app/node_modules/@sap/cds/lib/srv/cds-connect.js","function":null,"line":33,"method":null,"native":false},{"column":5,"file":"/home/vcap/app/node_modules/@sap/cds/lib/srv/cds-connect.js","function":"connect.to","line":51,"method":"to","native":false},{"column":45,"file":"/home/vcap/app/srv/service.js","function":null,"line":12,"method":null,"native":false},{"column":16,"file":"/home/vcap/app/node_modules/@sap/cds/lib/srv/factory.js","function":"exports.init","line":75,"method":"init","native":false},{"column":null,"file":null,"function":"async Promise.all","line":null,"method":"all","native":false},{"column":16,"file":"/home/vcap/app/node_modules/@sap/cds/lib/srv/cds-serve.js","function":"async _cds_serve","line":32,"method":null,"native":false},{"column":3,"file":"/home/vcap/app/node_modules/@sap/cds/server.js","function":"async cds_server","line":61,"method":null,"native":false},{"column":18,"file":"/home/vcap/app/node_modules/@sap/cds/bin/serve.js","function":"async serve","line":207,"method":null,"native":false}],"written_at":"2026-07-16T07:50:56.930Z","written_ts":1784188256930} (STDOUT, APP/PROC/WEB)#
#2026 07 16 07:51:08.588#Z#DEBUG#a9262da0-80ea-11f1-b4c6-eeee0a8be332.Inventory-assistant-srv#flowable-async-job-executor-thread-42657#
[PollStartAppStatusExecution] 55452eb1-268d-4f32-9a08-a67bae3cbd50 [2026-07-16T07:50:59.967118] npm notice (STDERR, APP/PROC/WEB)#
#2026 07 16 07:51:08.588#Z#DEBUG#a9262da0-80ea-11f1-b4c6-eeee0a8be332.Inventory-assistant-srv#flowable-async-job-executor-thread-42657#
[PollStartAppStatusExecution] 55452eb1-268d-4f32-9a08-a67bae3cbd50 [2026-07-16T07:50:59.967167] npm notice New major version of npm available! 11.12.1 -> 12.0.1 (STDERR, APP/PROC/WEB)#
#2026 07 16 07:51:08.588#Z#DEBUG#a9262da0-80ea-11f1-b4c6-eeee0a8be332.Inventory-assistant-srv#flowable-async-job-executor-thread-42657#
[PollStartAppStatusExecution] 55452eb1-268d-4f32-9a08-a67bae3cbd50 [2026-07-16T07:50:59.967174] npm notice Changelog: https://github.com/npm/cli/releases/tag/v12.0.1 (STDERR, APP/PROC/WEB)#
#2026 07 16 07:51:08.588#Z#DEBUG#a9262da0-80ea-11f1-b4c6-eeee0a8be332.Inventory-assistant-srv#flowable-async-job-executor-thread-42657#
[PollStartAppStatusExecution] 55452eb1-268d-4f32-9a08-a67bae3cbd50 [2026-07-16T07:50:59.967177] npm notice To update run: npm install -g npm@12.0.1 (STDERR, APP/PROC/WEB)#
#2026 07 16 07:51:08.589#Z#DEBUG#a9262da0-80ea-11f1-b4c6-eeee0a8be332.Inventory-assistant-srv#flowable-async-job-executor-thread-42657#
[PollStartAppStatusExecution] 55452eb1-268d-4f32-9a08-a67bae3cbd50 [2026-07-16T07:50:59.967180] npm notice (STDERR, APP/PROC/WEB)#
#2026 07 16 07:51:08.589#Z#DEBUG#a9262da0-80ea-11f1-b4c6-eeee0a8be332.Inventory-assistant-srv#flowable-async-job-executor-thread-42657#
[PollStartAppStatusExecution] 55452eb1-268d-4f32-9a08-a67bae3cbd50 [2026-07-16T07:51:00.044363] Exit status 1 (STDOUT, APP/PROC/WEB)#
#2026 07 16 07:51:08.589#Z#DEBUG#a9262da0-80ea-11f1-b4c6-eeee0a8be332.Inventory-assistant-srv#flowable-async-job-executor-thread-42657#
[PollStartAppStatusExecution] 55452eb1-268d-4f32-9a08-a67bae3cbd50 [2026-07-16T07:51:05.658056] Cell c839c7b1-088e-41af-b9b7-66256aacd457 stopping instance 405e7e8f-7007-42ba-40dc-7e3e (STDOUT, CELL)#
#2026 07 16 07:51:08.589#Z#DEBUG#a9262da0-80ea-11f1-b4c6-eeee0a8be332.Inventory-assistant-srv#flowable-async-job-executor-thread-42657#
[PollStartAppStatusExecution] 55452eb1-268d-4f32-9a08-a67bae3cbd50 [2026-07-16T07:51:05.658113] Cell c839c7b1-088e-41af-b9b7-66256aacd457 destroying container for instance 405e7e8f-7007-42ba-40dc-7e3e (STDOUT, CELL)#
#2026 07 16 07:51:08.589#Z#DEBUG#a9262da0-80ea-11f1-b4c6-eeee0a8be332.Inventory-assistant-srv#flowable-async-job-executor-thread-42657#
[PollStartAppStatusExecution] 55452eb1-268d-4f32-9a08-a67bae3cbd50 [2026-07-16T07:51:05.663341] Process has crashed with type: "web" (STDOUT, API)#
#2026 07 16 07:51:08.589#Z#DEBUG#a9262da0-80ea-11f1-b4c6-eeee0a8be332.Inventory-assistant-srv#flowable-async-job-executor-thread-42657#
[PollStartAppStatusExecution] 55452eb1-268d-4f32-9a08-a67bae3cbd50 [2026-07-16T07:51:05.675723] App instance exited with guid 55452eb1-268d-4f32-9a08-a67bae3cbd50 payload: {"instance"=>"405e7e8f-7007-42ba-40dc-7e3e", "index"=>0, "cell_id"=>"c839c7b1-088e-41af-b9b7-66256aacd457", "reason"=>"CRASHED", "exit_description"=>"APP/PROC/WEB: Exited with status 1", "crash_count"=>2, "crash_timestamp"=>1784188265641473697, "version"=>"8b4aad8c-b48e-4aa6-b542-f2a1f7609414"} (STDOUT, API)#
#2026 07 16 07:51:08.589#Z#DEBUG#a9262da0-80ea-11f1-b4c6-eeee0a8be332.Inventory-assistant-srv#flowable-async-job-executor-thread-42657#
[PollStartAppStatusExecution] 55452eb1-268d-4f32-9a08-a67bae3cbd50 [2026-07-16T07:51:05.788036] Cell d1cc041a-d5a1-41d6-b9f6-6cda736ce3f0 creating container for instance 4901bc72-3bd9-4016-583f-7f60 (STDOUT, CELL)#
#2026 07 16 07:51:08.589#Z#DEBUG#a9262da0-80ea-11f1-b4c6-eeee0a8be332.Inventory-assistant-srv#flowable-async-job-executor-thread-42657#
[PollStartAppStatusExecution] 55452eb1-268d-4f32-9a08-a67bae3cbd50 [2026-07-16T07:51:05.890788] Exit status 137 (STDOUT, PROXY)#
#2026 07 16 07:51:08.589#Z#DEBUG#a9262da0-80ea-11f1-b4c6-eeee0a8be332.Inventory-assistant-srv#flowable-async-job-executor-thread-42657#
[PollStartAppStatusExecution] 55452eb1-268d-4f32-9a08-a67bae3cbd50 [2026-07-16T07:51:06.705882] Security group rules were updated (STDOUT, CELL)#
#2026 07 16 07:51:08.589#Z#DEBUG#a9262da0-80ea-11f1-b4c6-eeee0a8be332.Inventory-assistant-srv#flowable-async-job-executor-thread-42657#
[PollStartAppStatusExecution] 55452eb1-268d-4f32-9a08-a67bae3cbd50 [2026-07-16T07:51:06.853399] Cell d1cc041a-d5a1-41d6-b9f6-6cda736ce3f0 successfully created container for instance 4901bc72-3bd9-4016-583f-7f60 (STDOUT, CELL)#
#2026 07 16 07:51:08.589#Z#DEBUG#a9262da0-80ea-11f1-b4c6-eeee0a8be332.Inventory-assistant-srv#flowable-async-job-executor-thread-42657#
[PollStartAppStatusExecution] 55452eb1-268d-4f32-9a08-a67bae3cbd50 [2026-07-16T07:51:07.259532] Downloading droplet... (STDOUT, CELL)#
#2026 07 16 07:51:18.736#Z#DEBUG#a9262da0-80ea-11f1-b4c6-eeee0a8be332.Inventory-assistant-srv#flowable-async-job-executor-thread-42669#
[PollStartAppStatusExecution] 55452eb1-268d-4f32-9a08-a67bae3cbd50 [2026-07-16T07:51:08.352181] Cell c839c7b1-088e-41af-b9b7-66256aacd457 successfully destroyed container for instance 405e7e8f-7007-42ba-40dc-7e3e (STDOUT, CELL)#
#2026 07 16 07:51:18.736#Z#DEBUG#a9262da0-80ea-11f1-b4c6-eeee0a8be332.Inventory-assistant-srv#flowable-async-job-executor-thread-42669#
[PollStartAppStatusExecution] 55452eb1-268d-4f32-9a08-a67bae3cbd50 [2026-07-16T07:51:08.908993] Downloaded droplet (STDOUT, CELL)#
#2026 07 16 07:51:18.736#Z#DEBUG#a9262da0-80ea-11f1-b4c6-eeee0a8be332.Inventory-assistant-srv#flowable-async-job-executor-thread-42669#
[PollStartAppStatusExecution] 55452eb1-268d-4f32-9a08-a67bae3cbd50 [2026-07-16T07:51:08.909202] Starting health monitoring of container (STDOUT, CELL)#
#2026 07 16 07:51:18.736#Z#DEBUG#a9262da0-80ea-11f1-b4c6-eeee0a8be332.Inventory-assistant-srv#flowable-async-job-executor-thread-42669#
[PollStartAppStatusExecution] 55452eb1-268d-4f32-9a08-a67bae3cbd50 [2026-07-16T07:51:09.061862] Invoking pre-start scripts. (STDOUT, APP/PROC/WEB)#
#2026 07 16 07:51:18.736#Z#DEBUG#a9262da0-80ea-11f1-b4c6-eeee0a8be332.Inventory-assistant-srv#flowable-async-job-executor-thread-42669#
[PollStartAppStatusExecution] 55452eb1-268d-4f32-9a08-a67bae3cbd50 [2026-07-16T07:51:09.299817] Invoking start command. (STDOUT, APP/PROC/WEB)#
#2026 07 16 07:51:18.736#Z#DEBUG#a9262da0-80ea-11f1-b4c6-eeee0a8be332.Inventory-assistant-srv#flowable-async-job-executor-thread-42669#
[PollStartAppStatusExecution] 55452eb1-268d-4f32-9a08-a67bae3cbd50 [2026-07-16T07:51:09.759084] > Inventory-assistant@1.0.0 start (STDOUT, APP/PROC/WEB)#
#2026 07 16 07:51:18.736#Z#DEBUG#a9262da0-80ea-11f1-b4c6-eeee0a8be332.Inventory-assistant-srv#flowable-async-job-executor-thread-42669#
[PollStartAppStatusExecution] 55452eb1-268d-4f32-9a08-a67bae3cbd50 [2026-07-16T07:51:09.759122] > cds-serve (STDOUT, APP/PROC/WEB)#
#2026 07 16 07:51:18.736#Z#DEBUG#a9262da0-80ea-11f1-b4c6-eeee0a8be332.Inventory-assistant-srv#flowable-async-job-executor-thread-42669#
[PollStartAppStatusExecution] 55452eb1-268d-4f32-9a08-a67bae3cbd50 [2026-07-16T07:51:10.231335] {"level":"info","logger":"cds","timestamp":"2026-07-16T07:51:10.229Z","layer":"cds","component_type":"application","container_id":"10.32.1.5","component_id":"55452eb1-268d-4f32-9a08-a67bae3cbd50","component_name":"Inventory-assistant-srv","component_instance":0,"source_instance":0,"organization_name":"b6bbf2b9trial","organization_id":"21d35fcb-97d5-491b-8035-d8ae87309fad","space_name":"dev","space_id":"d36d3dbf-9d83-4ee0-8d50-d5ad45be3f2a","msg":"loaded model from 1 file(s):\n ","type":"log"} (STDOUT, APP/PROC/WEB)#
#2026 07 16 07:51:18.736#Z#DEBUG#a9262da0-80ea-11f1-b4c6-eeee0a8be332.Inventory-assistant-srv#flowable-async-job-executor-thread-42669#
[PollStartAppStatusExecution] 55452eb1-268d-4f32-9a08-a67bae3cbd50 [2026-07-16T07:51:10.231712] srv/csn.json (STDOUT, APP/PROC/WEB)#
#2026 07 16 07:51:18.736#Z#DEBUG#a9262da0-80ea-11f1-b4c6-eeee0a8be332.Inventory-assistant-srv#flowable-async-job-executor-thread-42669#
[PollStartAppStatusExecution] 55452eb1-268d-4f32-9a08-a67bae3cbd50 [2026-07-16T07:51:10.565544] {"level":"info","logger":"cds","timestamp":"2026-07-16T07:51:10.564Z","layer":"cds","component_type":"application","container_id":"10.32.1.5","component_id":"55452eb1-268d-4f32-9a08-a67bae3cbd50","component_name":"Inventory-assistant-srv","component_instance":0,"source_instance":0,"organization_name":"b6bbf2b9trial","organization_id":"21d35fcb-97d5-491b-8035-d8ae87309fad","space_name":"dev","space_id":"d36d3dbf-9d83-4ee0-8d50-d5ad45be3f2a","msg":"connect to db > hana {\n  database_id: 'f16fafbb-8883-48e8-ac75-e3a0096403de',\n  host: 'f16fafbb-8883-48e8-ac75-e3a0096403de.hna1.prod-us10.hanacloud.ondemand.com',\n  port: '443',\n  driver: 'com.sap.db.jdbc.Driver',\n  url: 'jdbc:sap://f16fafbb-8883-48e8-ac75-e3a0096403de.hna1.prod-us10.hanacloud.ondemand.com:443?encrypt=true&validateCertificate=true&currentschema=A92839A15A284357B6CC9CCA9CED9FCC',\n  schema: 'A92839A15A284357B6CC9CCA9CED9FCC',\n  certificate: '...',\n  hdi_user: 'A92839A15A284357B6CC9CCA9CED9FCC_3BGUWZJA5QHZKLX1Z7LR1MD8K_DT',\n  hdi_password: '...',\n  user: 'A92839A15A284357B6CC9CCA9CED9FCC_3BGUWZJA5QHZKLX1Z7LR1MD8K_RT',\n  password: '...'\n}","type":"log"} (STDOUT, APP/PROC/WEB)#
#2026 07 16 07:51:18.736#Z#DEBUG#a9262da0-80ea-11f1-b4c6-eeee0a8be332.Inventory-assistant-srv#flowable-async-job-executor-thread-42669#
[PollStartAppStatusExecution] 55452eb1-268d-4f32-9a08-a67bae3cbd50 [2026-07-16T07:51:10.809186] {"level":"info","logger":"cds","timestamp":"2026-07-16T07:51:10.808Z","layer":"cds","component_type":"application","container_id":"10.32.1.5","component_id":"55452eb1-268d-4f32-9a08-a67bae3cbd50","component_name":"Inventory-assistant-srv","component_instance":0,"source_instance":0,"organization_name":"b6bbf2b9trial","organization_id":"21d35fcb-97d5-491b-8035-d8ae87309fad","space_name":"dev","space_id":"d36d3dbf-9d83-4ee0-8d50-d5ad45be3f2a","msg":"connect to ZAPI_MATERIAL_STOCK_SRV1 > odata-v2 {\n  destination: 's3d-destination',\n  path: '/sap/opu/odata/sap/API_MATERIAL_STOCK_SRV'\n}","type":"log"} (STDOUT, APP/PROC/WEB)#
#2026 07 16 07:51:18.736#Z#DEBUG#a9262da0-80ea-11f1-b4c6-eeee0a8be332.Inventory-assistant-srv#flowable-async-job-executor-thread-42669#
[PollStartAppStatusExecution] 55452eb1-268d-4f32-9a08-a67bae3cbd50 [2026-07-16T07:51:10.809216] {"level":"info","logger":"cds","timestamp":"2026-07-16T07:51:10.808Z","layer":"cds","component_type":"application","container_id":"10.32.1.5","component_id":"55452eb1-268d-4f32-9a08-a67bae3cbd50","component_name":"Inventory-assistant-srv","component_instance":0,"source_instance":0,"organization_name":"b6bbf2b9trial","organization_id":"21d35fcb-97d5-491b-8035-d8ae87309fad","space_name":"dev","space_id":"d36d3dbf-9d83-4ee0-8d50-d5ad45be3f2a","msg":"connect to ZAPI_OUTBOUND_DELIVERY_SRV1 > odata-v2 {\n  destination: 's3d-destination',\n  path: '/sap/opu/odata/sap/API_OUTBOUND_DELIVERY_SRV'\n}","type":"log"} (STDOUT, APP/PROC/WEB)#
#2026 07 16 07:51:18.736#Z#DEBUG#a9262da0-80ea-11f1-b4c6-eeee0a8be332.Inventory-assistant-srv#flowable-async-job-executor-thread-42669#
[PollStartAppStatusExecution] 55452eb1-268d-4f32-9a08-a67bae3cbd50 [2026-07-16T07:51:10.809330] {"level":"info","logger":"cds","timestamp":"2026-07-16T07:51:10.809Z","layer":"cds","component_type":"application","container_id":"10.32.1.5","component_id":"55452eb1-268d-4f32-9a08-a67bae3cbd50","component_name":"Inventory-assistant-srv","component_instance":0,"source_instance":0,"organization_name":"b6bbf2b9trial","organization_id":"21d35fcb-97d5-491b-8035-d8ae87309fad","space_name":"dev","space_id":"d36d3dbf-9d83-4ee0-8d50-d5ad45be3f2a","msg":"connect to ZAPI_RESERVATION_DOCUMENT_SRV1 > odata-v2 {\n  destination: 's3d-destination',\n  path: '/sap/opu/odata/sap/API_RESERVATION_DOCUMENT_SRV'\n}","type":"log"} (STDOUT, APP/PROC/WEB)#
#2026 07 16 07:51:18.736#Z#DEBUG#a9262da0-80ea-11f1-b4c6-eeee0a8be332.Inventory-assistant-srv#flowable-async-job-executor-thread-42669#
[PollStartAppStatusExecution] 55452eb1-268d-4f32-9a08-a67bae3cbd50 [2026-07-16T07:51:10.809362] {"level":"info","logger":"cds","timestamp":"2026-07-16T07:51:10.809Z","layer":"cds","component_type":"application","container_id":"10.32.1.5","component_id":"55452eb1-268d-4f32-9a08-a67bae3cbd50","component_name":"Inventory-assistant-srv","component_instance":0,"source_instance":0,"organization_name":"b6bbf2b9trial","organization_id":"21d35fcb-97d5-491b-8035-d8ae87309fad","space_name":"dev","space_id":"d36d3dbf-9d83-4ee0-8d50-d5ad45be3f2a","msg":"connect to ZBA_SALESORDER_ITEM_SRV1 > odata-v2 {\n  destination: 's3d-destination',\n  path: '/sap/opu/odata/sap/ZBA_SALESORDER_ITEM_SRV'\n}","type":"log"} (STDOUT, APP/PROC/WEB)#
#2026 07 16 07:51:18.736#Z#DEBUG#a9262da0-80ea-11f1-b4c6-eeee0a8be332.Inventory-assistant-srv#flowable-async-job-executor-thread-42669#
[PollStartAppStatusExecution] 55452eb1-268d-4f32-9a08-a67bae3cbd50 [2026-07-16T07:51:10.830027] {"date":"Thu Jul 16 2026 07:51:10 GMT+0000 (Coordinated Universal Time)","error":{},"exception":true,"level":"error","logger":"sap-cloud-sdk-logger","message":"uncaughtException: Didn't find a configuration for 'cds.requires.API_SALES_ORDER_SRV' in /home/vcap/app\nError: Didn't find a configuration for 'cds.requires.API_SALES_ORDER_SRV' in /home/vcap/app\n    at options4 (/home/vcap/app/node_modules/@sap/cds/lib/srv/cds-connect.js:63:50)\n    at /home/vcap/app/node_modules/@sap/cds/lib/srv/cds-connect.js:33:48\n    at connect.to (/home/vcap/app/node_modules/@sap/cds/lib/srv/cds-connect.js:51:5)\n    at ApplicationService.<anonymous> (/home/vcap/app/srv/service.js:12:45)\n    at exports.init (/home/vcap/app/node_modules/@sap/cds/lib/srv/factory.js:75:16)\n    at async Promise.all (index 4)\n    at async _cds_serve (/home/vcap/app/node_modules/@sap/cds/lib/srv/cds-serve.js:32:16)\n    at async cds_server (/home/vcap/app/node_modules/@sap/cds/server.js:61:3)\n    at async serve (/home/vcap/app/node_modules/@sap/cds/bin/serve.js:207:18)","msg":"Error: Didn't find a configuration for 'cds.requires.API_SALES_ORDER_SRV' in /home/vcap/app\n    at options4 (/home/vcap/app/node_modules/@sap/cds/lib/srv/cds-connect.js:63:50)\n    at /home/vcap/app/node_modules/@sap/cds/lib/srv/cds-connect.js:33:48\n    at connect.to (/home/vcap/app/node_modules/@sap/cds/lib/srv/cds-connect.js:51:5)\n    at ApplicationService.<anonymous> (/home/vcap/app/srv/service.js:12:45)\n    at exports.init (/home/vcap/app/node_modules/@sap/cds/lib/srv/factory.js:75:16)\n    at async Promise.all (index 4)\n    at async _cds_serve (/home/vcap/app/node_modules/@sap/cds/lib/srv/cds-serve.js:32:16)\n    at async cds_server (/home/vcap/app/node_modules/@sap/cds/server.js:61:3)\n    at async serve (/home/vcap/app/node_modules/@sap/cds/bin/serve.js:207:18)","os":{"loadavg":[170.61,184.99,188.24],"uptime":673858.12},"process":{"argv":["/home/vcap/deps/0/node/bin/node","/home/vcap/app/node_modules/.bin/cds-serve"],"cwd":"/home/vcap/app","execPath":"/home/vcap/deps/0/node/bin/node","gid":2000,"memoryUsage":{"arrayBuffers":471914,"external":5310831,"heapTotal":68673536,"heapUsed":43188040,"rss":138076160},"pid":222,"uid":2000,"version":"v24.15.0"},"stack":"Error: Didn't find a configuration for 'cds.requires.API_SALES_ORDER_SRV' in /home/vcap/app\n    at options4 (/home/vcap/app/node_modules/@sap/cds/lib/srv/cds-connect.js:63:50)\n    at /home/vcap/app/node_modules/@sap/cds/lib/srv/cds-connect.js:33:48\n    at connect.to (/home/vcap/app/node_modules/@sap/cds/lib/srv/cds-connect.js:51:5)\n    at ApplicationService.<anonymous> (/home/vcap/app/srv/service.js:12:45)\n    at exports.init (/home/vcap/app/node_modules/@sap/cds/lib/srv/factory.js:75:16)\n    at async Promise.all (index 4)\n    at async _cds_serve (/home/vcap/app/node_modules/@sap/cds/lib/srv/cds-serve.js:32:16)\n    at async cds_server (/home/vcap/app/node_modules/@sap/cds/server.js:61:3)\n    at async serve (/home/vcap/app/node_modules/@sap/cds/bin/serve.js:207:18)","test":"exception","timestamp":"2026-07-16T07:51:10.828Z","trace":[{"column":50,"file":"/home/vcap/app/node_modules/@sap/cds/lib/srv/cds-connect.js","function":"options4","line":63,"method":null,"native":false},{"column":48,"file":"/home/vcap/app/node_modules/@sap/cds/lib/srv/cds-connect.js","function":null,"line":33,"method":null,"native":false},{"column":5,"file":"/home/vcap/app/node_modules/@sap/cds/lib/srv/cds-connect.js","function":"connect.to","line":51,"method":"to","native":false},{"column":45,"file":"/home/vcap/app/srv/service.js","function":null,"line":12,"method":null,"native":false},{"column":16,"file":"/home/vcap/app/node_modules/@sap/cds/lib/srv/factory.js","function":"exports.init","line":75,"method":"init","native":false},{"column":null,"file":null,"function":"async Promise.all","line":null,"method":"all","native":false},{"column":16,"file":"/home/vcap/app/node_modules/@sap/cds/lib/srv/cds-serve.js","function":"async _cds_serve","line":32,"method":null,"native":false},{"column":3,"file":"/home/vcap/app/node_modules/@sap/cds/server.js","function":"async cds_server","line":61,"method":null,"native":false},{"column":18,"file":"/home/vcap/app/node_modules/@sap/cds/bin/serve.js","function":"async serve","line":207,"method":null,"native":false}],"written_at":"2026-07-16T07:51:10.828Z","written_ts":1784188270828} (STDOUT, APP/PROC/WEB)#
#2026 07 16 07:51:18.736#Z#DEBUG#a9262da0-80ea-11f1-b4c6-eeee0a8be332.Inventory-assistant-srv#flowable-async-job-executor-thread-42669#
[PollStartAppStatusExecution] 55452eb1-268d-4f32-9a08-a67bae3cbd50 [2026-07-16T07:51:13.858677] npm notice (STDERR, APP/PROC/WEB)#
#2026 07 16 07:51:18.736#Z#DEBUG#a9262da0-80ea-11f1-b4c6-eeee0a8be332.Inventory-assistant-srv#flowable-async-job-executor-thread-42669#
[PollStartAppStatusExecution] 55452eb1-268d-4f32-9a08-a67bae3cbd50 [2026-07-16T07:51:13.858721] npm notice New major version of npm available! 11.12.1 -> 12.0.1 (STDERR, APP/PROC/WEB)#
#2026 07 16 07:51:18.736#Z#DEBUG#a9262da0-80ea-11f1-b4c6-eeee0a8be332.Inventory-assistant-srv#flowable-async-job-executor-thread-42669#
[PollStartAppStatusExecution] 55452eb1-268d-4f32-9a08-a67bae3cbd50 [2026-07-16T07:51:13.858726] npm notice Changelog: https://github.com/npm/cli/releases/tag/v12.0.1 (STDERR, APP/PROC/WEB)#
#2026 07 16 07:51:18.736#Z#DEBUG#a9262da0-80ea-11f1-b4c6-eeee0a8be332.Inventory-assistant-srv#flowable-async-job-executor-thread-42669#
[PollStartAppStatusExecution] 55452eb1-268d-4f32-9a08-a67bae3cbd50 [2026-07-16T07:51:13.858728] npm notice To update run: npm install -g npm@12.0.1 (STDERR, APP/PROC/WEB)#
#2026 07 16 07:51:18.736#Z#DEBUG#a9262da0-80ea-11f1-b4c6-eeee0a8be332.Inventory-assistant-srv#flowable-async-job-executor-thread-42669#
[PollStartAppStatusExecution] 55452eb1-268d-4f32-9a08-a67bae3cbd50 [2026-07-16T07:51:13.858732] npm notice (STDERR, APP/PROC/WEB)#
#2026 07 16 07:51:18.736#Z#DEBUG#a9262da0-80ea-11f1-b4c6-eeee0a8be332.Inventory-assistant-srv#flowable-async-job-executor-thread-42669#
[PollStartAppStatusExecution] 55452eb1-268d-4f32-9a08-a67bae3cbd50 [2026-07-16T07:51:13.936275] Exit status 1 (STDOUT, APP/PROC/WEB)#
#2026 07 16 07:51:29.605#Z#DEBUG#a9262da0-80ea-11f1-b4c6-eeee0a8be332.Inventory-assistant-srv#flowable-async-job-executor-thread-42665#
[PollStartAppStatusExecution] 55452eb1-268d-4f32-9a08-a67bae3cbd50 [2026-07-16T07:51:19.388932] Cell d1cc041a-d5a1-41d6-b9f6-6cda736ce3f0 stopping instance 4901bc72-3bd9-4016-583f-7f60 (STDOUT, CELL)#
#2026 07 16 07:51:29.605#Z#DEBUG#a9262da0-80ea-11f1-b4c6-eeee0a8be332.Inventory-assistant-srv#flowable-async-job-executor-thread-42665#
[PollStartAppStatusExecution] 55452eb1-268d-4f32-9a08-a67bae3cbd50 [2026-07-16T07:51:19.388994] Cell d1cc041a-d5a1-41d6-b9f6-6cda736ce3f0 destroying container for instance 4901bc72-3bd9-4016-583f-7f60 (STDOUT, CELL)#
#2026 07 16 07:51:29.605#Z#DEBUG#a9262da0-80ea-11f1-b4c6-eeee0a8be332.Inventory-assistant-srv#flowable-async-job-executor-thread-42665#
[PollStartAppStatusExecution] 55452eb1-268d-4f32-9a08-a67bae3cbd50 [2026-07-16T07:51:19.407107] Process has crashed with type: "web" (STDOUT, API)#
#2026 07 16 07:51:29.605#Z#DEBUG#a9262da0-80ea-11f1-b4c6-eeee0a8be332.Inventory-assistant-srv#flowable-async-job-executor-thread-42665#
[PollStartAppStatusExecution] 55452eb1-268d-4f32-9a08-a67bae3cbd50 [2026-07-16T07:51:19.416750] App instance exited with guid 55452eb1-268d-4f32-9a08-a67bae3cbd50 payload: {"instance"=>"4901bc72-3bd9-4016-583f-7f60", "index"=>0, "cell_id"=>"d1cc041a-d5a1-41d6-b9f6-6cda736ce3f0", "reason"=>"CRASHED", "exit_description"=>"APP/PROC/WEB: Exited with status 1", "crash_count"=>3, "crash_timestamp"=>1784188279385986048, "version"=>"8b4aad8c-b48e-4aa6-b542-f2a1f7609414"} (STDOUT, API)#
#2026 07 16 07:51:29.605#Z#DEBUG#a9262da0-80ea-11f1-b4c6-eeee0a8be332.Inventory-assistant-srv#flowable-async-job-executor-thread-42665#
[PollStartAppStatusExecution] 55452eb1-268d-4f32-9a08-a67bae3cbd50 [2026-07-16T07:51:19.599821] Exit status 137 (STDOUT, PROXY)#
#2026 07 16 07:51:29.605#Z#DEBUG#a9262da0-80ea-11f1-b4c6-eeee0a8be332.Inventory-assistant-srv#flowable-async-job-executor-thread-42665#
[PollStartAppStatusExecution] 55452eb1-268d-4f32-9a08-a67bae3cbd50 [2026-07-16T07:51:22.088681] Cell d1cc041a-d5a1-41d6-b9f6-6cda736ce3f0 successfully destroyed container for instance 4901bc72-3bd9-4016-583f-7f60 (STDOUT, CELL)#
#2026 07 16 07:51:39.654#Z#DEBUG#a9262da0-80ea-11f1-b4c6-eeee0a8be332.Inventory-assistant-srv#flowable-async-job-executor-thread-26350#
[PollStartAppStatusExecution] 55452eb1-268d-4f32-9a08-a67bae3cbd50 [2026-07-16T07:51:19.388932] Cell d1cc041a-d5a1-41d6-b9f6-6cda736ce3f0 stopping instance 4901bc72-3bd9-4016-583f-7f60 (STDOUT, CELL)#
#2026 07 16 07:51:39.654#Z#DEBUG#a9262da0-80ea-11f1-b4c6-eeee0a8be332.Inventory-assistant-srv#flowable-async-job-executor-thread-26350#
[PollStartAppStatusExecution] 55452eb1-268d-4f32-9a08-a67bae3cbd50 [2026-07-16T07:51:19.388994] Cell d1cc041a-d5a1-41d6-b9f6-6cda736ce3f0 destroying container for instance 4901bc72-3bd9-4016-583f-7f60 (STDOUT, CELL)#
#2026 07 16 07:51:39.654#Z#DEBUG#a9262da0-80ea-11f1-b4c6-eeee0a8be332.Inventory-assistant-srv#flowable-async-job-executor-thread-26350#
[PollStartAppStatusExecution] 55452eb1-268d-4f32-9a08-a67bae3cbd50 [2026-07-16T07:51:19.407107] Process has crashed with type: "web" (STDOUT, API)#
#2026 07 16 07:51:39.654#Z#DEBUG#a9262da0-80ea-11f1-b4c6-eeee0a8be332.Inventory-assistant-srv#flowable-async-job-executor-thread-26350#
[PollStartAppStatusExecution] 55452eb1-268d-4f32-9a08-a67bae3cbd50 [2026-07-16T07:51:19.416750] App instance exited with guid 55452eb1-268d-4f32-9a08-a67bae3cbd50 payload: {"instance"=>"4901bc72-3bd9-4016-583f-7f60", "index"=>0, "cell_id"=>"d1cc041a-d5a1-41d6-b9f6-6cda736ce3f0", "reason"=>"CRASHED", "exit_description"=>"APP/PROC/WEB: Exited with status 1", "crash_count"=>3, "crash_timestamp"=>1784188279385986048, "version"=>"8b4aad8c-b48e-4aa6-b542-f2a1f7609414"} (STDOUT, API)#
#2026 07 16 07:51:39.654#Z#DEBUG#a9262da0-80ea-11f1-b4c6-eeee0a8be332.Inventory-assistant-srv#flowable-async-job-executor-thread-26350#
[PollStartAppStatusExecution] 55452eb1-268d-4f32-9a08-a67bae3cbd50 [2026-07-16T07:51:19.599821] Exit status 137 (STDOUT, PROXY)#
#2026 07 16 07:51:39.654#Z#DEBUG#a9262da0-80ea-11f1-b4c6-eeee0a8be332.Inventory-assistant-srv#flowable-async-job-executor-thread-26350#
[PollStartAppStatusExecution] 55452eb1-268d-4f32-9a08-a67bae3cbd50 [2026-07-16T07:51:22.088681] Cell d1cc041a-d5a1-41d6-b9f6-6cda736ce3f0 successfully destroyed container for instance 4901bc72-3bd9-4016-583f-7f60 (STDOUT, CELL)#
#2026 07 16 07:51:39.654#Z#DEBUG#a9262da0-80ea-11f1-b4c6-eeee0a8be332.Inventory-assistant-srv#flowable-async-job-executor-thread-26350#
[PollStartAppStatusExecution] 55452eb1-268d-4f32-9a08-a67bae3cbd50 [2026-07-16T07:51:32.481246] Stopping app with guid 55452eb1-268d-4f32-9a08-a67bae3cbd50 (STDOUT, API)#
#2026 07 16 07:51:39.654#Z#DEBUG#a9262da0-80ea-11f1-b4c6-eeee0a8be332.Inventory-assistant-srv#flowable-async-job-executor-thread-26350#
[PollStartAppStatusExecution] 55452eb1-268d-4f32-9a08-a67bae3cbd50 [2026-07-16T07:51:32.613634] Starting app with guid 55452eb1-268d-4f32-9a08-a67bae3cbd50 (STDOUT, API)#
#2026 07 16 07:51:39.654#Z#DEBUG#a9262da0-80ea-11f1-b4c6-eeee0a8be332.Inventory-assistant-srv#flowable-async-job-executor-thread-26350#
[PollStartAppStatusExecution] 55452eb1-268d-4f32-9a08-a67bae3cbd50 [2026-07-16T07:51:33.099410] Cell c839c7b1-088e-41af-b9b7-66256aacd457 creating container for instance 22e56453-7ef8-4e07-6eac-1d98 (STDOUT, CELL)#
#2026 07 16 07:51:39.654#Z#DEBUG#a9262da0-80ea-11f1-b4c6-eeee0a8be332.Inventory-assistant-srv#flowable-async-job-executor-thread-26350#
[PollStartAppStatusExecution] 55452eb1-268d-4f32-9a08-a67bae3cbd50 [2026-07-16T07:51:34.124439] Security group rules were updated (STDOUT, CELL)#
#2026 07 16 07:51:39.654#Z#DEBUG#a9262da0-80ea-11f1-b4c6-eeee0a8be332.Inventory-assistant-srv#flowable-async-job-executor-thread-26350#
[PollStartAppStatusExecution] 55452eb1-268d-4f32-9a08-a67bae3cbd50 [2026-07-16T07:51:34.244921] Cell c839c7b1-088e-41af-b9b7-66256aacd457 successfully created container for instance 22e56453-7ef8-4e07-6eac-1d98 (STDOUT, CELL)#
#2026 07 16 07:51:39.654#Z#DEBUG#a9262da0-80ea-11f1-b4c6-eeee0a8be332.Inventory-assistant-srv#flowable-async-job-executor-thread-26350#
[PollStartAppStatusExecution] 55452eb1-268d-4f32-9a08-a67bae3cbd50 [2026-07-16T07:51:35.078987] Downloading droplet... (STDOUT, CELL)#
#2026 07 16 07:51:49.521#Z#DEBUG#a9262da0-80ea-11f1-b4c6-eeee0a8be332.Inventory-assistant-srv#flowable-async-job-executor-thread-42684#
[PollStartAppStatusExecution] 55452eb1-268d-4f32-9a08-a67bae3cbd50 [2026-07-16T07:51:40.291780] Downloaded droplet (61.4M) (STDOUT, CELL)#
#2026 07 16 07:51:49.521#Z#DEBUG#a9262da0-80ea-11f1-b4c6-eeee0a8be332.Inventory-assistant-srv#flowable-async-job-executor-thread-42684#
[PollStartAppStatusExecution] 55452eb1-268d-4f32-9a08-a67bae3cbd50 [2026-07-16T07:51:40.292046] Starting health monitoring of container (STDOUT, CELL)#
#2026 07 16 07:51:49.521#Z#DEBUG#a9262da0-80ea-11f1-b4c6-eeee0a8be332.Inventory-assistant-srv#flowable-async-job-executor-thread-42684#
[PollStartAppStatusExecution] 55452eb1-268d-4f32-9a08-a67bae3cbd50 [2026-07-16T07:51:40.433694] Invoking pre-start scripts. (STDOUT, APP/PROC/WEB)#
#2026 07 16 07:51:49.521#Z#DEBUG#a9262da0-80ea-11f1-b4c6-eeee0a8be332.Inventory-assistant-srv#flowable-async-job-executor-thread-42684#
[PollStartAppStatusExecution] 55452eb1-268d-4f32-9a08-a67bae3cbd50 [2026-07-16T07:51:40.722622] Invoking start command. (STDOUT, APP/PROC/WEB)#
#2026 07 16 07:51:49.521#Z#DEBUG#a9262da0-80ea-11f1-b4c6-eeee0a8be332.Inventory-assistant-srv#flowable-async-job-executor-thread-42684#
[PollStartAppStatusExecution] 55452eb1-268d-4f32-9a08-a67bae3cbd50 [2026-07-16T07:51:41.258316] > Inventory-assistant@1.0.0 start (STDOUT, APP/PROC/WEB)#
#2026 07 16 07:51:49.521#Z#DEBUG#a9262da0-80ea-11f1-b4c6-eeee0a8be332.Inventory-assistant-srv#flowable-async-job-executor-thread-42684#
[PollStartAppStatusExecution] 55452eb1-268d-4f32-9a08-a67bae3cbd50 [2026-07-16T07:51:41.258355] > cds-serve (STDOUT, APP/PROC/WEB)#
#2026 07 16 07:51:49.521#Z#DEBUG#a9262da0-80ea-11f1-b4c6-eeee0a8be332.Inventory-assistant-srv#flowable-async-job-executor-thread-42684#
[PollStartAppStatusExecution] 55452eb1-268d-4f32-9a08-a67bae3cbd50 [2026-07-16T07:51:41.848497] {"level":"info","logger":"cds","timestamp":"2026-07-16T07:51:41.846Z","layer":"cds","component_type":"application","container_id":"10.32.2.6","component_id":"55452eb1-268d-4f32-9a08-a67bae3cbd50","component_name":"Inventory-assistant-srv","component_instance":0,"source_instance":0,"organization_name":"b6bbf2b9trial","organization_id":"21d35fcb-97d5-491b-8035-d8ae87309fad","space_name":"dev","space_id":"d36d3dbf-9d83-4ee0-8d50-d5ad45be3f2a","msg":"loaded model from 1 file(s):\n ","type":"log"} (STDOUT, APP/PROC/WEB)#
#2026 07 16 07:51:49.521#Z#DEBUG#a9262da0-80ea-11f1-b4c6-eeee0a8be332.Inventory-assistant-srv#flowable-async-job-executor-thread-42684#
[PollStartAppStatusExecution] 55452eb1-268d-4f32-9a08-a67bae3cbd50 [2026-07-16T07:51:41.849125] srv/csn.json (STDOUT, APP/PROC/WEB)#
#2026 07 16 07:51:49.521#Z#DEBUG#a9262da0-80ea-11f1-b4c6-eeee0a8be332.Inventory-assistant-srv#flowable-async-job-executor-thread-42684#
[PollStartAppStatusExecution] 55452eb1-268d-4f32-9a08-a67bae3cbd50 [2026-07-16T07:51:42.302156] {"level":"info","logger":"cds","timestamp":"2026-07-16T07:51:42.300Z","layer":"cds","component_type":"application","container_id":"10.32.2.6","component_id":"55452eb1-268d-4f32-9a08-a67bae3cbd50","component_name":"Inventory-assistant-srv","component_instance":0,"source_instance":0,"organization_name":"b6bbf2b9trial","organization_id":"21d35fcb-97d5-491b-8035-d8ae87309fad","space_name":"dev","space_id":"d36d3dbf-9d83-4ee0-8d50-d5ad45be3f2a","msg":"connect to db > hana {\n  database_id: 'f16fafbb-8883-48e8-ac75-e3a0096403de',\n  host: 'f16fafbb-8883-48e8-ac75-e3a0096403de.hna1.prod-us10.hanacloud.ondemand.com',\n  port: '443',\n  driver: 'com.sap.db.jdbc.Driver',\n  url: 'jdbc:sap://f16fafbb-8883-48e8-ac75-e3a0096403de.hna1.prod-us10.hanacloud.ondemand.com:443?encrypt=true&validateCertificate=true&currentschema=A92839A15A284357B6CC9CCA9CED9FCC',\n  schema: 'A92839A15A284357B6CC9CCA9CED9FCC',\n  certificate: '...',\n  hdi_user: 'A92839A15A284357B6CC9CCA9CED9FCC_3BGUWZJA5QHZKLX1Z7LR1MD8K_DT',\n  hdi_password: '...',\n  user: 'A92839A15A284357B6CC9CCA9CED9FCC_3BGUWZJA5QHZKLX1Z7LR1MD8K_RT',\n  password: '...'\n}","type":"log"} (STDOUT, APP/PROC/WEB)#
#2026 07 16 07:51:49.521#Z#DEBUG#a9262da0-80ea-11f1-b4c6-eeee0a8be332.Inventory-assistant-srv#flowable-async-job-executor-thread-42684#
[PollStartAppStatusExecution] 55452eb1-268d-4f32-9a08-a67bae3cbd50 [2026-07-16T07:51:42.685177] {"level":"info","logger":"cds","timestamp":"2026-07-16T07:51:42.683Z","layer":"cds","component_type":"application","container_id":"10.32.2.6","component_id":"55452eb1-268d-4f32-9a08-a67bae3cbd50","component_name":"Inventory-assistant-srv","component_instance":0,"source_instance":0,"organization_name":"b6bbf2b9trial","organization_id":"21d35fcb-97d5-491b-8035-d8ae87309fad","space_name":"dev","space_id":"d36d3dbf-9d83-4ee0-8d50-d5ad45be3f2a","msg":"connect to ZAPI_MATERIAL_STOCK_SRV1 > odata-v2 {\n  destination: 's3d-destination',\n  path: '/sap/opu/odata/sap/API_MATERIAL_STOCK_SRV'\n}","type":"log"} (STDOUT, APP/PROC/WEB)#
#2026 07 16 07:51:49.521#Z#DEBUG#a9262da0-80ea-11f1-b4c6-eeee0a8be332.Inventory-assistant-srv#flowable-async-job-executor-thread-42684#
[PollStartAppStatusExecution] 55452eb1-268d-4f32-9a08-a67bae3cbd50 [2026-07-16T07:51:42.685210] {"level":"info","logger":"cds","timestamp":"2026-07-16T07:51:42.684Z","layer":"cds","component_type":"application","container_id":"10.32.2.6","component_id":"55452eb1-268d-4f32-9a08-a67bae3cbd50","component_name":"Inventory-assistant-srv","component_instance":0,"source_instance":0,"organization_name":"b6bbf2b9trial","organization_id":"21d35fcb-97d5-491b-8035-d8ae87309fad","space_name":"dev","space_id":"d36d3dbf-9d83-4ee0-8d50-d5ad45be3f2a","msg":"connect to ZAPI_OUTBOUND_DELIVERY_SRV1 > odata-v2 {\n  destination: 's3d-destination',\n  path: '/sap/opu/odata/sap/API_OUTBOUND_DELIVERY_SRV'\n}","type":"log"} (STDOUT, APP/PROC/WEB)#
#2026 07 16 07:51:49.521#Z#DEBUG#a9262da0-80ea-11f1-b4c6-eeee0a8be332.Inventory-assistant-srv#flowable-async-job-executor-thread-42684#
[PollStartAppStatusExecution] 55452eb1-268d-4f32-9a08-a67bae3cbd50 [2026-07-16T07:51:42.685214] {"level":"info","logger":"cds","timestamp":"2026-07-16T07:51:42.684Z","layer":"cds","component_type":"application","container_id":"10.32.2.6","component_id":"55452eb1-268d-4f32-9a08-a67bae3cbd50","component_name":"Inventory-assistant-srv","component_instance":0,"source_instance":0,"organization_name":"b6bbf2b9trial","organization_id":"21d35fcb-97d5-491b-8035-d8ae87309fad","space_name":"dev","space_id":"d36d3dbf-9d83-4ee0-8d50-d5ad45be3f2a","msg":"connect to ZAPI_RESERVATION_DOCUMENT_SRV1 > odata-v2 {\n  destination: 's3d-destination',\n  path: '/sap/opu/odata/sap/API_RESERVATION_DOCUMENT_SRV'\n}","type":"log"} (STDOUT, APP/PROC/WEB)#
#2026 07 16 07:51:49.521#Z#DEBUG#a9262da0-80ea-11f1-b4c6-eeee0a8be332.Inventory-assistant-srv#flowable-async-job-executor-thread-42684#
[PollStartAppStatusExecution] 55452eb1-268d-4f32-9a08-a67bae3cbd50 [2026-07-16T07:51:42.685221] {"level":"info","logger":"cds","timestamp":"2026-07-16T07:51:42.684Z","layer":"cds","component_type":"application","container_id":"10.32.2.6","component_id":"55452eb1-268d-4f32-9a08-a67bae3cbd50","component_name":"Inventory-assistant-srv","component_instance":0,"source_instance":0,"organization_name":"b6bbf2b9trial","organization_id":"21d35fcb-97d5-491b-8035-d8ae87309fad","space_name":"dev","space_id":"d36d3dbf-9d83-4ee0-8d50-d5ad45be3f2a","msg":"connect to ZBA_SALESORDER_ITEM_SRV1 > odata-v2 {\n  destination: 's3d-destination',\n  path: '/sap/opu/odata/sap/ZBA_SALESORDER_ITEM_SRV'\n}","type":"log"} (STDOUT, APP/PROC/WEB)#
#2026 07 16 07:51:49.521#Z#DEBUG#a9262da0-80ea-11f1-b4c6-eeee0a8be332.Inventory-assistant-srv#flowable-async-job-executor-thread-42684#
[PollStartAppStatusExecution] 55452eb1-268d-4f32-9a08-a67bae3cbd50 [2026-07-16T07:51:42.714538] {"date":"Thu Jul 16 2026 07:51:42 GMT+0000 (Coordinated Universal Time)","error":{},"exception":true,"level":"error","logger":"sap-cloud-sdk-logger","message":"uncaughtException: Didn't find a configuration for 'cds.requires.API_SALES_ORDER_SRV' in /home/vcap/app\nError: Didn't find a configuration for 'cds.requires.API_SALES_ORDER_SRV' in /home/vcap/app\n    at options4 (/home/vcap/app/node_modules/@sap/cds/lib/srv/cds-connect.js:63:50)\n    at /home/vcap/app/node_modules/@sap/cds/lib/srv/cds-connect.js:33:48\n    at connect.to (/home/vcap/app/node_modules/@sap/cds/lib/srv/cds-connect.js:51:5)\n    at ApplicationService.<anonymous> (/home/vcap/app/srv/service.js:12:45)\n    at exports.init (/home/vcap/app/node_modules/@sap/cds/lib/srv/factory.js:75:16)\n    at async Promise.all (index 4)\n    at async _cds_serve (/home/vcap/app/node_modules/@sap/cds/lib/srv/cds-serve.js:32:16)\n    at async cds_server (/home/vcap/app/node_modules/@sap/cds/server.js:61:3)\n    at async serve (/home/vcap/app/node_modules/@sap/cds/bin/serve.js:207:18)","msg":"Error: Didn't find a configuration for 'cds.requires.API_SALES_ORDER_SRV' in /home/vcap/app\n    at options4 (/home/vcap/app/node_modules/@sap/cds/lib/srv/cds-connect.js:63:50)\n    at /home/vcap/app/node_modules/@sap/cds/lib/srv/cds-connect.js:33:48\n    at connect.to (/home/vcap/app/node_modules/@sap/cds/lib/srv/cds-connect.js:51:5)\n    at ApplicationService.<anonymous> (/home/vcap/app/srv/service.js:12:45)\n    at exports.init (/home/vcap/app/node_modules/@sap/cds/lib/srv/factory.js:75:16)\n    at async Promise.all (index 4)\n    at async _cds_serve (/home/vcap/app/node_modules/@sap/cds/lib/srv/cds-serve.js:32:16)\n    at async cds_server (/home/vcap/app/node_modules/@sap/cds/server.js:61:3)\n    at async serve (/home/vcap/app/node_modules/@sap/cds/bin/serve.js:207:18)","os":{"loadavg":[321.41,315.24,312.55],"uptime":672464.03},"process":{"argv":["/home/vcap/deps/0/node/bin/node","/home/vcap/app/node_modules/.bin/cds-serve"],"cwd":"/home/vcap/app","execPath":"/home/vcap/deps/0/node/bin/node","gid":2000,"memoryUsage":{"arrayBuffers":471914,"external":5310831,"heapTotal":103874560,"heapUsed":39275032,"rss":137433088},"pid":224,"uid":2000,"version":"v24.15.0"},"stack":"Error: Didn't find a configuration for 'cds.requires.API_SALES_ORDER_SRV' in /home/vcap/app\n    at options4 (/home/vcap/app/node_modules/@sap/cds/lib/srv/cds-connect.js:63:50)\n    at /home/vcap/app/node_modules/@sap/cds/lib/srv/cds-connect.js:33:48\n    at connect.to (/home/vcap/app/node_modules/@sap/cds/lib/srv/cds-connect.js:51:5)\n    at ApplicationService.<anonymous> (/home/vcap/app/srv/service.js:12:45)\n    at exports.init (/home/vcap/app/node_modules/@sap/cds/lib/srv/factory.js:75:16)\n    at async Promise.all (index 4)\n    at async _cds_serve (/home/vcap/app/node_modules/@sap/cds/lib/srv/cds-serve.js:32:16)\n    at async cds_server (/home/vcap/app/node_modules/@sap/cds/server.js:61:3)\n    at async serve (/home/vcap/app/node_modules/@sap/cds/bin/serve.js:207:18)","test":"exception","timestamp":"2026-07-16T07:51:42.711Z","trace":[{"column":50,"file":"/home/vcap/app/node_modules/@sap/cds/lib/srv/cds-connect.js","function":"options4","line":63,"method":null,"native":false},{"column":48,"file":"/home/vcap/app/node_modules/@sap/cds/lib/srv/cds-connect.js","function":null,"line":33,"method":null,"native":false},{"column":5,"file":"/home/vcap/app/node_modules/@sap/cds/lib/srv/cds-connect.js","function":"connect.to","line":51,"method":"to","native":false},{"column":45,"file":"/home/vcap/app/srv/service.js","function":null,"line":12,"method":null,"native":false},{"column":16,"file":"/home/vcap/app/node_modules/@sap/cds/lib/srv/factory.js","function":"exports.init","line":75,"method":"init","native":false},{"column":null,"file":null,"function":"async Promise.all","line":null,"method":"all","native":false},{"column":16,"file":"/home/vcap/app/node_modules/@sap/cds/lib/srv/cds-serve.js","function":"async _cds_serve","line":32,"method":null,"native":false},{"column":3,"file":"/home/vcap/app/node_modules/@sap/cds/server.js","function":"async cds_server","line":61,"method":null,"native":false},{"column":18,"file":"/home/vcap/app/node_modules/@sap/cds/bin/serve.js","function":"async serve","line":207,"method":null,"native":false}],"written_at":"2026-07-16T07:51:42.711Z","written_ts":1784188302711} (STDOUT, APP/PROC/WEB)#
#2026 07 16 07:51:49.521#Z#DEBUG#a9262da0-80ea-11f1-b4c6-eeee0a8be332.Inventory-assistant-srv#flowable-async-job-executor-thread-42684#
[PollStartAppStatusExecution] 55452eb1-268d-4f32-9a08-a67bae3cbd50 [2026-07-16T07:51:45.743166] npm notice (STDERR, APP/PROC/WEB)#
#2026 07 16 07:51:49.521#Z#DEBUG#a9262da0-80ea-11f1-b4c6-eeee0a8be332.Inventory-assistant-srv#flowable-async-job-executor-thread-42684#
[PollStartAppStatusExecution] 55452eb1-268d-4f32-9a08-a67bae3cbd50 [2026-07-16T07:51:45.743204] npm notice New major version of npm available! 11.12.1 -> 12.0.1 (STDERR, APP/PROC/WEB)#
#2026 07 16 07:51:49.521#Z#DEBUG#a9262da0-80ea-11f1-b4c6-eeee0a8be332.Inventory-assistant-srv#flowable-async-job-executor-thread-42684#
[PollStartAppStatusExecution] 55452eb1-268d-4f32-9a08-a67bae3cbd50 [2026-07-16T07:51:45.743232] npm notice Changelog: https://github.com/npm/cli/releases/tag/v12.0.1 (STDERR, APP/PROC/WEB)#
#2026 07 16 07:51:49.521#Z#DEBUG#a9262da0-80ea-11f1-b4c6-eeee0a8be332.Inventory-assistant-srv#flowable-async-job-executor-thread-42684#
[PollStartAppStatusExecution] 55452eb1-268d-4f32-9a08-a67bae3cbd50 [2026-07-16T07:51:45.743235] npm notice To update run: npm install -g npm@12.0.1 (STDERR, APP/PROC/WEB)#
#2026 07 16 07:51:49.521#Z#DEBUG#a9262da0-80ea-11f1-b4c6-eeee0a8be332.Inventory-assistant-srv#flowable-async-job-executor-thread-42684#
[PollStartAppStatusExecution] 55452eb1-268d-4f32-9a08-a67bae3cbd50 [2026-07-16T07:51:45.743238] npm notice (STDERR, APP/PROC/WEB)#
#2026 07 16 07:51:49.521#Z#DEBUG#a9262da0-80ea-11f1-b4c6-eeee0a8be332.Inventory-assistant-srv#flowable-async-job-executor-thread-42684#
[PollStartAppStatusExecution] 55452eb1-268d-4f32-9a08-a67bae3cbd50 [2026-07-16T07:51:45.815359] Exit status 1 (STDOUT, APP/PROC/WEB)#
#2026 07 16 07:51:59.556#Z#DEBUG#a9262da0-80ea-11f1-b4c6-eeee0a8be332.Inventory-assistant-srv#flowable-async-job-executor-thread-42690#
[PollStartAppStatusExecution] 55452eb1-268d-4f32-9a08-a67bae3cbd50 [2026-07-16T07:51:51.951943] Cell c839c7b1-088e-41af-b9b7-66256aacd457 stopping instance 22e56453-7ef8-4e07-6eac-1d98 (STDOUT, CELL)#
#2026 07 16 07:51:59.556#Z#DEBUG#a9262da0-80ea-11f1-b4c6-eeee0a8be332.Inventory-assistant-srv#flowable-async-job-executor-thread-42690#
[PollStartAppStatusExecution] 55452eb1-268d-4f32-9a08-a67bae3cbd50 [2026-07-16T07:51:51.952027] Cell c839c7b1-088e-41af-b9b7-66256aacd457 destroying container for instance 22e56453-7ef8-4e07-6eac-1d98 (STDOUT, CELL)#
#2026 07 16 07:51:59.556#Z#DEBUG#a9262da0-80ea-11f1-b4c6-eeee0a8be332.Inventory-assistant-srv#flowable-async-job-executor-thread-42690#
[PollStartAppStatusExecution] 55452eb1-268d-4f32-9a08-a67bae3cbd50 [2026-07-16T07:51:51.953110] Process has crashed with type: "web" (STDOUT, API)#
#2026 07 16 07:51:59.556#Z#DEBUG#a9262da0-80ea-11f1-b4c6-eeee0a8be332.Inventory-assistant-srv#flowable-async-job-executor-thread-42690#
[PollStartAppStatusExecution] 55452eb1-268d-4f32-9a08-a67bae3cbd50 [2026-07-16T07:51:51.966423] App instance exited with guid 55452eb1-268d-4f32-9a08-a67bae3cbd50 payload: {"instance"=>"22e56453-7ef8-4e07-6eac-1d98", "index"=>0, "cell_id"=>"c839c7b1-088e-41af-b9b7-66256aacd457", "reason"=>"CRASHED", "exit_description"=>"APP/PROC/WEB: Exited with status 1", "crash_count"=>1, "crash_timestamp"=>1784188311930507107, "version"=>"d1c53e6b-b070-41ed-93fc-d46dbffe9fa8"} (STDOUT, API)#
#2026 07 16 07:51:59.556#Z#DEBUG#a9262da0-80ea-11f1-b4c6-eeee0a8be332.Inventory-assistant-srv#flowable-async-job-executor-thread-42690#
[PollStartAppStatusExecution] 55452eb1-268d-4f32-9a08-a67bae3cbd50 [2026-07-16T07:51:52.199986] Exit status 137 (STDOUT, PROXY)#
#2026 07 16 07:51:59.556#Z#DEBUG#a9262da0-80ea-11f1-b4c6-eeee0a8be332.Inventory-assistant-srv#flowable-async-job-executor-thread-42690#
[PollStartAppStatusExecution] 55452eb1-268d-4f32-9a08-a67bae3cbd50 [2026-07-16T07:51:52.204148] Cell 684caff8-89cd-492b-be01-b3d0835f1763 creating container for instance 5693a023-f3c8-49be-7dea-4eae (STDOUT, CELL)#
#2026 07 16 07:51:59.556#Z#DEBUG#a9262da0-80ea-11f1-b4c6-eeee0a8be332.Inventory-assistant-srv#flowable-async-job-executor-thread-42690#
[PollStartAppStatusExecution] 55452eb1-268d-4f32-9a08-a67bae3cbd50 [2026-07-16T07:51:53.083735] Security group rules were updated (STDOUT, CELL)#
#2026 07 16 07:51:59.556#Z#DEBUG#a9262da0-80ea-11f1-b4c6-eeee0a8be332.Inventory-assistant-srv#flowable-async-job-executor-thread-42690#
[PollStartAppStatusExecution] 55452eb1-268d-4f32-9a08-a67bae3cbd50 [2026-07-16T07:51:53.165947] Cell 684caff8-89cd-492b-be01-b3d0835f1763 successfully created container for instance 5693a023-f3c8-49be-7dea-4eae (STDOUT, CELL)#
#2026 07 16 07:51:59.556#Z#DEBUG#a9262da0-80ea-11f1-b4c6-eeee0a8be332.Inventory-assistant-srv#flowable-async-job-executor-thread-42690#
[PollStartAppStatusExecution] 55452eb1-268d-4f32-9a08-a67bae3cbd50 [2026-07-16T07:51:54.842971] Downloading droplet... (STDOUT, CELL)#
#2026 07 16 07:51:59.556#Z#DEBUG#a9262da0-80ea-11f1-b4c6-eeee0a8be332.Inventory-assistant-srv#flowable-async-job-executor-thread-42690#
[PollStartAppStatusExecution] 55452eb1-268d-4f32-9a08-a67bae3cbd50 [2026-07-16T07:51:55.181688] Cell c839c7b1-088e-41af-b9b7-66256aacd457 successfully destroyed container for instance 22e56453-7ef8-4e07-6eac-1d98 (STDOUT, CELL)#
#2026 07 16 07:52:09.580#Z#DEBUG#a9262da0-80ea-11f1-b4c6-eeee0a8be332.Inventory-assistant-srv#flowable-async-job-executor-thread-42698#
[PollStartAppStatusExecution] 55452eb1-268d-4f32-9a08-a67bae3cbd50 [2026-07-16T07:51:59.742202] Downloaded droplet (61.4M) (STDOUT, CELL)#
#2026 07 16 07:52:09.580#Z#DEBUG#a9262da0-80ea-11f1-b4c6-eeee0a8be332.Inventory-assistant-srv#flowable-async-job-executor-thread-42698#
[PollStartAppStatusExecution] 55452eb1-268d-4f32-9a08-a67bae3cbd50 [2026-07-16T07:51:59.742328] Starting health monitoring of container (STDOUT, CELL)#
#2026 07 16 07:52:09.580#Z#DEBUG#a9262da0-80ea-11f1-b4c6-eeee0a8be332.Inventory-assistant-srv#flowable-async-job-executor-thread-42698#
[PollStartAppStatusExecution] 55452eb1-268d-4f32-9a08-a67bae3cbd50 [2026-07-16T07:51:59.880] Invoking pre-start scripts. (STDOUT, APP/PROC/WEB)#
#2026 07 16 07:52:09.580#Z#DEBUG#a9262da0-80ea-11f1-b4c6-eeee0a8be332.Inventory-assistant-srv#flowable-async-job-executor-thread-42698#
[PollStartAppStatusExecution] 55452eb1-268d-4f32-9a08-a67bae3cbd50 [2026-07-16T07:52:00.136194] Invoking start command. (STDOUT, APP/PROC/WEB)#
#2026 07 16 07:52:09.580#Z#DEBUG#a9262da0-80ea-11f1-b4c6-eeee0a8be332.Inventory-assistant-srv#flowable-async-job-executor-thread-42698#
[PollStartAppStatusExecution] 55452eb1-268d-4f32-9a08-a67bae3cbd50 [2026-07-16T07:52:00.676386] > Inventory-assistant@1.0.0 start (STDOUT, APP/PROC/WEB)#
#2026 07 16 07:52:09.580#Z#DEBUG#a9262da0-80ea-11f1-b4c6-eeee0a8be332.Inventory-assistant-srv#flowable-async-job-executor-thread-42698#
[PollStartAppStatusExecution] 55452eb1-268d-4f32-9a08-a67bae3cbd50 [2026-07-16T07:52:00.676419] > cds-serve (STDOUT, APP/PROC/WEB)#
#2026 07 16 07:52:09.580#Z#DEBUG#a9262da0-80ea-11f1-b4c6-eeee0a8be332.Inventory-assistant-srv#flowable-async-job-executor-thread-42698#
[PollStartAppStatusExecution] 55452eb1-268d-4f32-9a08-a67bae3cbd50 [2026-07-16T07:52:01.263234] {"level":"info","logger":"cds","timestamp":"2026-07-16T07:52:01.261Z","layer":"cds","component_type":"application","container_id":"10.32.1.6","component_id":"55452eb1-268d-4f32-9a08-a67bae3cbd50","component_name":"Inventory-assistant-srv","component_instance":0,"source_instance":0,"organization_name":"b6bbf2b9trial","organization_id":"21d35fcb-97d5-491b-8035-d8ae87309fad","space_name":"dev","space_id":"d36d3dbf-9d83-4ee0-8d50-d5ad45be3f2a","msg":"loaded model from 1 file(s):\n ","type":"log"} (STDOUT, APP/PROC/WEB)#
#2026 07 16 07:52:09.580#Z#DEBUG#a9262da0-80ea-11f1-b4c6-eeee0a8be332.Inventory-assistant-srv#flowable-async-job-executor-thread-42698#
[PollStartAppStatusExecution] 55452eb1-268d-4f32-9a08-a67bae3cbd50 [2026-07-16T07:52:01.264746] srv/csn.json (STDOUT, APP/PROC/WEB)#
#2026 07 16 07:52:09.580#Z#DEBUG#a9262da0-80ea-11f1-b4c6-eeee0a8be332.Inventory-assistant-srv#flowable-async-job-executor-thread-42698#
[PollStartAppStatusExecution] 55452eb1-268d-4f32-9a08-a67bae3cbd50 [2026-07-16T07:52:01.694863] {"level":"info","logger":"cds","timestamp":"2026-07-16T07:52:01.693Z","layer":"cds","component_type":"application","container_id":"10.32.1.6","component_id":"55452eb1-268d-4f32-9a08-a67bae3cbd50","component_name":"Inventory-assistant-srv","component_instance":0,"source_instance":0,"organization_name":"b6bbf2b9trial","organization_id":"21d35fcb-97d5-491b-8035-d8ae87309fad","space_name":"dev","space_id":"d36d3dbf-9d83-4ee0-8d50-d5ad45be3f2a","msg":"connect to db > hana {\n  database_id: 'f16fafbb-8883-48e8-ac75-e3a0096403de',\n  host: 'f16fafbb-8883-48e8-ac75-e3a0096403de.hna1.prod-us10.hanacloud.ondemand.com',\n  port: '443',\n  driver: 'com.sap.db.jdbc.Driver',\n  url: 'jdbc:sap://f16fafbb-8883-48e8-ac75-e3a0096403de.hna1.prod-us10.hanacloud.ondemand.com:443?encrypt=true&validateCertificate=true&currentschema=A92839A15A284357B6CC9CCA9CED9FCC',\n  schema: 'A92839A15A284357B6CC9CCA9CED9FCC',\n  certificate: '...',\n  hdi_user: 'A92839A15A284357B6CC9CCA9CED9FCC_3BGUWZJA5QHZKLX1Z7LR1MD8K_DT',\n  hdi_password: '...',\n  user: 'A92839A15A284357B6CC9CCA9CED9FCC_3BGUWZJA5QHZKLX1Z7LR1MD8K_RT',\n  password: '...'\n}","type":"log"} (STDOUT, APP/PROC/WEB)#
#2026 07 16 07:52:09.580#Z#DEBUG#a9262da0-80ea-11f1-b4c6-eeee0a8be332.Inventory-assistant-srv#flowable-async-job-executor-thread-42698#
[PollStartAppStatusExecution] 55452eb1-268d-4f32-9a08-a67bae3cbd50 [2026-07-16T07:52:01.994607] {"level":"info","logger":"cds","timestamp":"2026-07-16T07:52:01.993Z","layer":"cds","component_type":"application","container_id":"10.32.1.6","component_id":"55452eb1-268d-4f32-9a08-a67bae3cbd50","component_name":"Inventory-assistant-srv","component_instance":0,"source_instance":0,"organization_name":"b6bbf2b9trial","organization_id":"21d35fcb-97d5-491b-8035-d8ae87309fad","space_name":"dev","space_id":"d36d3dbf-9d83-4ee0-8d50-d5ad45be3f2a","msg":"connect to ZAPI_MATERIAL_STOCK_SRV1 > odata-v2 {\n  destination: 's3d-destination',\n  path: '/sap/opu/odata/sap/API_MATERIAL_STOCK_SRV'\n}","type":"log"} (STDOUT, APP/PROC/WEB)#
#2026 07 16 07:52:09.580#Z#DEBUG#a9262da0-80ea-11f1-b4c6-eeee0a8be332.Inventory-assistant-srv#flowable-async-job-executor-thread-42698#
[PollStartAppStatusExecution] 55452eb1-268d-4f32-9a08-a67bae3cbd50 [2026-07-16T07:52:01.994650] {"level":"info","logger":"cds","timestamp":"2026-07-16T07:52:01.994Z","layer":"cds","component_type":"application","container_id":"10.32.1.6","component_id":"55452eb1-268d-4f32-9a08-a67bae3cbd50","component_name":"Inventory-assistant-srv","component_instance":0,"source_instance":0,"organization_name":"b6bbf2b9trial","organization_id":"21d35fcb-97d5-491b-8035-d8ae87309fad","space_name":"dev","space_id":"d36d3dbf-9d83-4ee0-8d50-d5ad45be3f2a","msg":"connect to ZAPI_OUTBOUND_DELIVERY_SRV1 > odata-v2 {\n  destination: 's3d-destination',\n  path: '/sap/opu/odata/sap/API_OUTBOUND_DELIVERY_SRV'\n}","type":"log"} (STDOUT, APP/PROC/WEB)#
#2026 07 16 07:52:09.580#Z#DEBUG#a9262da0-80ea-11f1-b4c6-eeee0a8be332.Inventory-assistant-srv#flowable-async-job-executor-thread-42698#
[PollStartAppStatusExecution] 55452eb1-268d-4f32-9a08-a67bae3cbd50 [2026-07-16T07:52:01.995032] {"level":"info","logger":"cds","timestamp":"2026-07-16T07:52:01.994Z","layer":"cds","component_type":"application","container_id":"10.32.1.6","component_id":"55452eb1-268d-4f32-9a08-a67bae3cbd50","component_name":"Inventory-assistant-srv","component_instance":0,"source_instance":0,"organization_name":"b6bbf2b9trial","organization_id":"21d35fcb-97d5-491b-8035-d8ae87309fad","space_name":"dev","space_id":"d36d3dbf-9d83-4ee0-8d50-d5ad45be3f2a","msg":"connect to ZAPI_RESERVATION_DOCUMENT_SRV1 > odata-v2 {\n  destination: 's3d-destination',\n  path: '/sap/opu/odata/sap/API_RESERVATION_DOCUMENT_SRV'\n}","type":"log"} (STDOUT, APP/PROC/WEB)#
#2026 07 16 07:52:09.580#Z#DEBUG#a9262da0-80ea-11f1-b4c6-eeee0a8be332.Inventory-assistant-srv#flowable-async-job-executor-thread-42698#
[PollStartAppStatusExecution] 55452eb1-268d-4f32-9a08-a67bae3cbd50 [2026-07-16T07:52:01.995144] {"level":"info","logger":"cds","timestamp":"2026-07-16T07:52:01.994Z","layer":"cds","component_type":"application","container_id":"10.32.1.6","component_id":"55452eb1-268d-4f32-9a08-a67bae3cbd50","component_name":"Inventory-assistant-srv","component_instance":0,"source_instance":0,"organization_name":"b6bbf2b9trial","organization_id":"21d35fcb-97d5-491b-8035-d8ae87309fad","space_name":"dev","space_id":"d36d3dbf-9d83-4ee0-8d50-d5ad45be3f2a","msg":"connect to ZBA_SALESORDER_ITEM_SRV1 > odata-v2 {\n  destination: 's3d-destination',\n  path: '/sap/opu/odata/sap/ZBA_SALESORDER_ITEM_SRV'\n}","type":"log"} (STDOUT, APP/PROC/WEB)#
#2026 07 16 07:52:09.580#Z#DEBUG#a9262da0-80ea-11f1-b4c6-eeee0a8be332.Inventory-assistant-srv#flowable-async-job-executor-thread-42698#
[PollStartAppStatusExecution] 55452eb1-268d-4f32-9a08-a67bae3cbd50 [2026-07-16T07:52:02.016781] {"date":"Thu Jul 16 2026 07:52:02 GMT+0000 (Coordinated Universal Time)","error":{},"exception":true,"level":"error","logger":"sap-cloud-sdk-logger","message":"uncaughtException: Didn't find a configuration for 'cds.requires.API_SALES_ORDER_SRV' in /home/vcap/app\nError: Didn't find a configuration for 'cds.requires.API_SALES_ORDER_SRV' in /home/vcap/app\n    at options4 (/home/vcap/app/node_modules/@sap/cds/lib/srv/cds-connect.js:63:50)\n    at /home/vcap/app/node_modules/@sap/cds/lib/srv/cds-connect.js:33:48\n    at connect.to (/home/vcap/app/node_modules/@sap/cds/lib/srv/cds-connect.js:51:5)\n    at ApplicationService.<anonymous> (/home/vcap/app/srv/service.js:12:45)\n    at exports.init (/home/vcap/app/node_modules/@sap/cds/lib/srv/factory.js:75:16)\n    at async Promise.all (index 4)\n    at async _cds_serve (/home/vcap/app/node_modules/@sap/cds/lib/srv/cds-serve.js:32:16)\n    at async cds_server (/home/vcap/app/node_modules/@sap/cds/server.js:61:3)\n    at async serve (/home/vcap/app/node_modules/@sap/cds/bin/serve.js:207:18)","msg":"Error: Didn't find a configuration for 'cds.requires.API_SALES_ORDER_SRV' in /home/vcap/app\n    at options4 (/home/vcap/app/node_modules/@sap/cds/lib/srv/cds-connect.js:63:50)\n    at /home/vcap/app/node_modules/@sap/cds/lib/srv/cds-connect.js:33:48\n    at connect.to (/home/vcap/app/node_modules/@sap/cds/lib/srv/cds-connect.js:51:5)\n    at ApplicationService.<anonymous> (/home/vcap/app/srv/service.js:12:45)\n    at exports.init (/home/vcap/app/node_modules/@sap/cds/lib/srv/factory.js:75:16)\n    at async Promise.all (index 4)\n    at async _cds_serve (/home/vcap/app/node_modules/@sap/cds/lib/srv/cds-serve.js:32:16)\n    at async cds_server (/home/vcap/app/node_modules/@sap/cds/server.js:61:3)\n    at async serve (/home/vcap/app/node_modules/@sap/cds/bin/serve.js:207:18)","os":{"loadavg":[160.83,168.66,174.15],"uptime":673245.1},"process":{"argv":["/home/vcap/deps/0/node/bin/node","/home/vcap/app/node_modules/.bin/cds-serve"],"cwd":"/home/vcap/app","execPath":"/home/vcap/deps/0/node/bin/node","gid":2000,"memoryUsage":{"arrayBuffers":471914,"external":5310831,"heapTotal":67174400,"heapUsed":40070400,"rss":133296128},"pid":224,"uid":2000,"version":"v24.15.0"},"stack":"Error: Didn't find a configuration for 'cds.requires.API_SALES_ORDER_SRV' in /home/vcap/app\n    at options4 (/home/vcap/app/node_modules/@sap/cds/lib/srv/cds-connect.js:63:50)\n    at /home/vcap/app/node_modules/@sap/cds/lib/srv/cds-connect.js:33:48\n    at connect.to (/home/vcap/app/node_modules/@sap/cds/lib/srv/cds-connect.js:51:5)\n    at ApplicationService.<anonymous> (/home/vcap/app/srv/service.js:12:45)\n    at exports.init (/home/vcap/app/node_modules/@sap/cds/lib/srv/factory.js:75:16)\n    at async Promise.all (index 4)\n    at async _cds_serve (/home/vcap/app/node_modules/@sap/cds/lib/srv/cds-serve.js:32:16)\n    at async cds_server (/home/vcap/app/node_modules/@sap/cds/server.js:61:3)\n    at async serve (/home/vcap/app/node_modules/@sap/cds/bin/serve.js:207:18)","test":"exception","timestamp":"2026-07-16T07:52:02.015Z","trace":[{"column":50,"file":"/home/vcap/app/node_modules/@sap/cds/lib/srv/cds-connect.js","function":"options4","line":63,"method":null,"native":false},{"column":48,"file":"/home/vcap/app/node_modules/@sap/cds/lib/srv/cds-connect.js","function":null,"line":33,"method":null,"native":false},{"column":5,"file":"/home/vcap/app/node_modules/@sap/cds/lib/srv/cds-connect.js","function":"connect.to","line":51,"method":"to","native":false},{"column":45,"file":"/home/vcap/app/srv/service.js","function":null,"line":12,"method":null,"native":false},{"column":16,"file":"/home/vcap/app/node_modules/@sap/cds/lib/srv/factory.js","function":"exports.init","line":75,"method":"init","native":false},{"column":null,"file":null,"function":"async Promise.all","line":null,"method":"all","native":false},{"column":16,"file":"/home/vcap/app/node_modules/@sap/cds/lib/srv/cds-serve.js","function":"async _cds_serve","line":32,"method":null,"native":false},{"column":3,"file":"/home/vcap/app/node_modules/@sap/cds/server.js","function":"async cds_server","line":61,"method":null,"native":false},{"column":18,"file":"/home/vcap/app/node_modules/@sap/cds/bin/serve.js","function":"async serve","line":207,"method":null,"native":false}],"written_at":"2026-07-16T07:52:02.015Z","written_ts":1784188322015} (STDOUT, APP/PROC/WEB)#
#2026 07 16 07:52:09.580#Z#DEBUG#a9262da0-80ea-11f1-b4c6-eeee0a8be332.Inventory-assistant-srv#flowable-async-job-executor-thread-42698#
[PollStartAppStatusExecution] 55452eb1-268d-4f32-9a08-a67bae3cbd50 [2026-07-16T07:52:05.047325] npm notice (STDERR, APP/PROC/WEB)#
#2026 07 16 07:52:09.580#Z#DEBUG#a9262da0-80ea-11f1-b4c6-eeee0a8be332.Inventory-assistant-srv#flowable-async-job-executor-thread-42698#
[PollStartAppStatusExecution] 55452eb1-268d-4f32-9a08-a67bae3cbd50 [2026-07-16T07:52:05.047362] npm notice New major version of npm available! 11.12.1 -> 12.0.1 (STDERR, APP/PROC/WEB)#
#2026 07 16 07:52:09.580#Z#DEBUG#a9262da0-80ea-11f1-b4c6-eeee0a8be332.Inventory-assistant-srv#flowable-async-job-executor-thread-42698#
[PollStartAppStatusExecution] 55452eb1-268d-4f32-9a08-a67bae3cbd50 [2026-07-16T07:52:05.047369] npm notice Changelog: https://github.com/npm/cli/releases/tag/v12.0.1 (STDERR, APP/PROC/WEB)#
#2026 07 16 07:52:09.580#Z#DEBUG#a9262da0-80ea-11f1-b4c6-eeee0a8be332.Inventory-assistant-srv#flowable-async-job-executor-thread-42698#
[PollStartAppStatusExecution] 55452eb1-268d-4f32-9a08-a67bae3cbd50 [2026-07-16T07:52:05.047381] npm notice To update run: npm install -g npm@12.0.1 (STDERR, APP/PROC/WEB)#
#2026 07 16 07:52:09.580#Z#DEBUG#a9262da0-80ea-11f1-b4c6-eeee0a8be332.Inventory-assistant-srv#flowable-async-job-executor-thread-42698#
[PollStartAppStatusExecution] 55452eb1-268d-4f32-9a08-a67bae3cbd50 [2026-07-16T07:52:05.047383] npm notice (STDERR, APP/PROC/WEB)#
#2026 07 16 07:52:09.580#Z#DEBUG#a9262da0-80ea-11f1-b4c6-eeee0a8be332.Inventory-assistant-srv#flowable-async-job-executor-thread-42698#
[PollStartAppStatusExecution] 55452eb1-268d-4f32-9a08-a67bae3cbd50 [2026-07-16T07:52:05.127558] Exit status 1 (STDOUT, APP/PROC/WEB)#
#2026 07 16 07:52:19.761#Z#DEBUG#a9262da0-80ea-11f1-b4c6-eeee0a8be332.Inventory-assistant-srv#flowable-async-job-executor-thread-42702#
[PollStartAppStatusExecution] 55452eb1-268d-4f32-9a08-a67bae3cbd50 [2026-07-16T07:52:10.943174] Cell 684caff8-89cd-492b-be01-b3d0835f1763 stopping instance 5693a023-f3c8-49be-7dea-4eae (STDOUT, CELL)#
#2026 07 16 07:52:19.761#Z#DEBUG#a9262da0-80ea-11f1-b4c6-eeee0a8be332.Inventory-assistant-srv#flowable-async-job-executor-thread-42702#
[PollStartAppStatusExecution] 55452eb1-268d-4f32-9a08-a67bae3cbd50 [2026-07-16T07:52:10.943207] Cell 684caff8-89cd-492b-be01-b3d0835f1763 destroying container for instance 5693a023-f3c8-49be-7dea-4eae (STDOUT, CELL)#
#2026 07 16 07:52:19.761#Z#DEBUG#a9262da0-80ea-11f1-b4c6-eeee0a8be332.Inventory-assistant-srv#flowable-async-job-executor-thread-42702#
[PollStartAppStatusExecution] 55452eb1-268d-4f32-9a08-a67bae3cbd50 [2026-07-16T07:52:10.949813] Process has crashed with type: "web" (STDOUT, API)#
#2026 07 16 07:52:19.761#Z#DEBUG#a9262da0-80ea-11f1-b4c6-eeee0a8be332.Inventory-assistant-srv#flowable-async-job-executor-thread-42702#
[PollStartAppStatusExecution] 55452eb1-268d-4f32-9a08-a67bae3cbd50 [2026-07-16T07:52:10.962084] App instance exited with guid 55452eb1-268d-4f32-9a08-a67bae3cbd50 payload: {"instance"=>"5693a023-f3c8-49be-7dea-4eae", "index"=>0, "cell_id"=>"684caff8-89cd-492b-be01-b3d0835f1763", "reason"=>"CRASHED", "exit_description"=>"APP/PROC/WEB: Exited with status 1", "crash_count"=>2, "crash_timestamp"=>1784188330927607672, "version"=>"d1c53e6b-b070-41ed-93fc-d46dbffe9fa8"} (STDOUT, API)#
#2026 07 16 07:52:19.761#Z#DEBUG#a9262da0-80ea-11f1-b4c6-eeee0a8be332.Inventory-assistant-srv#flowable-async-job-executor-thread-42702#
[PollStartAppStatusExecution] 55452eb1-268d-4f32-9a08-a67bae3cbd50 [2026-07-16T07:52:11.138794] Exit status 137 (STDOUT, PROXY)#
#2026 07 16 07:52:19.761#Z#DEBUG#a9262da0-80ea-11f1-b4c6-eeee0a8be332.Inventory-assistant-srv#flowable-async-job-executor-thread-42702#
[PollStartAppStatusExecution] 55452eb1-268d-4f32-9a08-a67bae3cbd50 [2026-07-16T07:52:11.184864] Cell c839c7b1-088e-41af-b9b7-66256aacd457 creating container for instance 7820b7a0-79d9-4359-6a2a-9748 (STDOUT, CELL)#
#2026 07 16 07:52:19.761#Z#DEBUG#a9262da0-80ea-11f1-b4c6-eeee0a8be332.Inventory-assistant-srv#flowable-async-job-executor-thread-42702#
[PollStartAppStatusExecution] 55452eb1-268d-4f32-9a08-a67bae3cbd50 [2026-07-16T07:52:12.129207] Security group rules were updated (STDOUT, CELL)#
#2026 07 16 07:52:19.761#Z#DEBUG#a9262da0-80ea-11f1-b4c6-eeee0a8be332.Inventory-assistant-srv#flowable-async-job-executor-thread-42702#
[PollStartAppStatusExecution] 55452eb1-268d-4f32-9a08-a67bae3cbd50 [2026-07-16T07:52:12.231562] Cell c839c7b1-088e-41af-b9b7-66256aacd457 successfully created container for instance 7820b7a0-79d9-4359-6a2a-9748 (STDOUT, CELL)#
#2026 07 16 07:52:19.761#Z#DEBUG#a9262da0-80ea-11f1-b4c6-eeee0a8be332.Inventory-assistant-srv#flowable-async-job-executor-thread-42702#
[PollStartAppStatusExecution] 55452eb1-268d-4f32-9a08-a67bae3cbd50 [2026-07-16T07:52:12.696327] Downloading droplet... (STDOUT, CELL)#
#2026 07 16 07:52:19.761#Z#DEBUG#a9262da0-80ea-11f1-b4c6-eeee0a8be332.Inventory-assistant-srv#flowable-async-job-executor-thread-42702#
[PollStartAppStatusExecution] 55452eb1-268d-4f32-9a08-a67bae3cbd50 [2026-07-16T07:52:13.316423] Cell 684caff8-89cd-492b-be01-b3d0835f1763 successfully destroyed container for instance 5693a023-f3c8-49be-7dea-4eae (STDOUT, CELL)#
#2026 07 16 07:52:19.761#Z#DEBUG#a9262da0-80ea-11f1-b4c6-eeee0a8be332.Inventory-assistant-srv#flowable-async-job-executor-thread-42702#
[PollStartAppStatusExecution] 55452eb1-268d-4f32-9a08-a67bae3cbd50 [2026-07-16T07:52:14.596691] Downloaded droplet (STDOUT, CELL)#
#2026 07 16 07:52:19.761#Z#DEBUG#a9262da0-80ea-11f1-b4c6-eeee0a8be332.Inventory-assistant-srv#flowable-async-job-executor-thread-42702#
[PollStartAppStatusExecution] 55452eb1-268d-4f32-9a08-a67bae3cbd50 [2026-07-16T07:52:14.596848] Starting health monitoring of container (STDOUT, CELL)#
#2026 07 16 07:52:19.761#Z#DEBUG#a9262da0-80ea-11f1-b4c6-eeee0a8be332.Inventory-assistant-srv#flowable-async-job-executor-thread-42702#
[PollStartAppStatusExecution] 55452eb1-268d-4f32-9a08-a67bae3cbd50 [2026-07-16T07:52:14.746439] Invoking pre-start scripts. (STDOUT, APP/PROC/WEB)#
#2026 07 16 07:52:19.761#Z#DEBUG#a9262da0-80ea-11f1-b4c6-eeee0a8be332.Inventory-assistant-srv#flowable-async-job-executor-thread-42702#
[PollStartAppStatusExecution] 55452eb1-268d-4f32-9a08-a67bae3cbd50 [2026-07-16T07:52:14.997215] Invoking start command. (STDOUT, APP/PROC/WEB)#
#2026 07 16 07:52:19.761#Z#DEBUG#a9262da0-80ea-11f1-b4c6-eeee0a8be332.Inventory-assistant-srv#flowable-async-job-executor-thread-42702#
[PollStartAppStatusExecution] 55452eb1-268d-4f32-9a08-a67bae3cbd50 [2026-07-16T07:52:15.564949] > Inventory-assistant@1.0.0 start (STDOUT, APP/PROC/WEB)#
#2026 07 16 07:52:19.761#Z#DEBUG#a9262da0-80ea-11f1-b4c6-eeee0a8be332.Inventory-assistant-srv#flowable-async-job-executor-thread-42702#
[PollStartAppStatusExecution] 55452eb1-268d-4f32-9a08-a67bae3cbd50 [2026-07-16T07:52:15.564992] > cds-serve (STDOUT, APP/PROC/WEB)#
#2026 07 16 07:52:19.761#Z#DEBUG#a9262da0-80ea-11f1-b4c6-eeee0a8be332.Inventory-assistant-srv#flowable-async-job-executor-thread-42702#
[PollStartAppStatusExecution] 55452eb1-268d-4f32-9a08-a67bae3cbd50 [2026-07-16T07:52:16.228975] {"level":"info","logger":"cds","timestamp":"2026-07-16T07:52:16.227Z","layer":"cds","component_type":"application","container_id":"10.32.2.6","component_id":"55452eb1-268d-4f32-9a08-a67bae3cbd50","component_name":"Inventory-assistant-srv","component_instance":0,"source_instance":0,"organization_name":"b6bbf2b9trial","organization_id":"21d35fcb-97d5-491b-8035-d8ae87309fad","space_name":"dev","space_id":"d36d3dbf-9d83-4ee0-8d50-d5ad45be3f2a","msg":"loaded model from 1 file(s):\n ","type":"log"} (STDOUT, APP/PROC/WEB)#
#2026 07 16 07:52:19.761#Z#DEBUG#a9262da0-80ea-11f1-b4c6-eeee0a8be332.Inventory-assistant-srv#flowable-async-job-executor-thread-42702#
[PollStartAppStatusExecution] 55452eb1-268d-4f32-9a08-a67bae3cbd50 [2026-07-16T07:52:16.229530] srv/csn.json (STDOUT, APP/PROC/WEB)#
#2026 07 16 07:52:19.761#Z#DEBUG#a9262da0-80ea-11f1-b4c6-eeee0a8be332.Inventory-assistant-srv#flowable-async-job-executor-thread-42702#
[PollStartAppStatusExecution] 55452eb1-268d-4f32-9a08-a67bae3cbd50 [2026-07-16T07:52:16.669282] {"level":"info","logger":"cds","timestamp":"2026-07-16T07:52:16.668Z","layer":"cds","component_type":"application","container_id":"10.32.2.6","component_id":"55452eb1-268d-4f32-9a08-a67bae3cbd50","component_name":"Inventory-assistant-srv","component_instance":0,"source_instance":0,"organization_name":"b6bbf2b9trial","organization_id":"21d35fcb-97d5-491b-8035-d8ae87309fad","space_name":"dev","space_id":"d36d3dbf-9d83-4ee0-8d50-d5ad45be3f2a","msg":"connect to db > hana {\n  database_id: 'f16fafbb-8883-48e8-ac75-e3a0096403de',\n  host: 'f16fafbb-8883-48e8-ac75-e3a0096403de.hna1.prod-us10.hanacloud.ondemand.com',\n  port: '443',\n  driver: 'com.sap.db.jdbc.Driver',\n  url: 'jdbc:sap://f16fafbb-8883-48e8-ac75-e3a0096403de.hna1.prod-us10.hanacloud.ondemand.com:443?encrypt=true&validateCertificate=true&currentschema=A92839A15A284357B6CC9CCA9CED9FCC',\n  schema: 'A92839A15A284357B6CC9CCA9CED9FCC',\n  certificate: '...',\n  hdi_user: 'A92839A15A284357B6CC9CCA9CED9FCC_3BGUWZJA5QHZKLX1Z7LR1MD8K_DT',\n  hdi_password: '...',\n  user: 'A92839A15A284357B6CC9CCA9CED9FCC_3BGUWZJA5QHZKLX1Z7LR1MD8K_RT',\n  password: '...'\n}","type":"log"} (STDOUT, APP/PROC/WEB)#
#2026 07 16 07:52:19.761#Z#DEBUG#a9262da0-80ea-11f1-b4c6-eeee0a8be332.Inventory-assistant-srv#flowable-async-job-executor-thread-42702#
[PollStartAppStatusExecution] 55452eb1-268d-4f32-9a08-a67bae3cbd50 [2026-07-16T07:52:17.057478] {"level":"info","logger":"cds","timestamp":"2026-07-16T07:52:17.056Z","layer":"cds","component_type":"application","container_id":"10.32.2.6","component_id":"55452eb1-268d-4f32-9a08-a67bae3cbd50","component_name":"Inventory-assistant-srv","component_instance":0,"source_instance":0,"organization_name":"b6bbf2b9trial","organization_id":"21d35fcb-97d5-491b-8035-d8ae87309fad","space_name":"dev","space_id":"d36d3dbf-9d83-4ee0-8d50-d5ad45be3f2a","msg":"connect to ZAPI_MATERIAL_STOCK_SRV1 > odata-v2 {\n  destination: 's3d-destination',\n  path: '/sap/opu/odata/sap/API_MATERIAL_STOCK_SRV'\n}","type":"log"} (STDOUT, APP/PROC/WEB)#
#2026 07 16 07:52:19.761#Z#DEBUG#a9262da0-80ea-11f1-b4c6-eeee0a8be332.Inventory-assistant-srv#flowable-async-job-executor-thread-42702#
[PollStartAppStatusExecution] 55452eb1-268d-4f32-9a08-a67bae3cbd50 [2026-07-16T07:52:17.057518] {"level":"info","logger":"cds","timestamp":"2026-07-16T07:52:17.057Z","layer":"cds","component_type":"application","container_id":"10.32.2.6","component_id":"55452eb1-268d-4f32-9a08-a67bae3cbd50","component_name":"Inventory-assistant-srv","component_instance":0,"source_instance":0,"organization_name":"b6bbf2b9trial","organization_id":"21d35fcb-97d5-491b-8035-d8ae87309fad","space_name":"dev","space_id":"d36d3dbf-9d83-4ee0-8d50-d5ad45be3f2a","msg":"connect to ZAPI_OUTBOUND_DELIVERY_SRV1 > odata-v2 {\n  destination: 's3d-destination',\n  path: '/sap/opu/odata/sap/API_OUTBOUND_DELIVERY_SRV'\n}","type":"log"} (STDOUT, APP/PROC/WEB)#
#2026 07 16 07:52:19.761#Z#DEBUG#a9262da0-80ea-11f1-b4c6-eeee0a8be332.Inventory-assistant-srv#flowable-async-job-executor-thread-42702#
[PollStartAppStatusExecution] 55452eb1-268d-4f32-9a08-a67bae3cbd50 [2026-07-16T07:52:17.057800] {"level":"info","logger":"cds","timestamp":"2026-07-16T07:52:17.057Z","layer":"cds","component_type":"application","container_id":"10.32.2.6","component_id":"55452eb1-268d-4f32-9a08-a67bae3cbd50","component_name":"Inventory-assistant-srv","component_instance":0,"source_instance":0,"organization_name":"b6bbf2b9trial","organization_id":"21d35fcb-97d5-491b-8035-d8ae87309fad","space_name":"dev","space_id":"d36d3dbf-9d83-4ee0-8d50-d5ad45be3f2a","msg":"connect to ZAPI_RESERVATION_DOCUMENT_SRV1 > odata-v2 {\n  destination: 's3d-destination',\n  path: '/sap/opu/odata/sap/API_RESERVATION_DOCUMENT_SRV'\n}","type":"log"} (STDOUT, APP/PROC/WEB)#
#2026 07 16 07:52:19.761#Z#DEBUG#a9262da0-80ea-11f1-b4c6-eeee0a8be332.Inventory-assistant-srv#flowable-async-job-executor-thread-42702#
[PollStartAppStatusExecution] 55452eb1-268d-4f32-9a08-a67bae3cbd50 [2026-07-16T07:52:17.057859] {"level":"info","logger":"cds","timestamp":"2026-07-16T07:52:17.057Z","layer":"cds","component_type":"application","container_id":"10.32.2.6","component_id":"55452eb1-268d-4f32-9a08-a67bae3cbd50","component_name":"Inventory-assistant-srv","component_instance":0,"source_instance":0,"organization_name":"b6bbf2b9trial","organization_id":"21d35fcb-97d5-491b-8035-d8ae87309fad","space_name":"dev","space_id":"d36d3dbf-9d83-4ee0-8d50-d5ad45be3f2a","msg":"connect to ZBA_SALESORDER_ITEM_SRV1 > odata-v2 {\n  destination: 's3d-destination',\n  path: '/sap/opu/odata/sap/ZBA_SALESORDER_ITEM_SRV'\n}","type":"log"} (STDOUT, APP/PROC/WEB)#
#2026 07 16 07:52:19.761#Z#DEBUG#a9262da0-80ea-11f1-b4c6-eeee0a8be332.Inventory-assistant-srv#flowable-async-job-executor-thread-42702#
[PollStartAppStatusExecution] 55452eb1-268d-4f32-9a08-a67bae3cbd50 [2026-07-16T07:52:17.087779] {"date":"Thu Jul 16 2026 07:52:17 GMT+0000 (Coordinated Universal Time)","error":{},"exception":true,"level":"error","logger":"sap-cloud-sdk-logger","message":"uncaughtException: Didn't find a configuration for 'cds.requires.API_SALES_ORDER_SRV' in /home/vcap/app\nError: Didn't find a configuration for 'cds.requires.API_SALES_ORDER_SRV' in /home/vcap/app\n    at options4 (/home/vcap/app/node_modules/@sap/cds/lib/srv/cds-connect.js:63:50)\n    at /home/vcap/app/node_modules/@sap/cds/lib/srv/cds-connect.js:33:48\n    at connect.to (/home/vcap/app/node_modules/@sap/cds/lib/srv/cds-connect.js:51:5)\n    at ApplicationService.<anonymous> (/home/vcap/app/srv/service.js:12:45)\n    at exports.init (/home/vcap/app/node_modules/@sap/cds/lib/srv/factory.js:75:16)\n    at async Promise.all (index 4)\n    at async _cds_serve (/home/vcap/app/node_modules/@sap/cds/lib/srv/cds-serve.js:32:16)\n    at async cds_server (/home/vcap/app/node_modules/@sap/cds/server.js:61:3)\n    at async serve (/home/vcap/app/node_modules/@sap/cds/bin/serve.js:207:18)","msg":"Error: Didn't find a configuration for 'cds.requires.API_SALES_ORDER_SRV' in /home/vcap/app\n    at options4 (/home/vcap/app/node_modules/@sap/cds/lib/srv/cds-connect.js:63:50)\n    at /home/vcap/app/node_modules/@sap/cds/lib/srv/cds-connect.js:33:48\n    at connect.to (/home/vcap/app/node_modules/@sap/cds/lib/srv/cds-connect.js:51:5)\n    at ApplicationService.<anonymous> (/home/vcap/app/srv/service.js:12:45)\n    at exports.init (/home/vcap/app/node_modules/@sap/cds/lib/srv/factory.js:75:16)\n    at async Promise.all (index 4)\n    at async _cds_serve (/home/vcap/app/node_modules/@sap/cds/lib/srv/cds-serve.js:32:16)\n    at async cds_server (/home/vcap/app/node_modules/@sap/cds/server.js:61:3)\n    at async serve (/home/vcap/app/node_modules/@sap/cds/bin/serve.js:207:18)","os":{"loadavg":[320.08,315.47,312.7],"uptime":672498.4},"process":{"argv":["/home/vcap/deps/0/node/bin/node","/home/vcap/app/node_modules/.bin/cds-serve"],"cwd":"/home/vcap/app","execPath":"/home/vcap/deps/0/node/bin/node","gid":2000,"memoryUsage":{"arrayBuffers":471914,"external":5310831,"heapTotal":99680256,"heapUsed":40035552,"rss":133922816},"pid":226,"uid":2000,"version":"v24.15.0"},"stack":"Error: Didn't find a configuration for 'cds.requires.API_SALES_ORDER_SRV' in /home/vcap/app\n    at options4 (/home/vcap/app/node_modules/@sap/cds/lib/srv/cds-connect.js:63:50)\n    at /home/vcap/app/node_modules/@sap/cds/lib/srv/cds-connect.js:33:48\n    at connect.to (/home/vcap/app/node_modules/@sap/cds/lib/srv/cds-connect.js:51:5)\n    at ApplicationService.<anonymous> (/home/vcap/app/srv/service.js:12:45)\n    at exports.init (/home/vcap/app/node_modules/@sap/cds/lib/srv/factory.js:75:16)\n    at async Promise.all (index 4)\n    at async _cds_serve (/home/vcap/app/node_modules/@sap/cds/lib/srv/cds-serve.js:32:16)\n    at async cds_server (/home/vcap/app/node_modules/@sap/cds/server.js:61:3)\n    at async serve (/home/vcap/app/node_modules/@sap/cds/bin/serve.js:207:18)","test":"exception","timestamp":"2026-07-16T07:52:17.085Z","trace":[{"column":50,"file":"/home/vcap/app/node_modules/@sap/cds/lib/srv/cds-connect.js","function":"options4","line":63,"method":null,"native":false},{"column":48,"file":"/home/vcap/app/node_modules/@sap/cds/lib/srv/cds-connect.js","function":null,"line":33,"method":null,"native":false},{"column":5,"file":"/home/vcap/app/node_modules/@sap/cds/lib/srv/cds-connect.js","function":"connect.to","line":51,"method":"to","native":false},{"column":45,"file":"/home/vcap/app/srv/service.js","function":null,"line":12,"method":null,"native":false},{"column":16,"file":"/home/vcap/app/node_modules/@sap/cds/lib/srv/factory.js","function":"exports.init","line":75,"method":"init","native":false},{"column":null,"file":null,"function":"async Promise.all","line":null,"method":"all","native":false},{"column":16,"file":"/home/vcap/app/node_modules/@sap/cds/lib/srv/cds-serve.js","function":"async _cds_serve","line":32,"method":null,"native":false},{"column":3,"file":"/home/vcap/app/node_modules/@sap/cds/server.js","function":"async cds_server","line":61,"method":null,"native":false},{"column":18,"file":"/home/vcap/app/node_modules/@sap/cds/bin/serve.js","function":"async serve","line":207,"method":null,"native":false}],"written_at":"2026-07-16T07:52:17.085Z","written_ts":1784188337085} (STDOUT, APP/PROC/WEB)#
#2026 07 16 07:52:29.778#Z#DEBUG#a9262da0-80ea-11f1-b4c6-eeee0a8be332.Inventory-assistant-srv#flowable-async-job-executor-thread-42702#
[PollStartAppStatusExecution] 55452eb1-268d-4f32-9a08-a67bae3cbd50 [2026-07-16T07:52:20.120] npm notice (STDERR, APP/PROC/WEB)#
#2026 07 16 07:52:29.778#Z#DEBUG#a9262da0-80ea-11f1-b4c6-eeee0a8be332.Inventory-assistant-srv#flowable-async-job-executor-thread-42702#
[PollStartAppStatusExecution] 55452eb1-268d-4f32-9a08-a67bae3cbd50 [2026-07-16T07:52:20.120050] npm notice New major version of npm available! 11.12.1 -> 12.0.1 (STDERR, APP/PROC/WEB)#
#2026 07 16 07:52:29.778#Z#DEBUG#a9262da0-80ea-11f1-b4c6-eeee0a8be332.Inventory-assistant-srv#flowable-async-job-executor-thread-42702#
[PollStartAppStatusExecution] 55452eb1-268d-4f32-9a08-a67bae3cbd50 [2026-07-16T07:52:20.120056] npm notice Changelog: https://github.com/npm/cli/releases/tag/v12.0.1 (STDERR, APP/PROC/WEB)#
#2026 07 16 07:52:29.778#Z#DEBUG#a9262da0-80ea-11f1-b4c6-eeee0a8be332.Inventory-assistant-srv#flowable-async-job-executor-thread-42702#
[PollStartAppStatusExecution] 55452eb1-268d-4f32-9a08-a67bae3cbd50 [2026-07-16T07:52:20.120059] npm notice To update run: npm install -g npm@12.0.1 (STDERR, APP/PROC/WEB)#
#2026 07 16 07:52:29.778#Z#DEBUG#a9262da0-80ea-11f1-b4c6-eeee0a8be332.Inventory-assistant-srv#flowable-async-job-executor-thread-42702#
[PollStartAppStatusExecution] 55452eb1-268d-4f32-9a08-a67bae3cbd50 [2026-07-16T07:52:20.120062] npm notice (STDERR, APP/PROC/WEB)#
#2026 07 16 07:52:29.778#Z#DEBUG#a9262da0-80ea-11f1-b4c6-eeee0a8be332.Inventory-assistant-srv#flowable-async-job-executor-thread-42702#
[PollStartAppStatusExecution] 55452eb1-268d-4f32-9a08-a67bae3cbd50 [2026-07-16T07:52:20.202940] Exit status 1 (STDOUT, APP/PROC/WEB)#
#2026 07 16 07:52:29.778#Z#DEBUG#a9262da0-80ea-11f1-b4c6-eeee0a8be332.Inventory-assistant-srv#flowable-async-job-executor-thread-42702#
[PollStartAppStatusExecution] 55452eb1-268d-4f32-9a08-a67bae3cbd50 [2026-07-16T07:52:26.516809] Cell c839c7b1-088e-41af-b9b7-66256aacd457 stopping instance 7820b7a0-79d9-4359-6a2a-9748 (STDOUT, CELL)#
#2026 07 16 07:52:29.778#Z#DEBUG#a9262da0-80ea-11f1-b4c6-eeee0a8be332.Inventory-assistant-srv#flowable-async-job-executor-thread-42702#
[PollStartAppStatusExecution] 55452eb1-268d-4f32-9a08-a67bae3cbd50 [2026-07-16T07:52:26.516862] Cell c839c7b1-088e-41af-b9b7-66256aacd457 destroying container for instance 7820b7a0-79d9-4359-6a2a-9748 (STDOUT, CELL)#
#2026 07 16 07:52:29.778#Z#DEBUG#a9262da0-80ea-11f1-b4c6-eeee0a8be332.Inventory-assistant-srv#flowable-async-job-executor-thread-42702#
[PollStartAppStatusExecution] 55452eb1-268d-4f32-9a08-a67bae3cbd50 [2026-07-16T07:52:26.534642] Process has crashed with type: "web" (STDOUT, API)#
#2026 07 16 07:52:29.778#Z#DEBUG#a9262da0-80ea-11f1-b4c6-eeee0a8be332.Inventory-assistant-srv#flowable-async-job-executor-thread-42702#
[PollStartAppStatusExecution] 55452eb1-268d-4f32-9a08-a67bae3cbd50 [2026-07-16T07:52:26.548901] App instance exited with guid 55452eb1-268d-4f32-9a08-a67bae3cbd50 payload: {"instance"=>"7820b7a0-79d9-4359-6a2a-9748", "index"=>0, "cell_id"=>"c839c7b1-088e-41af-b9b7-66256aacd457", "reason"=>"CRASHED", "exit_description"=>"APP/PROC/WEB: Exited with status 1", "crash_count"=>3, "crash_timestamp"=>1784188346513905316, "version"=>"d1c53e6b-b070-41ed-93fc-d46dbffe9fa8"} (STDOUT, API)#
#2026 07 16 07:52:29.778#Z#DEBUG#a9262da0-80ea-11f1-b4c6-eeee0a8be332.Inventory-assistant-srv#flowable-async-job-executor-thread-42702#
[PollStartAppStatusExecution] 55452eb1-268d-4f32-9a08-a67bae3cbd50 [2026-07-16T07:52:26.886502] Exit status 137 (STDOUT, PROXY)#
#2026 07 16 07:52:29.778#Z#DEBUG#a9262da0-80ea-11f1-b4c6-eeee0a8be332.Inventory-assistant-srv#flowable-async-job-executor-thread-42702#
[PollStartAppStatusExecution] 55452eb1-268d-4f32-9a08-a67bae3cbd50 [2026-07-16T07:52:29.071597] Cell c839c7b1-088e-41af-b9b7-66256aacd457 successfully destroyed container for instance 7820b7a0-79d9-4359-6a2a-9748 (STDOUT, CELL)#
#2026 07 16 07:52:40.062#Z#DEBUG#a9262da0-80ea-11f1-b4c6-eeee0a8be332.Inventory-assistant-srv#flowable-async-job-executor-thread-42701#
[PollStartAppStatusExecution] 55452eb1-268d-4f32-9a08-a67bae3cbd50 [2026-07-16T07:52:20.120] npm notice (STDERR, APP/PROC/WEB)#
#2026 07 16 07:52:40.062#Z#DEBUG#a9262da0-80ea-11f1-b4c6-eeee0a8be332.Inventory-assistant-srv#flowable-async-job-executor-thread-42701#
[PollStartAppStatusExecution] 55452eb1-268d-4f32-9a08-a67bae3cbd50 [2026-07-16T07:52:20.120050] npm notice New major version of npm available! 11.12.1 -> 12.0.1 (STDERR, APP/PROC/WEB)#
#2026 07 16 07:52:40.062#Z#DEBUG#a9262da0-80ea-11f1-b4c6-eeee0a8be332.Inventory-assistant-srv#flowable-async-job-executor-thread-42701#
[PollStartAppStatusExecution] 55452eb1-268d-4f32-9a08-a67bae3cbd50 [2026-07-16T07:52:20.120056] npm notice Changelog: https://github.com/npm/cli/releases/tag/v12.0.1 (STDERR, APP/PROC/WEB)#
#2026 07 16 07:52:40.062#Z#DEBUG#a9262da0-80ea-11f1-b4c6-eeee0a8be332.Inventory-assistant-srv#flowable-async-job-executor-thread-42701#
[PollStartAppStatusExecution] 55452eb1-268d-4f32-9a08-a67bae3cbd50 [2026-07-16T07:52:20.120059] npm notice To update run: npm install -g npm@12.0.1 (STDERR, APP/PROC/WEB)#
#2026 07 16 07:52:40.062#Z#DEBUG#a9262da0-80ea-11f1-b4c6-eeee0a8be332.Inventory-assistant-srv#flowable-async-job-executor-thread-42701#
[PollStartAppStatusExecution] 55452eb1-268d-4f32-9a08-a67bae3cbd50 [2026-07-16T07:52:20.120062] npm notice (STDERR, APP/PROC/WEB)#
#2026 07 16 07:52:40.062#Z#DEBUG#a9262da0-80ea-11f1-b4c6-eeee0a8be332.Inventory-assistant-srv#flowable-async-job-executor-thread-42701#
[PollStartAppStatusExecution] 55452eb1-268d-4f32-9a08-a67bae3cbd50 [2026-07-16T07:52:20.202940] Exit status 1 (STDOUT, APP/PROC/WEB)#
#2026 07 16 07:52:40.062#Z#DEBUG#a9262da0-80ea-11f1-b4c6-eeee0a8be332.Inventory-assistant-srv#flowable-async-job-executor-thread-42701#
[PollStartAppStatusExecution] 55452eb1-268d-4f32-9a08-a67bae3cbd50 [2026-07-16T07:52:26.516809] Cell c839c7b1-088e-41af-b9b7-66256aacd457 stopping instance 7820b7a0-79d9-4359-6a2a-9748 (STDOUT, CELL)#
#2026 07 16 07:52:40.062#Z#DEBUG#a9262da0-80ea-11f1-b4c6-eeee0a8be332.Inventory-assistant-srv#flowable-async-job-executor-thread-42701#
[PollStartAppStatusExecution] 55452eb1-268d-4f32-9a08-a67bae3cbd50 [2026-07-16T07:52:26.516862] Cell c839c7b1-088e-41af-b9b7-66256aacd457 destroying container for instance 7820b7a0-79d9-4359-6a2a-9748 (STDOUT, CELL)#
#2026 07 16 07:52:40.062#Z#DEBUG#a9262da0-80ea-11f1-b4c6-eeee0a8be332.Inventory-assistant-srv#flowable-async-job-executor-thread-42701#
[PollStartAppStatusExecution] 55452eb1-268d-4f32-9a08-a67bae3cbd50 [2026-07-16T07:52:26.534642] Process has crashed with type: "web" (STDOUT, API)#
#2026 07 16 07:52:40.062#Z#DEBUG#a9262da0-80ea-11f1-b4c6-eeee0a8be332.Inventory-assistant-srv#flowable-async-job-executor-thread-42701#
[PollStartAppStatusExecution] 55452eb1-268d-4f32-9a08-a67bae3cbd50 [2026-07-16T07:52:26.548901] App instance exited with guid 55452eb1-268d-4f32-9a08-a67bae3cbd50 payload: {"instance"=>"7820b7a0-79d9-4359-6a2a-9748", "index"=>0, "cell_id"=>"c839c7b1-088e-41af-b9b7-66256aacd457", "reason"=>"CRASHED", "exit_description"=>"APP/PROC/WEB: Exited with status 1", "crash_count"=>3, "crash_timestamp"=>1784188346513905316, "version"=>"d1c53e6b-b070-41ed-93fc-d46dbffe9fa8"} (STDOUT, API)#
#2026 07 16 07:52:40.062#Z#DEBUG#a9262da0-80ea-11f1-b4c6-eeee0a8be332.Inventory-assistant-srv#flowable-async-job-executor-thread-42701#
[PollStartAppStatusExecution] 55452eb1-268d-4f32-9a08-a67bae3cbd50 [2026-07-16T07:52:26.886502] Exit status 137 (STDOUT, PROXY)#
#2026 07 16 07:52:40.062#Z#DEBUG#a9262da0-80ea-11f1-b4c6-eeee0a8be332.Inventory-assistant-srv#flowable-async-job-executor-thread-42701#
[PollStartAppStatusExecution] 55452eb1-268d-4f32-9a08-a67bae3cbd50 [2026-07-16T07:52:29.071597] Cell c839c7b1-088e-41af-b9b7-66256aacd457 successfully destroyed container for instance 7820b7a0-79d9-4359-6a2a-9748 (STDOUT, CELL)#
#2026 07 16 07:52:40.062#Z#DEBUG#a9262da0-80ea-11f1-b4c6-eeee0a8be332.Inventory-assistant-srv#flowable-async-job-executor-thread-42701#
[PollStartAppStatusExecution] 55452eb1-268d-4f32-9a08-a67bae3cbd50 [2026-07-16T07:52:33.268429] Stopping app with guid 55452eb1-268d-4f32-9a08-a67bae3cbd50 (STDOUT, API)#
#2026 07 16 07:52:40.062#Z#DEBUG#a9262da0-80ea-11f1-b4c6-eeee0a8be332.Inventory-assistant-srv#flowable-async-job-executor-thread-42701#
[PollStartAppStatusExecution] 55452eb1-268d-4f32-9a08-a67bae3cbd50 [2026-07-16T07:52:33.418986] Starting app with guid 55452eb1-268d-4f32-9a08-a67bae3cbd50 (STDOUT, API)#
#2026 07 16 07:52:40.062#Z#DEBUG#a9262da0-80ea-11f1-b4c6-eeee0a8be332.Inventory-assistant-srv#flowable-async-job-executor-thread-42701#
[PollStartAppStatusExecution] 55452eb1-268d-4f32-9a08-a67bae3cbd50 [2026-07-16T07:52:33.676652] Cell c839c7b1-088e-41af-b9b7-66256aacd457 creating container for instance 0a8a93d3-5985-42b6-688a-233c (STDOUT, CELL)#
#2026 07 16 07:52:40.062#Z#DEBUG#a9262da0-80ea-11f1-b4c6-eeee0a8be332.Inventory-assistant-srv#flowable-async-job-executor-thread-42701#
[PollStartAppStatusExecution] 55452eb1-268d-4f32-9a08-a67bae3cbd50 [2026-07-16T07:52:34.682106] Security group rules were updated (STDOUT, CELL)#
#2026 07 16 07:52:40.062#Z#DEBUG#a9262da0-80ea-11f1-b4c6-eeee0a8be332.Inventory-assistant-srv#flowable-async-job-executor-thread-42701#
[PollStartAppStatusExecution] 55452eb1-268d-4f32-9a08-a67bae3cbd50 [2026-07-16T07:52:34.765961] Cell c839c7b1-088e-41af-b9b7-66256aacd457 successfully created container for instance 0a8a93d3-5985-42b6-688a-233c (STDOUT, CELL)#
#2026 07 16 07:52:40.062#Z#DEBUG#a9262da0-80ea-11f1-b4c6-eeee0a8be332.Inventory-assistant-srv#flowable-async-job-executor-thread-42701#
[PollStartAppStatusExecution] 55452eb1-268d-4f32-9a08-a67bae3cbd50 [2026-07-16T07:52:35.387496] Downloading droplet... (STDOUT, CELL)#
#2026 07 16 07:52:50.144#Z#DEBUG#a9262da0-80ea-11f1-b4c6-eeee0a8be332.Inventory-assistant-srv#flowable-async-job-executor-thread-42719#
[PollStartAppStatusExecution] 55452eb1-268d-4f32-9a08-a67bae3cbd50 [2026-07-16T07:52:40.345443] Downloaded droplet (61.4M) (STDOUT, CELL)#
#2026 07 16 07:52:50.144#Z#DEBUG#a9262da0-80ea-11f1-b4c6-eeee0a8be332.Inventory-assistant-srv#flowable-async-job-executor-thread-42719#
[PollStartAppStatusExecution] 55452eb1-268d-4f32-9a08-a67bae3cbd50 [2026-07-16T07:52:40.345662] Starting health monitoring of container (STDOUT, CELL)#
#2026 07 16 07:52:50.144#Z#DEBUG#a9262da0-80ea-11f1-b4c6-eeee0a8be332.Inventory-assistant-srv#flowable-async-job-executor-thread-42719#
[PollStartAppStatusExecution] 55452eb1-268d-4f32-9a08-a67bae3cbd50 [2026-07-16T07:52:40.506870] Invoking pre-start scripts. (STDOUT, APP/PROC/WEB)#
#2026 07 16 07:52:50.144#Z#DEBUG#a9262da0-80ea-11f1-b4c6-eeee0a8be332.Inventory-assistant-srv#flowable-async-job-executor-thread-42719#
[PollStartAppStatusExecution] 55452eb1-268d-4f32-9a08-a67bae3cbd50 [2026-07-16T07:52:40.763958] Invoking start command. (STDOUT, APP/PROC/WEB)#
#2026 07 16 07:52:50.144#Z#DEBUG#a9262da0-80ea-11f1-b4c6-eeee0a8be332.Inventory-assistant-srv#flowable-async-job-executor-thread-42719#
[PollStartAppStatusExecution] 55452eb1-268d-4f32-9a08-a67bae3cbd50 [2026-07-16T07:52:41.325444] > Inventory-assistant@1.0.0 start (STDOUT, APP/PROC/WEB)#
#2026 07 16 07:52:50.144#Z#DEBUG#a9262da0-80ea-11f1-b4c6-eeee0a8be332.Inventory-assistant-srv#flowable-async-job-executor-thread-42719#
[PollStartAppStatusExecution] 55452eb1-268d-4f32-9a08-a67bae3cbd50 [2026-07-16T07:52:41.325478] > cds-serve (STDOUT, APP/PROC/WEB)#
#2026 07 16 07:52:50.144#Z#DEBUG#a9262da0-80ea-11f1-b4c6-eeee0a8be332.Inventory-assistant-srv#flowable-async-job-executor-thread-42719#
[PollStartAppStatusExecution] 55452eb1-268d-4f32-9a08-a67bae3cbd50 [2026-07-16T07:52:42.008936] {"level":"info","logger":"cds","timestamp":"2026-07-16T07:52:42.007Z","layer":"cds","component_type":"application","container_id":"10.32.2.6","component_id":"55452eb1-268d-4f32-9a08-a67bae3cbd50","component_name":"Inventory-assistant-srv","component_instance":0,"source_instance":0,"organization_name":"b6bbf2b9trial","organization_id":"21d35fcb-97d5-491b-8035-d8ae87309fad","space_name":"dev","space_id":"d36d3dbf-9d83-4ee0-8d50-d5ad45be3f2a","msg":"loaded model from 1 file(s):\n ","type":"log"} (STDOUT, APP/PROC/WEB)#
#2026 07 16 07:52:50.144#Z#DEBUG#a9262da0-80ea-11f1-b4c6-eeee0a8be332.Inventory-assistant-srv#flowable-async-job-executor-thread-42719#
[PollStartAppStatusExecution] 55452eb1-268d-4f32-9a08-a67bae3cbd50 [2026-07-16T07:52:42.009728] srv/csn.json (STDOUT, APP/PROC/WEB)#
#2026 07 16 07:52:50.144#Z#DEBUG#a9262da0-80ea-11f1-b4c6-eeee0a8be332.Inventory-assistant-srv#flowable-async-job-executor-thread-42719#
[PollStartAppStatusExecution] 55452eb1-268d-4f32-9a08-a67bae3cbd50 [2026-07-16T07:52:42.518420] {"level":"info","logger":"cds","timestamp":"2026-07-16T07:52:42.517Z","layer":"cds","component_type":"application","container_id":"10.32.2.6","component_id":"55452eb1-268d-4f32-9a08-a67bae3cbd50","component_name":"Inventory-assistant-srv","component_instance":0,"source_instance":0,"organization_name":"b6bbf2b9trial","organization_id":"21d35fcb-97d5-491b-8035-d8ae87309fad","space_name":"dev","space_id":"d36d3dbf-9d83-4ee0-8d50-d5ad45be3f2a","msg":"connect to db > hana {\n  database_id: 'f16fafbb-8883-48e8-ac75-e3a0096403de',\n  host: 'f16fafbb-8883-48e8-ac75-e3a0096403de.hna1.prod-us10.hanacloud.ondemand.com',\n  port: '443',\n  driver: 'com.sap.db.jdbc.Driver',\n  url: 'jdbc:sap://f16fafbb-8883-48e8-ac75-e3a0096403de.hna1.prod-us10.hanacloud.ondemand.com:443?encrypt=true&validateCertificate=true&currentschema=A92839A15A284357B6CC9CCA9CED9FCC',\n  schema: 'A92839A15A284357B6CC9CCA9CED9FCC',\n  certificate: '...',\n  hdi_user: 'A92839A15A284357B6CC9CCA9CED9FCC_3BGUWZJA5QHZKLX1Z7LR1MD8K_DT',\n  hdi_password: '...',\n  user: 'A92839A15A284357B6CC9CCA9CED9FCC_3BGUWZJA5QHZKLX1Z7LR1MD8K_RT',\n  password: '...'\n}","type":"log"} (STDOUT, APP/PROC/WEB)#
#2026 07 16 07:52:50.145#Z#DEBUG#a9262da0-80ea-11f1-b4c6-eeee0a8be332.Inventory-assistant-srv#flowable-async-job-executor-thread-42719#
[PollStartAppStatusExecution] 55452eb1-268d-4f32-9a08-a67bae3cbd50 [2026-07-16T07:52:42.858403] {"level":"info","logger":"cds","timestamp":"2026-07-16T07:52:42.857Z","layer":"cds","component_type":"application","container_id":"10.32.2.6","component_id":"55452eb1-268d-4f32-9a08-a67bae3cbd50","component_name":"Inventory-assistant-srv","component_instance":0,"source_instance":0,"organization_name":"b6bbf2b9trial","organization_id":"21d35fcb-97d5-491b-8035-d8ae87309fad","space_name":"dev","space_id":"d36d3dbf-9d83-4ee0-8d50-d5ad45be3f2a","msg":"connect to ZAPI_MATERIAL_STOCK_SRV1 > odata-v2 {\n  destination: 's3d-destination',\n  path: '/sap/opu/odata/sap/API_MATERIAL_STOCK_SRV'\n}","type":"log"} (STDOUT, APP/PROC/WEB)#
#2026 07 16 07:52:50.145#Z#DEBUG#a9262da0-80ea-11f1-b4c6-eeee0a8be332.Inventory-assistant-srv#flowable-async-job-executor-thread-42719#
[PollStartAppStatusExecution] 55452eb1-268d-4f32-9a08-a67bae3cbd50 [2026-07-16T07:52:42.858527] {"level":"info","logger":"cds","timestamp":"2026-07-16T07:52:42.858Z","layer":"cds","component_type":"application","container_id":"10.32.2.6","component_id":"55452eb1-268d-4f32-9a08-a67bae3cbd50","component_name":"Inventory-assistant-srv","component_instance":0,"source_instance":0,"organization_name":"b6bbf2b9trial","organization_id":"21d35fcb-97d5-491b-8035-d8ae87309fad","space_name":"dev","space_id":"d36d3dbf-9d83-4ee0-8d50-d5ad45be3f2a","msg":"connect to ZAPI_OUTBOUND_DELIVERY_SRV1 > odata-v2 {\n  destination: 's3d-destination',\n  path: '/sap/opu/odata/sap/API_OUTBOUND_DELIVERY_SRV'\n}","type":"log"} (STDOUT, APP/PROC/WEB)#
#2026 07 16 07:52:50.145#Z#DEBUG#a9262da0-80ea-11f1-b4c6-eeee0a8be332.Inventory-assistant-srv#flowable-async-job-executor-thread-42719#
[PollStartAppStatusExecution] 55452eb1-268d-4f32-9a08-a67bae3cbd50 [2026-07-16T07:52:42.858952] {"level":"info","logger":"cds","timestamp":"2026-07-16T07:52:42.858Z","layer":"cds","component_type":"application","container_id":"10.32.2.6","component_id":"55452eb1-268d-4f32-9a08-a67bae3cbd50","component_name":"Inventory-assistant-srv","component_instance":0,"source_instance":0,"organization_name":"b6bbf2b9trial","organization_id":"21d35fcb-97d5-491b-8035-d8ae87309fad","space_name":"dev","space_id":"d36d3dbf-9d83-4ee0-8d50-d5ad45be3f2a","msg":"connect to ZAPI_RESERVATION_DOCUMENT_SRV1 > odata-v2 {\n  destination: 's3d-destination',\n  path: '/sap/opu/odata/sap/API_RESERVATION_DOCUMENT_SRV'\n}","type":"log"} (STDOUT, APP/PROC/WEB)#
#2026 07 16 07:52:50.145#Z#DEBUG#a9262da0-80ea-11f1-b4c6-eeee0a8be332.Inventory-assistant-srv#flowable-async-job-executor-thread-42719#
[PollStartAppStatusExecution] 55452eb1-268d-4f32-9a08-a67bae3cbd50 [2026-07-16T07:52:42.859085] {"level":"info","logger":"cds","timestamp":"2026-07-16T07:52:42.858Z","layer":"cds","component_type":"application","container_id":"10.32.2.6","component_id":"55452eb1-268d-4f32-9a08-a67bae3cbd50","component_name":"Inventory-assistant-srv","component_instance":0,"source_instance":0,"organization_name":"b6bbf2b9trial","organization_id":"21d35fcb-97d5-491b-8035-d8ae87309fad","space_name":"dev","space_id":"d36d3dbf-9d83-4ee0-8d50-d5ad45be3f2a","msg":"connect to ZBA_SALESORDER_ITEM_SRV1 > odata-v2 {\n  destination: 's3d-destination',\n  path: '/sap/opu/odata/sap/ZBA_SALESORDER_ITEM_SRV'\n}","type":"log"} (STDOUT, APP/PROC/WEB)#
#2026 07 16 07:52:50.145#Z#DEBUG#a9262da0-80ea-11f1-b4c6-eeee0a8be332.Inventory-assistant-srv#flowable-async-job-executor-thread-42719#
[PollStartAppStatusExecution] 55452eb1-268d-4f32-9a08-a67bae3cbd50 [2026-07-16T07:52:42.888704] {"date":"Thu Jul 16 2026 07:52:42 GMT+0000 (Coordinated Universal Time)","error":{},"exception":true,"level":"error","logger":"sap-cloud-sdk-logger","message":"uncaughtException: Didn't find a configuration for 'cds.requires.API_SALES_ORDER_SRV' in /home/vcap/app\nError: Didn't find a configuration for 'cds.requires.API_SALES_ORDER_SRV' in /home/vcap/app\n    at options4 (/home/vcap/app/node_modules/@sap/cds/lib/srv/cds-connect.js:63:50)\n    at /home/vcap/app/node_modules/@sap/cds/lib/srv/cds-connect.js:33:48\n    at connect.to (/home/vcap/app/node_modules/@sap/cds/lib/srv/cds-connect.js:51:5)\n    at ApplicationService.<anonymous> (/home/vcap/app/srv/service.js:12:45)\n    at exports.init (/home/vcap/app/node_modules/@sap/cds/lib/srv/factory.js:75:16)\n    at async Promise.all (index 4)\n    at async _cds_serve (/home/vcap/app/node_modules/@sap/cds/lib/srv/cds-serve.js:32:16)\n    at async cds_server (/home/vcap/app/node_modules/@sap/cds/server.js:61:3)\n    at async serve (/home/vcap/app/node_modules/@sap/cds/bin/serve.js:207:18)","msg":"Error: Didn't find a configuration for 'cds.requires.API_SALES_ORDER_SRV' in /home/vcap/app\n    at options4 (/home/vcap/app/node_modules/@sap/cds/lib/srv/cds-connect.js:63:50)\n    at /home/vcap/app/node_modules/@sap/cds/lib/srv/cds-connect.js:33:48\n    at connect.to (/home/vcap/app/node_modules/@sap/cds/lib/srv/cds-connect.js:51:5)\n    at ApplicationService.<anonymous> (/home/vcap/app/srv/service.js:12:45)\n    at exports.init (/home/vcap/app/node_modules/@sap/cds/lib/srv/factory.js:75:16)\n    at async Promise.all (index 4)\n    at async _cds_serve (/home/vcap/app/node_modules/@sap/cds/lib/srv/cds-serve.js:32:16)\n    at async cds_server (/home/vcap/app/node_modules/@sap/cds/server.js:61:3)\n    at async serve (/home/vcap/app/node_modules/@sap/cds/bin/serve.js:207:18)","os":{"loadavg":[321.03,316.1,313],"uptime":672524.21},"process":{"argv":["/home/vcap/deps/0/node/bin/node","/home/vcap/app/node_modules/.bin/cds-serve"],"cwd":"/home/vcap/app","execPath":"/home/vcap/deps/0/node/bin/node","gid":2000,"memoryUsage":{"arrayBuffers":471914,"external":5310831,"heapTotal":102039552,"heapUsed":40285136,"rss":137158656},"pid":224,"uid":2000,"version":"v24.15.0"},"stack":"Error: Didn't find a configuration for 'cds.requires.API_SALES_ORDER_SRV' in /home/vcap/app\n    at options4 (/home/vcap/app/node_modules/@sap/cds/lib/srv/cds-connect.js:63:50)\n    at /home/vcap/app/node_modules/@sap/cds/lib/srv/cds-connect.js:33:48\n    at connect.to (/home/vcap/app/node_modules/@sap/cds/lib/srv/cds-connect.js:51:5)\n    at ApplicationService.<anonymous> (/home/vcap/app/srv/service.js:12:45)\n    at exports.init (/home/vcap/app/node_modules/@sap/cds/lib/srv/factory.js:75:16)\n    at async Promise.all (index 4)\n    at async _cds_serve (/home/vcap/app/node_modules/@sap/cds/lib/srv/cds-serve.js:32:16)\n    at async cds_server (/home/vcap/app/node_modules/@sap/cds/server.js:61:3)\n    at async serve (/home/vcap/app/node_modules/@sap/cds/bin/serve.js:207:18)","test":"exception","timestamp":"2026-07-16T07:52:42.886Z","trace":[{"column":50,"file":"/home/vcap/app/node_modules/@sap/cds/lib/srv/cds-connect.js","function":"options4","line":63,"method":null,"native":false},{"column":48,"file":"/home/vcap/app/node_modules/@sap/cds/lib/srv/cds-connect.js","function":null,"line":33,"method":null,"native":false},{"column":5,"file":"/home/vcap/app/node_modules/@sap/cds/lib/srv/cds-connect.js","function":"connect.to","line":51,"method":"to","native":false},{"column":45,"file":"/home/vcap/app/srv/service.js","function":null,"line":12,"method":null,"native":false},{"column":16,"file":"/home/vcap/app/node_modules/@sap/cds/lib/srv/factory.js","function":"exports.init","line":75,"method":"init","native":false},{"column":null,"file":null,"function":"async Promise.all","line":null,"method":"all","native":false},{"column":16,"file":"/home/vcap/app/node_modules/@sap/cds/lib/srv/cds-serve.js","function":"async _cds_serve","line":32,"method":null,"native":false},{"column":3,"file":"/home/vcap/app/node_modules/@sap/cds/server.js","function":"async cds_server","line":61,"method":null,"native":false},{"column":18,"file":"/home/vcap/app/node_modules/@sap/cds/bin/serve.js","function":"async serve","line":207,"method":null,"native":false}],"written_at":"2026-07-16T07:52:42.886Z","written_ts":1784188362886} (STDOUT, APP/PROC/WEB)#
#2026 07 16 07:52:50.145#Z#DEBUG#a9262da0-80ea-11f1-b4c6-eeee0a8be332.Inventory-assistant-srv#flowable-async-job-executor-thread-42719#
[PollStartAppStatusExecution] 55452eb1-268d-4f32-9a08-a67bae3cbd50 [2026-07-16T07:52:45.919413] npm notice (STDERR, APP/PROC/WEB)#
#2026 07 16 07:52:50.145#Z#DEBUG#a9262da0-80ea-11f1-b4c6-eeee0a8be332.Inventory-assistant-srv#flowable-async-job-executor-thread-42719#
[PollStartAppStatusExecution] 55452eb1-268d-4f32-9a08-a67bae3cbd50 [2026-07-16T07:52:45.919477] npm notice New major version of npm available! 11.12.1 -> 12.0.1 (STDERR, APP/PROC/WEB)#
#2026 07 16 07:52:50.145#Z#DEBUG#a9262da0-80ea-11f1-b4c6-eeee0a8be332.Inventory-assistant-srv#flowable-async-job-executor-thread-42719#
[PollStartAppStatusExecution] 55452eb1-268d-4f32-9a08-a67bae3cbd50 [2026-07-16T07:52:45.919484] npm notice Changelog: https://github.com/npm/cli/releases/tag/v12.0.1 (STDERR, APP/PROC/WEB)#
#2026 07 16 07:52:50.145#Z#DEBUG#a9262da0-80ea-11f1-b4c6-eeee0a8be332.Inventory-assistant-srv#flowable-async-job-executor-thread-42719#
[PollStartAppStatusExecution] 55452eb1-268d-4f32-9a08-a67bae3cbd50 [2026-07-16T07:52:45.919488] npm notice To update run: npm install -g npm@12.0.1 (STDERR, APP/PROC/WEB)#
#2026 07 16 07:52:50.145#Z#DEBUG#a9262da0-80ea-11f1-b4c6-eeee0a8be332.Inventory-assistant-srv#flowable-async-job-executor-thread-42719#
[PollStartAppStatusExecution] 55452eb1-268d-4f32-9a08-a67bae3cbd50 [2026-07-16T07:52:45.919491] npm notice (STDERR, APP/PROC/WEB)#
#2026 07 16 07:52:50.145#Z#DEBUG#a9262da0-80ea-11f1-b4c6-eeee0a8be332.Inventory-assistant-srv#flowable-async-job-executor-thread-42719#
[PollStartAppStatusExecution] 55452eb1-268d-4f32-9a08-a67bae3cbd50 [2026-07-16T07:52:46.004181] Exit status 1 (STDOUT, APP/PROC/WEB)#
#2026 07 16 07:53:00.290#Z#DEBUG#a9262da0-80ea-11f1-b4c6-eeee0a8be332.Inventory-assistant-srv#flowable-async-job-executor-thread-26412#
[PollStartAppStatusExecution] 55452eb1-268d-4f32-9a08-a67bae3cbd50 [2026-07-16T07:52:52.052855] Cell c839c7b1-088e-41af-b9b7-66256aacd457 stopping instance 0a8a93d3-5985-42b6-688a-233c (STDOUT, CELL)#
#2026 07 16 07:53:00.290#Z#DEBUG#a9262da0-80ea-11f1-b4c6-eeee0a8be332.Inventory-assistant-srv#flowable-async-job-executor-thread-26412#
[PollStartAppStatusExecution] 55452eb1-268d-4f32-9a08-a67bae3cbd50 [2026-07-16T07:52:52.052903] Cell c839c7b1-088e-41af-b9b7-66256aacd457 destroying container for instance 0a8a93d3-5985-42b6-688a-233c (STDOUT, CELL)#
#2026 07 16 07:53:00.290#Z#DEBUG#a9262da0-80ea-11f1-b4c6-eeee0a8be332.Inventory-assistant-srv#flowable-async-job-executor-thread-26412#
[PollStartAppStatusExecution] 55452eb1-268d-4f32-9a08-a67bae3cbd50 [2026-07-16T07:52:52.061491] Process has crashed with type: "web" (STDOUT, API)#
#2026 07 16 07:53:00.290#Z#DEBUG#a9262da0-80ea-11f1-b4c6-eeee0a8be332.Inventory-assistant-srv#flowable-async-job-executor-thread-26412#
[PollStartAppStatusExecution] 55452eb1-268d-4f32-9a08-a67bae3cbd50 [2026-07-16T07:52:52.080747] App instance exited with guid 55452eb1-268d-4f32-9a08-a67bae3cbd50 payload: {"instance"=>"0a8a93d3-5985-42b6-688a-233c", "index"=>0, "cell_id"=>"c839c7b1-088e-41af-b9b7-66256aacd457", "reason"=>"CRASHED", "exit_description"=>"APP/PROC/WEB: Exited with status 1", "crash_count"=>1, "crash_timestamp"=>1784188372035465154, "version"=>"80b1dd3a-ab18-4e07-bf02-e7e4762ca7a9"} (STDOUT, API)#
#2026 07 16 07:53:00.290#Z#DEBUG#a9262da0-80ea-11f1-b4c6-eeee0a8be332.Inventory-assistant-srv#flowable-async-job-executor-thread-26412#
[PollStartAppStatusExecution] 55452eb1-268d-4f32-9a08-a67bae3cbd50 [2026-07-16T07:52:52.182463] Cell 77283d80-dfa7-40ba-ba4e-265aef112085 creating container for instance 61ae853f-f23a-4e11-497d-e98d (STDOUT, CELL)#
#2026 07 16 07:53:00.290#Z#DEBUG#a9262da0-80ea-11f1-b4c6-eeee0a8be332.Inventory-assistant-srv#flowable-async-job-executor-thread-26412#
[PollStartAppStatusExecution] 55452eb1-268d-4f32-9a08-a67bae3cbd50 [2026-07-16T07:52:52.301683] Exit status 137 (STDOUT, PROXY)#
#2026 07 16 07:53:00.290#Z#DEBUG#a9262da0-80ea-11f1-b4c6-eeee0a8be332.Inventory-assistant-srv#flowable-async-job-executor-thread-26412#
[PollStartAppStatusExecution] 55452eb1-268d-4f32-9a08-a67bae3cbd50 [2026-07-16T07:52:53.114932] Security group rules were updated (STDOUT, CELL)#
#2026 07 16 07:53:00.290#Z#DEBUG#a9262da0-80ea-11f1-b4c6-eeee0a8be332.Inventory-assistant-srv#flowable-async-job-executor-thread-26412#
[PollStartAppStatusExecution] 55452eb1-268d-4f32-9a08-a67bae3cbd50 [2026-07-16T07:52:53.223158] Cell 77283d80-dfa7-40ba-ba4e-265aef112085 successfully created container for instance 61ae853f-f23a-4e11-497d-e98d (STDOUT, CELL)#
#2026 07 16 07:53:00.290#Z#DEBUG#a9262da0-80ea-11f1-b4c6-eeee0a8be332.Inventory-assistant-srv#flowable-async-job-executor-thread-26412#
[PollStartAppStatusExecution] 55452eb1-268d-4f32-9a08-a67bae3cbd50 [2026-07-16T07:52:53.981733] Downloading droplet... (STDOUT, CELL)#
#2026 07 16 07:53:00.290#Z#DEBUG#a9262da0-80ea-11f1-b4c6-eeee0a8be332.Inventory-assistant-srv#flowable-async-job-executor-thread-26412#
[PollStartAppStatusExecution] 55452eb1-268d-4f32-9a08-a67bae3cbd50 [2026-07-16T07:52:54.920670] Cell c839c7b1-088e-41af-b9b7-66256aacd457 successfully destroyed container for instance 0a8a93d3-5985-42b6-688a-233c (STDOUT, CELL)#
#2026 07 16 07:53:00.290#Z#DEBUG#a9262da0-80ea-11f1-b4c6-eeee0a8be332.Inventory-assistant-srv#flowable-async-job-executor-thread-26412#
[PollStartAppStatusExecution] 55452eb1-268d-4f32-9a08-a67bae3cbd50 [2026-07-16T07:52:59.114449] Downloaded droplet (61.4M) (STDOUT, CELL)#
#2026 07 16 07:53:00.290#Z#DEBUG#a9262da0-80ea-11f1-b4c6-eeee0a8be332.Inventory-assistant-srv#flowable-async-job-executor-thread-26412#
[PollStartAppStatusExecution] 55452eb1-268d-4f32-9a08-a67bae3cbd50 [2026-07-16T07:52:59.114597] Starting health monitoring of container (STDOUT, CELL)#
#2026 07 16 07:53:00.290#Z#DEBUG#a9262da0-80ea-11f1-b4c6-eeee0a8be332.Inventory-assistant-srv#flowable-async-job-executor-thread-26412#
[PollStartAppStatusExecution] 55452eb1-268d-4f32-9a08-a67bae3cbd50 [2026-07-16T07:52:59.271884] Invoking pre-start scripts. (STDOUT, APP/PROC/WEB)#
#2026 07 16 07:53:00.290#Z#DEBUG#a9262da0-80ea-11f1-b4c6-eeee0a8be332.Inventory-assistant-srv#flowable-async-job-executor-thread-26412#
[PollStartAppStatusExecution] 55452eb1-268d-4f32-9a08-a67bae3cbd50 [2026-07-16T07:52:59.532009] Invoking start command. (STDOUT, APP/PROC/WEB)#
#2026 07 16 07:53:10.434#Z#DEBUG#a9262da0-80ea-11f1-b4c6-eeee0a8be332.Inventory-assistant-srv#flowable-async-job-executor-thread-26417#
[PollStartAppStatusExecution] 55452eb1-268d-4f32-9a08-a67bae3cbd50 [2026-07-16T07:53:00.090074] > Inventory-assistant@1.0.0 start (STDOUT, APP/PROC/WEB)#
#2026 07 16 07:53:10.434#Z#DEBUG#a9262da0-80ea-11f1-b4c6-eeee0a8be332.Inventory-assistant-srv#flowable-async-job-executor-thread-26417#
[PollStartAppStatusExecution] 55452eb1-268d-4f32-9a08-a67bae3cbd50 [2026-07-16T07:53:00.090106] > cds-serve (STDOUT, APP/PROC/WEB)#
#2026 07 16 07:53:10.434#Z#DEBUG#a9262da0-80ea-11f1-b4c6-eeee0a8be332.Inventory-assistant-srv#flowable-async-job-executor-thread-26417#
[PollStartAppStatusExecution] 55452eb1-268d-4f32-9a08-a67bae3cbd50 [2026-07-16T07:53:00.699632] {"level":"info","logger":"cds","timestamp":"2026-07-16T07:53:00.697Z","layer":"cds","component_type":"application","container_id":"10.32.3.6","component_id":"55452eb1-268d-4f32-9a08-a67bae3cbd50","component_name":"Inventory-assistant-srv","component_instance":0,"source_instance":0,"organization_name":"b6bbf2b9trial","organization_id":"21d35fcb-97d5-491b-8035-d8ae87309fad","space_name":"dev","space_id":"d36d3dbf-9d83-4ee0-8d50-d5ad45be3f2a","msg":"loaded model from 1 file(s):\n ","type":"log"} (STDOUT, APP/PROC/WEB)#
#2026 07 16 07:53:10.434#Z#DEBUG#a9262da0-80ea-11f1-b4c6-eeee0a8be332.Inventory-assistant-srv#flowable-async-job-executor-thread-26417#
[PollStartAppStatusExecution] 55452eb1-268d-4f32-9a08-a67bae3cbd50 [2026-07-16T07:53:00.700197] srv/csn.json (STDOUT, APP/PROC/WEB)#
#2026 07 16 07:53:10.434#Z#DEBUG#a9262da0-80ea-11f1-b4c6-eeee0a8be332.Inventory-assistant-srv#flowable-async-job-executor-thread-26417#
[PollStartAppStatusExecution] 55452eb1-268d-4f32-9a08-a67bae3cbd50 [2026-07-16T07:53:01.073147] {"level":"info","logger":"cds","timestamp":"2026-07-16T07:53:01.071Z","layer":"cds","component_type":"application","container_id":"10.32.3.6","component_id":"55452eb1-268d-4f32-9a08-a67bae3cbd50","component_name":"Inventory-assistant-srv","component_instance":0,"source_instance":0,"organization_name":"b6bbf2b9trial","organization_id":"21d35fcb-97d5-491b-8035-d8ae87309fad","space_name":"dev","space_id":"d36d3dbf-9d83-4ee0-8d50-d5ad45be3f2a","msg":"connect to db > hana {\n  database_id: 'f16fafbb-8883-48e8-ac75-e3a0096403de',\n  host: 'f16fafbb-8883-48e8-ac75-e3a0096403de.hna1.prod-us10.hanacloud.ondemand.com',\n  port: '443',\n  driver: 'com.sap.db.jdbc.Driver',\n  url: 'jdbc:sap://f16fafbb-8883-48e8-ac75-e3a0096403de.hna1.prod-us10.hanacloud.ondemand.com:443?encrypt=true&validateCertificate=true&currentschema=A92839A15A284357B6CC9CCA9CED9FCC',\n  schema: 'A92839A15A284357B6CC9CCA9CED9FCC',\n  certificate: '...',\n  hdi_user: 'A92839A15A284357B6CC9CCA9CED9FCC_3BGUWZJA5QHZKLX1Z7LR1MD8K_DT',\n  hdi_password: '...',\n  user: 'A92839A15A284357B6CC9CCA9CED9FCC_3BGUWZJA5QHZKLX1Z7LR1MD8K_RT',\n  password: '...'\n}","type":"log"} (STDOUT, APP/PROC/WEB)#
#2026 07 16 07:53:10.434#Z#DEBUG#a9262da0-80ea-11f1-b4c6-eeee0a8be332.Inventory-assistant-srv#flowable-async-job-executor-thread-26417#
[PollStartAppStatusExecution] 55452eb1-268d-4f32-9a08-a67bae3cbd50 [2026-07-16T07:53:01.429519] {"level":"info","logger":"cds","timestamp":"2026-07-16T07:53:01.428Z","layer":"cds","component_type":"application","container_id":"10.32.3.6","component_id":"55452eb1-268d-4f32-9a08-a67bae3cbd50","component_name":"Inventory-assistant-srv","component_instance":0,"source_instance":0,"organization_name":"b6bbf2b9trial","organization_id":"21d35fcb-97d5-491b-8035-d8ae87309fad","space_name":"dev","space_id":"d36d3dbf-9d83-4ee0-8d50-d5ad45be3f2a","msg":"connect to ZAPI_MATERIAL_STOCK_SRV1 > odata-v2 {\n  destination: 's3d-destination',\n  path: '/sap/opu/odata/sap/API_MATERIAL_STOCK_SRV'\n}","type":"log"} (STDOUT, APP/PROC/WEB)#
#2026 07 16 07:53:10.434#Z#DEBUG#a9262da0-80ea-11f1-b4c6-eeee0a8be332.Inventory-assistant-srv#flowable-async-job-executor-thread-26417#
[PollStartAppStatusExecution] 55452eb1-268d-4f32-9a08-a67bae3cbd50 [2026-07-16T07:53:01.429971] {"level":"info","logger":"cds","timestamp":"2026-07-16T07:53:01.429Z","layer":"cds","component_type":"application","container_id":"10.32.3.6","component_id":"55452eb1-268d-4f32-9a08-a67bae3cbd50","component_name":"Inventory-assistant-srv","component_instance":0,"source_instance":0,"organization_name":"b6bbf2b9trial","organization_id":"21d35fcb-97d5-491b-8035-d8ae87309fad","space_name":"dev","space_id":"d36d3dbf-9d83-4ee0-8d50-d5ad45be3f2a","msg":"connect to ZAPI_OUTBOUND_DELIVERY_SRV1 > odata-v2 {\n  destination: 's3d-destination',\n  path: '/sap/opu/odata/sap/API_OUTBOUND_DELIVERY_SRV'\n}","type":"log"} (STDOUT, APP/PROC/WEB)#
#2026 07 16 07:53:10.434#Z#DEBUG#a9262da0-80ea-11f1-b4c6-eeee0a8be332.Inventory-assistant-srv#flowable-async-job-executor-thread-26417#
[PollStartAppStatusExecution] 55452eb1-268d-4f32-9a08-a67bae3cbd50 [2026-07-16T07:53:01.429997] {"level":"info","logger":"cds","timestamp":"2026-07-16T07:53:01.429Z","layer":"cds","component_type":"application","container_id":"10.32.3.6","component_id":"55452eb1-268d-4f32-9a08-a67bae3cbd50","component_name":"Inventory-assistant-srv","component_instance":0,"source_instance":0,"organization_name":"b6bbf2b9trial","organization_id":"21d35fcb-97d5-491b-8035-d8ae87309fad","space_name":"dev","space_id":"d36d3dbf-9d83-4ee0-8d50-d5ad45be3f2a","msg":"connect to ZAPI_RESERVATION_DOCUMENT_SRV1 > odata-v2 {\n  destination: 's3d-destination',\n  path: '/sap/opu/odata/sap/API_RESERVATION_DOCUMENT_SRV'\n}","type":"log"} (STDOUT, APP/PROC/WEB)#
#2026 07 16 07:53:10.434#Z#DEBUG#a9262da0-80ea-11f1-b4c6-eeee0a8be332.Inventory-assistant-srv#flowable-async-job-executor-thread-26417#
[PollStartAppStatusExecution] 55452eb1-268d-4f32-9a08-a67bae3cbd50 [2026-07-16T07:53:01.430660] {"level":"info","logger":"cds","timestamp":"2026-07-16T07:53:01.429Z","layer":"cds","component_type":"application","container_id":"10.32.3.6","component_id":"55452eb1-268d-4f32-9a08-a67bae3cbd50","component_name":"Inventory-assistant-srv","component_instance":0,"source_instance":0,"organization_name":"b6bbf2b9trial","organization_id":"21d35fcb-97d5-491b-8035-d8ae87309fad","space_name":"dev","space_id":"d36d3dbf-9d83-4ee0-8d50-d5ad45be3f2a","msg":"connect to ZBA_SALESORDER_ITEM_SRV1 > odata-v2 {\n  destination: 's3d-destination',\n  path: '/sap/opu/odata/sap/ZBA_SALESORDER_ITEM_SRV'\n}","type":"log"} (STDOUT, APP/PROC/WEB)#
#2026 07 16 07:53:10.434#Z#DEBUG#a9262da0-80ea-11f1-b4c6-eeee0a8be332.Inventory-assistant-srv#flowable-async-job-executor-thread-26417#
[PollStartAppStatusExecution] 55452eb1-268d-4f32-9a08-a67bae3cbd50 [2026-07-16T07:53:01.457677] {"date":"Thu Jul 16 2026 07:53:01 GMT+0000 (Coordinated Universal Time)","error":{},"exception":true,"level":"error","logger":"sap-cloud-sdk-logger","message":"uncaughtException: Didn't find a configuration for 'cds.requires.API_SALES_ORDER_SRV' in /home/vcap/app\nError: Didn't find a configuration for 'cds.requires.API_SALES_ORDER_SRV' in /home/vcap/app\n    at options4 (/home/vcap/app/node_modules/@sap/cds/lib/srv/cds-connect.js:63:50)\n    at /home/vcap/app/node_modules/@sap/cds/lib/srv/cds-connect.js:33:48\n    at connect.to (/home/vcap/app/node_modules/@sap/cds/lib/srv/cds-connect.js:51:5)\n    at ApplicationService.<anonymous> (/home/vcap/app/srv/service.js:12:45)\n    at exports.init (/home/vcap/app/node_modules/@sap/cds/lib/srv/factory.js:75:16)\n    at async Promise.all (index 4)\n    at async _cds_serve (/home/vcap/app/node_modules/@sap/cds/lib/srv/cds-serve.js:32:16)\n    at async cds_server (/home/vcap/app/node_modules/@sap/cds/server.js:61:3)\n    at async serve (/home/vcap/app/node_modules/@sap/cds/bin/serve.js:207:18)","msg":"Error: Didn't find a configuration for 'cds.requires.API_SALES_ORDER_SRV' in /home/vcap/app\n    at options4 (/home/vcap/app/node_modules/@sap/cds/lib/srv/cds-connect.js:63:50)\n    at /home/vcap/app/node_modules/@sap/cds/lib/srv/cds-connect.js:33:48\n    at connect.to (/home/vcap/app/node_modules/@sap/cds/lib/srv/cds-connect.js:51:5)\n    at ApplicationService.<anonymous> (/home/vcap/app/srv/service.js:12:45)\n    at exports.init (/home/vcap/app/node_modules/@sap/cds/lib/srv/factory.js:75:16)\n    at async Promise.all (index 4)\n    at async _cds_serve (/home/vcap/app/node_modules/@sap/cds/lib/srv/cds-serve.js:32:16)\n    at async cds_server (/home/vcap/app/node_modules/@sap/cds/server.js:61:3)\n    at async serve (/home/vcap/app/node_modules/@sap/cds/bin/serve.js:207:18)","os":{"loadavg":[212.55,202.07,198.55],"uptime":671546.78},"process":{"argv":["/home/vcap/deps/0/node/bin/node","/home/vcap/app/node_modules/.bin/cds-serve"],"cwd":"/home/vcap/app","execPath":"/home/vcap/deps/0/node/bin/node","gid":2000,"memoryUsage":{"arrayBuffers":471914,"external":5310831,"heapTotal":105971712,"heapUsed":38983256,"rss":140914688},"pid":223,"uid":2000,"version":"v24.15.0"},"stack":"Error: Didn't find a configuration for 'cds.requires.API_SALES_ORDER_SRV' in /home/vcap/app\n    at options4 (/home/vcap/app/node_modules/@sap/cds/lib/srv/cds-connect.js:63:50)\n    at /home/vcap/app/node_modules/@sap/cds/lib/srv/cds-connect.js:33:48\n    at connect.to (/home/vcap/app/node_modules/@sap/cds/lib/srv/cds-connect.js:51:5)\n    at ApplicationService.<anonymous> (/home/vcap/app/srv/service.js:12:45)\n    at exports.init (/home/vcap/app/node_modules/@sap/cds/lib/srv/factory.js:75:16)\n    at async Promise.all (index 4)\n    at async _cds_serve (/home/vcap/app/node_modules/@sap/cds/lib/srv/cds-serve.js:32:16)\n    at async cds_server (/home/vcap/app/node_modules/@sap/cds/server.js:61:3)\n    at async serve (/home/vcap/app/node_modules/@sap/cds/bin/serve.js:207:18)","test":"exception","timestamp":"2026-07-16T07:53:01.455Z","trace":[{"column":50,"file":"/home/vcap/app/node_modules/@sap/cds/lib/srv/cds-connect.js","function":"options4","line":63,"method":null,"native":false},{"column":48,"file":"/home/vcap/app/node_modules/@sap/cds/lib/srv/cds-connect.js","function":null,"line":33,"method":null,"native":false},{"column":5,"file":"/home/vcap/app/node_modules/@sap/cds/lib/srv/cds-connect.js","function":"connect.to","line":51,"method":"to","native":false},{"column":45,"file":"/home/vcap/app/srv/service.js","function":null,"line":12,"method":null,"native":false},{"column":16,"file":"/home/vcap/app/node_modules/@sap/cds/lib/srv/factory.js","function":"exports.init","line":75,"method":"init","native":false},{"column":null,"file":null,"function":"async Promise.all","line":null,"method":"all","native":false},{"column":16,"file":"/home/vcap/app/node_modules/@sap/cds/lib/srv/cds-serve.js","function":"async _cds_serve","line":32,"method":null,"native":false},{"column":3,"file":"/home/vcap/app/node_modules/@sap/cds/server.js","function":"async cds_server","line":61,"method":null,"native":false},{"column":18,"file":"/home/vcap/app/node_modules/@sap/cds/bin/serve.js","function":"async serve","line":207,"method":null,"native":false}],"written_at":"2026-07-16T07:53:01.455Z","written_ts":1784188381455} (STDOUT, APP/PROC/WEB)#
#2026 07 16 07:53:10.434#Z#DEBUG#a9262da0-80ea-11f1-b4c6-eeee0a8be332.Inventory-assistant-srv#flowable-async-job-executor-thread-26417#
[PollStartAppStatusExecution] 55452eb1-268d-4f32-9a08-a67bae3cbd50 [2026-07-16T07:53:04.489420] npm notice (STDERR, APP/PROC/WEB)#
#2026 07 16 07:53:10.434#Z#DEBUG#a9262da0-80ea-11f1-b4c6-eeee0a8be332.Inventory-assistant-srv#flowable-async-job-executor-thread-26417#
[PollStartAppStatusExecution] 55452eb1-268d-4f32-9a08-a67bae3cbd50 [2026-07-16T07:53:04.489462] npm notice New major version of npm available! 11.12.1 -> 12.0.1 (STDERR, APP/PROC/WEB)#
#2026 07 16 07:53:10.434#Z#DEBUG#a9262da0-80ea-11f1-b4c6-eeee0a8be332.Inventory-assistant-srv#flowable-async-job-executor-thread-26417#
[PollStartAppStatusExecution] 55452eb1-268d-4f32-9a08-a67bae3cbd50 [2026-07-16T07:53:04.489469] npm notice Changelog: https://github.com/npm/cli/releases/tag/v12.0.1 (STDERR, APP/PROC/WEB)#
#2026 07 16 07:53:10.434#Z#DEBUG#a9262da0-80ea-11f1-b4c6-eeee0a8be332.Inventory-assistant-srv#flowable-async-job-executor-thread-26417#
[PollStartAppStatusExecution] 55452eb1-268d-4f32-9a08-a67bae3cbd50 [2026-07-16T07:53:04.489471] npm notice To update run: npm install -g npm@12.0.1 (STDERR, APP/PROC/WEB)#
#2026 07 16 07:53:10.434#Z#DEBUG#a9262da0-80ea-11f1-b4c6-eeee0a8be332.Inventory-assistant-srv#flowable-async-job-executor-thread-26417#
[PollStartAppStatusExecution] 55452eb1-268d-4f32-9a08-a67bae3cbd50 [2026-07-16T07:53:04.489473] npm notice (STDERR, APP/PROC/WEB)#
#2026 07 16 07:53:10.434#Z#DEBUG#a9262da0-80ea-11f1-b4c6-eeee0a8be332.Inventory-assistant-srv#flowable-async-job-executor-thread-26417#
[PollStartAppStatusExecution] 55452eb1-268d-4f32-9a08-a67bae3cbd50 [2026-07-16T07:53:04.567193] Exit status 1 (STDOUT, APP/PROC/WEB)#
#2026 07 16 07:53:20.729#Z#DEBUG#a9262da0-80ea-11f1-b4c6-eeee0a8be332.Inventory-assistant-srv#flowable-async-job-executor-thread-42753#
[PollStartAppStatusExecution] 55452eb1-268d-4f32-9a08-a67bae3cbd50 [2026-07-16T07:53:10.435975] Cell 77283d80-dfa7-40ba-ba4e-265aef112085 stopping instance 61ae853f-f23a-4e11-497d-e98d (STDOUT, CELL)#
#2026 07 16 07:53:20.729#Z#DEBUG#a9262da0-80ea-11f1-b4c6-eeee0a8be332.Inventory-assistant-srv#flowable-async-job-executor-thread-42753#
[PollStartAppStatusExecution] 55452eb1-268d-4f32-9a08-a67bae3cbd50 [2026-07-16T07:53:10.436010] Cell 77283d80-dfa7-40ba-ba4e-265aef112085 destroying container for instance 61ae853f-f23a-4e11-497d-e98d (STDOUT, CELL)#
#2026 07 16 07:53:20.729#Z#DEBUG#a9262da0-80ea-11f1-b4c6-eeee0a8be332.Inventory-assistant-srv#flowable-async-job-executor-thread-42753#
[PollStartAppStatusExecution] 55452eb1-268d-4f32-9a08-a67bae3cbd50 [2026-07-16T07:53:10.444057] Process has crashed with type: "web" (STDOUT, API)#
#2026 07 16 07:53:20.729#Z#DEBUG#a9262da0-80ea-11f1-b4c6-eeee0a8be332.Inventory-assistant-srv#flowable-async-job-executor-thread-42753#
[PollStartAppStatusExecution] 55452eb1-268d-4f32-9a08-a67bae3cbd50 [2026-07-16T07:53:10.456661] App instance exited with guid 55452eb1-268d-4f32-9a08-a67bae3cbd50 payload: {"instance"=>"61ae853f-f23a-4e11-497d-e98d", "index"=>0, "cell_id"=>"77283d80-dfa7-40ba-ba4e-265aef112085", "reason"=>"CRASHED", "exit_description"=>"APP/PROC/WEB: Exited with status 1", "crash_count"=>2, "crash_timestamp"=>1784188390419465627, "version"=>"80b1dd3a-ab18-4e07-bf02-e7e4762ca7a9"} (STDOUT, API)#
#2026 07 16 07:53:20.729#Z#DEBUG#a9262da0-80ea-11f1-b4c6-eeee0a8be332.Inventory-assistant-srv#flowable-async-job-executor-thread-42753#
[PollStartAppStatusExecution] 55452eb1-268d-4f32-9a08-a67bae3cbd50 [2026-07-16T07:53:10.665383] Exit status 137 (STDOUT, PROXY)#
#2026 07 16 07:53:20.729#Z#DEBUG#a9262da0-80ea-11f1-b4c6-eeee0a8be332.Inventory-assistant-srv#flowable-async-job-executor-thread-42753#
[PollStartAppStatusExecution] 55452eb1-268d-4f32-9a08-a67bae3cbd50 [2026-07-16T07:53:10.670717] Cell 684caff8-89cd-492b-be01-b3d0835f1763 creating container for instance 3d51b34e-55bd-483c-4e72-a1f3 (STDOUT, CELL)#
#2026 07 16 07:53:20.729#Z#DEBUG#a9262da0-80ea-11f1-b4c6-eeee0a8be332.Inventory-assistant-srv#flowable-async-job-executor-thread-42753#
[PollStartAppStatusExecution] 55452eb1-268d-4f32-9a08-a67bae3cbd50 [2026-07-16T07:53:11.513278] Security group rules were updated (STDOUT, CELL)#
#2026 07 16 07:53:20.729#Z#DEBUG#a9262da0-80ea-11f1-b4c6-eeee0a8be332.Inventory-assistant-srv#flowable-async-job-executor-thread-42753#
[PollStartAppStatusExecution] 55452eb1-268d-4f32-9a08-a67bae3cbd50 [2026-07-16T07:53:11.815513] Cell 684caff8-89cd-492b-be01-b3d0835f1763 successfully created container for instance 3d51b34e-55bd-483c-4e72-a1f3 (STDOUT, CELL)#
#2026 07 16 07:53:20.730#Z#DEBUG#a9262da0-80ea-11f1-b4c6-eeee0a8be332.Inventory-assistant-srv#flowable-async-job-executor-thread-42753#
[PollStartAppStatusExecution] 55452eb1-268d-4f32-9a08-a67bae3cbd50 [2026-07-16T07:53:12.962403] Downloading droplet... (STDOUT, CELL)#
#2026 07 16 07:53:20.730#Z#DEBUG#a9262da0-80ea-11f1-b4c6-eeee0a8be332.Inventory-assistant-srv#flowable-async-job-executor-thread-42753#
[PollStartAppStatusExecution] 55452eb1-268d-4f32-9a08-a67bae3cbd50 [2026-07-16T07:53:13.063037] Cell 77283d80-dfa7-40ba-ba4e-265aef112085 successfully destroyed container for instance 61ae853f-f23a-4e11-497d-e98d (STDOUT, CELL)#
#2026 07 16 07:53:20.730#Z#DEBUG#a9262da0-80ea-11f1-b4c6-eeee0a8be332.Inventory-assistant-srv#flowable-async-job-executor-thread-42753#
[PollStartAppStatusExecution] 55452eb1-268d-4f32-9a08-a67bae3cbd50 [2026-07-16T07:53:18.135655] Downloaded droplet (61.4M) (STDOUT, CELL)#
#2026 07 16 07:53:20.730#Z#DEBUG#a9262da0-80ea-11f1-b4c6-eeee0a8be332.Inventory-assistant-srv#flowable-async-job-executor-thread-42753#
[PollStartAppStatusExecution] 55452eb1-268d-4f32-9a08-a67bae3cbd50 [2026-07-16T07:53:18.135915] Starting health monitoring of container (STDOUT, CELL)#
#2026 07 16 07:53:20.730#Z#DEBUG#a9262da0-80ea-11f1-b4c6-eeee0a8be332.Inventory-assistant-srv#flowable-async-job-executor-thread-42753#
[PollStartAppStatusExecution] 55452eb1-268d-4f32-9a08-a67bae3cbd50 [2026-07-16T07:53:18.274712] Invoking pre-start scripts. (STDOUT, APP/PROC/WEB)#
#2026 07 16 07:53:20.730#Z#DEBUG#a9262da0-80ea-11f1-b4c6-eeee0a8be332.Inventory-assistant-srv#flowable-async-job-executor-thread-42753#
[PollStartAppStatusExecution] 55452eb1-268d-4f32-9a08-a67bae3cbd50 [2026-07-16T07:53:18.541804] Invoking start command. (STDOUT, APP/PROC/WEB)#
#2026 07 16 07:53:20.730#Z#DEBUG#a9262da0-80ea-11f1-b4c6-eeee0a8be332.Inventory-assistant-srv#flowable-async-job-executor-thread-42753#
[PollStartAppStatusExecution] 55452eb1-268d-4f32-9a08-a67bae3cbd50 [2026-07-16T07:53:19.060400] > Inventory-assistant@1.0.0 start (STDOUT, APP/PROC/WEB)#
#2026 07 16 07:53:20.730#Z#DEBUG#a9262da0-80ea-11f1-b4c6-eeee0a8be332.Inventory-assistant-srv#flowable-async-job-executor-thread-42753#
[PollStartAppStatusExecution] 55452eb1-268d-4f32-9a08-a67bae3cbd50 [2026-07-16T07:53:19.060427] > cds-serve (STDOUT, APP/PROC/WEB)#
#2026 07 16 07:53:20.730#Z#DEBUG#a9262da0-80ea-11f1-b4c6-eeee0a8be332.Inventory-assistant-srv#flowable-async-job-executor-thread-42753#
[PollStartAppStatusExecution] 55452eb1-268d-4f32-9a08-a67bae3cbd50 [2026-07-16T07:53:19.628124] {"level":"info","logger":"cds","timestamp":"2026-07-16T07:53:19.626Z","layer":"cds","component_type":"application","container_id":"10.32.1.6","component_id":"55452eb1-268d-4f32-9a08-a67bae3cbd50","component_name":"Inventory-assistant-srv","component_instance":0,"source_instance":0,"organization_name":"b6bbf2b9trial","organization_id":"21d35fcb-97d5-491b-8035-d8ae87309fad","space_name":"dev","space_id":"d36d3dbf-9d83-4ee0-8d50-d5ad45be3f2a","msg":"loaded model from 1 file(s):\n ","type":"log"} (STDOUT, APP/PROC/WEB)#
#2026 07 16 07:53:20.730#Z#DEBUG#a9262da0-80ea-11f1-b4c6-eeee0a8be332.Inventory-assistant-srv#flowable-async-job-executor-thread-42753#
[PollStartAppStatusExecution] 55452eb1-268d-4f32-9a08-a67bae3cbd50 [2026-07-16T07:53:19.628168] srv/csn.json (STDOUT, APP/PROC/WEB)#
#2026 07 16 07:53:20.730#Z#DEBUG#a9262da0-80ea-11f1-b4c6-eeee0a8be332.Inventory-assistant-srv#flowable-async-job-executor-thread-42753#
[PollStartAppStatusExecution] 55452eb1-268d-4f32-9a08-a67bae3cbd50 [2026-07-16T07:53:20.057261] {"level":"info","logger":"cds","timestamp":"2026-07-16T07:53:20.056Z","layer":"cds","component_type":"application","container_id":"10.32.1.6","component_id":"55452eb1-268d-4f32-9a08-a67bae3cbd50","component_name":"Inventory-assistant-srv","component_instance":0,"source_instance":0,"organization_name":"b6bbf2b9trial","organization_id":"21d35fcb-97d5-491b-8035-d8ae87309fad","space_name":"dev","space_id":"d36d3dbf-9d83-4ee0-8d50-d5ad45be3f2a","msg":"connect to db > hana {\n  database_id: 'f16fafbb-8883-48e8-ac75-e3a0096403de',\n  host: 'f16fafbb-8883-48e8-ac75-e3a0096403de.hna1.prod-us10.hanacloud.ondemand.com',\n  port: '443',\n  driver: 'com.sap.db.jdbc.Driver',\n  url: 'jdbc:sap://f16fafbb-8883-48e8-ac75-e3a0096403de.hna1.prod-us10.hanacloud.ondemand.com:443?encrypt=true&validateCertificate=true&currentschema=A92839A15A284357B6CC9CCA9CED9FCC',\n  schema: 'A92839A15A284357B6CC9CCA9CED9FCC',\n  certificate: '...',\n  hdi_user: 'A92839A15A284357B6CC9CCA9CED9FCC_3BGUWZJA5QHZKLX1Z7LR1MD8K_DT',\n  hdi_password: '...',\n  user: 'A92839A15A284357B6CC9CCA9CED9FCC_3BGUWZJA5QHZKLX1Z7LR1MD8K_RT',\n  password: '...'\n}","type":"log"} (STDOUT, APP/PROC/WEB)#
#2026 07 16 07:53:20.730#Z#DEBUG#a9262da0-80ea-11f1-b4c6-eeee0a8be332.Inventory-assistant-srv#flowable-async-job-executor-thread-42753#
[PollStartAppStatusExecution] 55452eb1-268d-4f32-9a08-a67bae3cbd50 [2026-07-16T07:53:20.365200] {"level":"info","logger":"cds","timestamp":"2026-07-16T07:53:20.364Z","layer":"cds","component_type":"application","container_id":"10.32.1.6","component_id":"55452eb1-268d-4f32-9a08-a67bae3cbd50","component_name":"Inventory-assistant-srv","component_instance":0,"source_instance":0,"organization_name":"b6bbf2b9trial","organization_id":"21d35fcb-97d5-491b-8035-d8ae87309fad","space_name":"dev","space_id":"d36d3dbf-9d83-4ee0-8d50-d5ad45be3f2a","msg":"connect to ZAPI_MATERIAL_STOCK_SRV1 > odata-v2 {\n  destination: 's3d-destination',\n  path: '/sap/opu/odata/sap/API_MATERIAL_STOCK_SRV'\n}","type":"log"} (STDOUT, APP/PROC/WEB)#
#2026 07 16 07:53:20.730#Z#DEBUG#a9262da0-80ea-11f1-b4c6-eeee0a8be332.Inventory-assistant-srv#flowable-async-job-executor-thread-42753#
[PollStartAppStatusExecution] 55452eb1-268d-4f32-9a08-a67bae3cbd50 [2026-07-16T07:53:20.365466] {"level":"info","logger":"cds","timestamp":"2026-07-16T07:53:20.365Z","layer":"cds","component_type":"application","container_id":"10.32.1.6","component_id":"55452eb1-268d-4f32-9a08-a67bae3cbd50","component_name":"Inventory-assistant-srv","component_instance":0,"source_instance":0,"organization_name":"b6bbf2b9trial","organization_id":"21d35fcb-97d5-491b-8035-d8ae87309fad","space_name":"dev","space_id":"d36d3dbf-9d83-4ee0-8d50-d5ad45be3f2a","msg":"connect to ZAPI_OUTBOUND_DELIVERY_SRV1 > odata-v2 {\n  destination: 's3d-destination',\n  path: '/sap/opu/odata/sap/API_OUTBOUND_DELIVERY_SRV'\n}","type":"log"} (STDOUT, APP/PROC/WEB)#
#2026 07 16 07:53:20.730#Z#DEBUG#a9262da0-80ea-11f1-b4c6-eeee0a8be332.Inventory-assistant-srv#flowable-async-job-executor-thread-42753#
[PollStartAppStatusExecution] 55452eb1-268d-4f32-9a08-a67bae3cbd50 [2026-07-16T07:53:20.365758] {"level":"info","logger":"cds","timestamp":"2026-07-16T07:53:20.365Z","layer":"cds","component_type":"application","container_id":"10.32.1.6","component_id":"55452eb1-268d-4f32-9a08-a67bae3cbd50","component_name":"Inventory-assistant-srv","component_instance":0,"source_instance":0,"organization_name":"b6bbf2b9trial","organization_id":"21d35fcb-97d5-491b-8035-d8ae87309fad","space_name":"dev","space_id":"d36d3dbf-9d83-4ee0-8d50-d5ad45be3f2a","msg":"connect to ZAPI_RESERVATION_DOCUMENT_SRV1 > odata-v2 {\n  destination: 's3d-destination',\n  path: '/sap/opu/odata/sap/API_RESERVATION_DOCUMENT_SRV'\n}","type":"log"} (STDOUT, APP/PROC/WEB)#
#2026 07 16 07:53:20.730#Z#DEBUG#a9262da0-80ea-11f1-b4c6-eeee0a8be332.Inventory-assistant-srv#flowable-async-job-executor-thread-42753#
[PollStartAppStatusExecution] 55452eb1-268d-4f32-9a08-a67bae3cbd50 [2026-07-16T07:53:20.365903] {"level":"info","logger":"cds","timestamp":"2026-07-16T07:53:20.365Z","layer":"cds","component_type":"application","container_id":"10.32.1.6","component_id":"55452eb1-268d-4f32-9a08-a67bae3cbd50","component_name":"Inventory-assistant-srv","component_instance":0,"source_instance":0,"organization_name":"b6bbf2b9trial","organization_id":"21d35fcb-97d5-491b-8035-d8ae87309fad","space_name":"dev","space_id":"d36d3dbf-9d83-4ee0-8d50-d5ad45be3f2a","msg":"connect to ZBA_SALESORDER_ITEM_SRV1 > odata-v2 {\n  destination: 's3d-destination',\n  path: '/sap/opu/odata/sap/ZBA_SALESORDER_ITEM_SRV'\n}","type":"log"} (STDOUT, APP/PROC/WEB)#
#2026 07 16 07:53:20.730#Z#DEBUG#a9262da0-80ea-11f1-b4c6-eeee0a8be332.Inventory-assistant-srv#flowable-async-job-executor-thread-42753#
[PollStartAppStatusExecution] 55452eb1-268d-4f32-9a08-a67bae3cbd50 [2026-07-16T07:53:20.388284] {"date":"Thu Jul 16 2026 07:53:20 GMT+0000 (Coordinated Universal Time)","error":{},"exception":true,"level":"error","logger":"sap-cloud-sdk-logger","message":"uncaughtException: Didn't find a configuration for 'cds.requires.API_SALES_ORDER_SRV' in /home/vcap/app\nError: Didn't find a configuration for 'cds.requires.API_SALES_ORDER_SRV' in /home/vcap/app\n    at options4 (/home/vcap/app/node_modules/@sap/cds/lib/srv/cds-connect.js:63:50)\n    at /home/vcap/app/node_modules/@sap/cds/lib/srv/cds-connect.js:33:48\n    at connect.to (/home/vcap/app/node_modules/@sap/cds/lib/srv/cds-connect.js:51:5)\n    at ApplicationService.<anonymous> (/home/vcap/app/srv/service.js:12:45)\n    at exports.init (/home/vcap/app/node_modules/@sap/cds/lib/srv/factory.js:75:16)\n    at async Promise.all (index 4)\n    at async _cds_serve (/home/vcap/app/node_modules/@sap/cds/lib/srv/cds-serve.js:32:16)\n    at async cds_server (/home/vcap/app/node_modules/@sap/cds/server.js:61:3)\n    at async serve (/home/vcap/app/node_modules/@sap/cds/bin/serve.js:207:18)","msg":"Error: Didn't find a configuration for 'cds.requires.API_SALES_ORDER_SRV' in /home/vcap/app\n    at options4 (/home/vcap/app/node_modules/@sap/cds/lib/srv/cds-connect.js:63:50)\n    at /home/vcap/app/node_modules/@sap/cds/lib/srv/cds-connect.js:33:48\n    at connect.to (/home/vcap/app/node_modules/@sap/cds/lib/srv/cds-connect.js:51:5)\n    at ApplicationService.<anonymous> (/home/vcap/app/srv/service.js:12:45)\n    at exports.init (/home/vcap/app/node_modules/@sap/cds/lib/srv/factory.js:75:16)\n    at async Promise.all (index 4)\n    at async _cds_serve (/home/vcap/app/node_modules/@sap/cds/lib/srv/cds-serve.js:32:16)\n    at async cds_server (/home/vcap/app/node_modules/@sap/cds/server.js:61:3)\n    at async serve (/home/vcap/app/node_modules/@sap/cds/bin/serve.js:207:18)","os":{"loadavg":[161.54,167.19,173.21],"uptime":673323.47},"process":{"argv":["/home/vcap/deps/0/node/bin/node","/home/vcap/app/node_modules/.bin/cds-serve"],"cwd":"/home/vcap/app","execPath":"/home/vcap/deps/0/node/bin/node","gid":2000,"memoryUsage":{"arrayBuffers":471914,"external":5310831,"heapTotal":67174400,"heapUsed":40961584,"rss":134762496},"pid":223,"uid":2000,"version":"v24.15.0"},"stack":"Error: Didn't find a configuration for 'cds.requires.API_SALES_ORDER_SRV' in /home/vcap/app\n    at options4 (/home/vcap/app/node_modules/@sap/cds/lib/srv/cds-connect.js:63:50)\n    at /home/vcap/app/node_modules/@sap/cds/lib/srv/cds-connect.js:33:48\n    at connect.to (/home/vcap/app/node_modules/@sap/cds/lib/srv/cds-connect.js:51:5)\n    at ApplicationService.<anonymous> (/home/vcap/app/srv/service.js:12:45)\n    at exports.init (/home/vcap/app/node_modules/@sap/cds/lib/srv/factory.js:75:16)\n    at async Promise.all (index 4)\n    at async _cds_serve (/home/vcap/app/node_modules/@sap/cds/lib/srv/cds-serve.js:32:16)\n    at async cds_server (/home/vcap/app/node_modules/@sap/cds/server.js:61:3)\n    at async serve (/home/vcap/app/node_modules/@sap/cds/bin/serve.js:207:18)","test":"exception","timestamp":"2026-07-16T07:53:20.386Z","trace":[{"column":50,"file":"/home/vcap/app/node_modules/@sap/cds/lib/srv/cds-connect.js","function":"options4","line":63,"method":null,"native":false},{"column":48,"file":"/home/vcap/app/node_modules/@sap/cds/lib/srv/cds-connect.js","function":null,"line":33,"method":null,"native":false},{"column":5,"file":"/home/vcap/app/node_modules/@sap/cds/lib/srv/cds-connect.js","function":"connect.to","line":51,"method":"to","native":false},{"column":45,"file":"/home/vcap/app/srv/service.js","function":null,"line":12,"method":null,"native":false},{"column":16,"file":"/home/vcap/app/node_modules/@sap/cds/lib/srv/factory.js","function":"exports.init","line":75,"method":"init","native":false},{"column":null,"file":null,"function":"async Promise.all","line":null,"method":"all","native":false},{"column":16,"file":"/home/vcap/app/node_modules/@sap/cds/lib/srv/cds-serve.js","function":"async _cds_serve","line":32,"method":null,"native":false},{"column":3,"file":"/home/vcap/app/node_modules/@sap/cds/server.js","function":"async cds_server","line":61,"method":null,"native":false},{"column":18,"file":"/home/vcap/app/node_modules/@sap/cds/bin/serve.js","function":"async serve","line":207,"method":null,"native":false}],"written_at":"2026-07-16T07:53:20.386Z","written_ts":1784188400386} (STDOUT, APP/PROC/WEB)#
#2026 07 16 07:53:30.979#Z#DEBUG#a9262da0-80ea-11f1-b4c6-eeee0a8be332.Inventory-assistant-srv#flowable-async-job-executor-thread-42756#
[PollStartAppStatusExecution] 55452eb1-268d-4f32-9a08-a67bae3cbd50 [2026-07-16T07:53:23.413256] npm notice (STDERR, APP/PROC/WEB)#
#2026 07 16 07:53:30.979#Z#DEBUG#a9262da0-80ea-11f1-b4c6-eeee0a8be332.Inventory-assistant-srv#flowable-async-job-executor-thread-42756#
[PollStartAppStatusExecution] 55452eb1-268d-4f32-9a08-a67bae3cbd50 [2026-07-16T07:53:23.413284] npm notice New major version of npm available! 11.12.1 -> 12.0.1 (STDERR, APP/PROC/WEB)#
#2026 07 16 07:53:30.979#Z#DEBUG#a9262da0-80ea-11f1-b4c6-eeee0a8be332.Inventory-assistant-srv#flowable-async-job-executor-thread-42756#
[PollStartAppStatusExecution] 55452eb1-268d-4f32-9a08-a67bae3cbd50 [2026-07-16T07:53:23.413292] npm notice Changelog: https://github.com/npm/cli/releases/tag/v12.0.1 (STDERR, APP/PROC/WEB)#
#2026 07 16 07:53:30.979#Z#DEBUG#a9262da0-80ea-11f1-b4c6-eeee0a8be332.Inventory-assistant-srv#flowable-async-job-executor-thread-42756#
[PollStartAppStatusExecution] 55452eb1-268d-4f32-9a08-a67bae3cbd50 [2026-07-16T07:53:23.413295] npm notice To update run: npm install -g npm@12.0.1 (STDERR, APP/PROC/WEB)#
#2026 07 16 07:53:30.979#Z#DEBUG#a9262da0-80ea-11f1-b4c6-eeee0a8be332.Inventory-assistant-srv#flowable-async-job-executor-thread-42756#
[PollStartAppStatusExecution] 55452eb1-268d-4f32-9a08-a67bae3cbd50 [2026-07-16T07:53:23.413298] npm notice (STDERR, APP/PROC/WEB)#
#2026 07 16 07:53:30.979#Z#DEBUG#a9262da0-80ea-11f1-b4c6-eeee0a8be332.Inventory-assistant-srv#flowable-async-job-executor-thread-42756#
[PollStartAppStatusExecution] 55452eb1-268d-4f32-9a08-a67bae3cbd50 [2026-07-16T07:53:23.483847] Exit status 1 (STDOUT, APP/PROC/WEB)#
#2026 07 16 07:53:30.979#Z#DEBUG#a9262da0-80ea-11f1-b4c6-eeee0a8be332.Inventory-assistant-srv#flowable-async-job-executor-thread-42756#
[PollStartAppStatusExecution] 55452eb1-268d-4f32-9a08-a67bae3cbd50 [2026-07-16T07:53:29.688256] Cell 684caff8-89cd-492b-be01-b3d0835f1763 stopping instance 3d51b34e-55bd-483c-4e72-a1f3 (STDOUT, CELL)#
#2026 07 16 07:53:30.979#Z#DEBUG#a9262da0-80ea-11f1-b4c6-eeee0a8be332.Inventory-assistant-srv#flowable-async-job-executor-thread-42756#
[PollStartAppStatusExecution] 55452eb1-268d-4f32-9a08-a67bae3cbd50 [2026-07-16T07:53:29.688307] Cell 684caff8-89cd-492b-be01-b3d0835f1763 destroying container for instance 3d51b34e-55bd-483c-4e72-a1f3 (STDOUT, CELL)#
#2026 07 16 07:53:30.979#Z#DEBUG#a9262da0-80ea-11f1-b4c6-eeee0a8be332.Inventory-assistant-srv#flowable-async-job-executor-thread-42756#
[PollStartAppStatusExecution] 55452eb1-268d-4f32-9a08-a67bae3cbd50 [2026-07-16T07:53:29.709456] Process has crashed with type: "web" (STDOUT, API)#
#2026 07 16 07:53:30.979#Z#DEBUG#a9262da0-80ea-11f1-b4c6-eeee0a8be332.Inventory-assistant-srv#flowable-async-job-executor-thread-42756#
[PollStartAppStatusExecution] 55452eb1-268d-4f32-9a08-a67bae3cbd50 [2026-07-16T07:53:29.721988] App instance exited with guid 55452eb1-268d-4f32-9a08-a67bae3cbd50 payload: {"instance"=>"3d51b34e-55bd-483c-4e72-a1f3", "index"=>0, "cell_id"=>"684caff8-89cd-492b-be01-b3d0835f1763", "reason"=>"CRASHED", "exit_description"=>"APP/PROC/WEB: Exited with status 1", "crash_count"=>3, "crash_timestamp"=>1784188409685136314, "version"=>"80b1dd3a-ab18-4e07-bf02-e7e4762ca7a9"} (STDOUT, API)#
#2026 07 16 07:53:30.979#Z#DEBUG#a9262da0-80ea-11f1-b4c6-eeee0a8be332.Inventory-assistant-srv#flowable-async-job-executor-thread-42756#
[PollStartAppStatusExecution] 55452eb1-268d-4f32-9a08-a67bae3cbd50 [2026-07-16T07:53:29.914930] Exit status 137 (STDOUT, PROXY)#
