#2026 07 16 07:47:57.375#Z#INFO#a9262da0-80ea-11f1-b4c6-eeee0a8be332.OPERATION#http-nio-0.0.0.0-8080-exec-8#
[XS2StartProcessListener] Operation ID: a9262da0-80ea-11f1-b4c6-eeee0a8be332#
#2026 07 16 07:47:57.393#Z#DEBUG#a9262da0-80ea-11f1-b4c6-eeee0a8be332.OPERATION#http-nio-0.0.0.0-8080-exec-8#
[XS2StartProcessListener] Process environment: {
  "SKIP_SSL_VALIDATION" : "false",
  "FLOWABLE_JOB_EXECUTOR_MAX_THREADS" : "32",
  "VERSION" : "2.49.1",
  "BASIC_AUTH_ENABLED" : "true",
  "FLOWABLE_JOB_EXECUTOR_QUEUE_CAPACITY" : "16",
  "FLOWABLE_JOB_EXECUTOR_CORE_THREADS" : "8"
}#
#2026 07 16 07:47:57.394#Z#DEBUG#a9262da0-80ea-11f1-b4c6-eeee0a8be332.OPERATION#http-nio-0.0.0.0-8080-exec-8#
[XS2StartProcessListener] Current user: satyam.kumar@yash.com#
#2026 07 16 07:47:57.394#Z#DEBUG#a9262da0-80ea-11f1-b4c6-eeee0a8be332.OPERATION#http-nio-0.0.0.0-8080-exec-8#
[XS2StartProcessListener] Client space: dev#
#2026 07 16 07:47:57.394#Z#DEBUG#a9262da0-80ea-11f1-b4c6-eeee0a8be332.OPERATION#http-nio-0.0.0.0-8080-exec-8#
[XS2StartProcessListener] Client organization: b6bbf2b9trial#
#2026 07 16 07:47:57.394#Z#INFO#a9262da0-80ea-11f1-b4c6-eeee0a8be332.OPERATION#http-nio-0.0.0.0-8080-exec-8#
[XS2StartProcessListener] Process variables: {
  "keepFiles" : false,
  "skipAppDigestCalculation" : false,
  "abortOnError" : false,
  "mtaId" : "Inventory-assistant",
  "noFailOnMissingPermissions" : false,
  "isSecurityEnabled" : false,
  "apiRequestPath" : "https://deploy-service.cf.us10-001.hana.ondemand.com/api/v1/spaces/d36d3dbf-9d83-4ee0-8d50-d5ad45be3f2a/operations",
  "deleteServiceBrokers" : false,
  "appArchiveId" : "f8bb69b8-0ce5-4378-8e20-10bf15c49c1f",
  "isDisposableUserProvidedServiceEnabled" : false,
  "deleteServiceKeys" : false,
  "noRestartSubscribedApps" : false,
  "noStart" : false,
  "deleteServices" : false
}#
#2026 07 16 07:47:57.449#Z#DEBUG#a9262da0-80ea-11f1-b4c6-eeee0a8be332.OPERATION#flowable-async-job-executor-thread-42514#
[ValidateDeployParametersStep] Executing task "validateParametersTask" of process "a9262dc6-80ea-11f1-b4c6-eeee0a8be332"...#
#2026 07 16 07:47:57.449#Z#DEBUG#a9262da0-80ea-11f1-b4c6-eeee0a8be332.OPERATION#flowable-async-job-executor-thread-42514#
[ValidateDeployParametersStep] Validating parameters...#
#2026 07 16 07:47:57.451#Z#INFO#a9262da0-80ea-11f1-b4c6-eeee0a8be332.OPERATION#flowable-async-job-executor-thread-42514#
[ValidateDeployParametersStep] Size of mtars is 14,842,862 and size of extension descriptors is 0#
#2026 07 16 07:47:57.479#Z#INFO#a9262da0-80ea-11f1-b4c6-eeee0a8be332.OPERATION#flowable-async-job-executor-thread-42514#
[ValidateDeployParametersStep] Archive was not split! Total size in bytes: 14,842,862#
#2026 07 16 07:47:57.479#Z#INFO#a9262da0-80ea-11f1-b4c6-eeee0a8be332.OPERATION#flowable-async-job-executor-thread-42514#
[ValidateDeployParametersStep] Deploying in org "b6bbf2b9trial" and space "dev"#
#2026 07 16 07:47:57.485#Z#DEBUG#a9262da0-80ea-11f1-b4c6-eeee0a8be332.OPERATION#flowable-async-job-executor-thread-42514#
[ValidateDeployParametersStep] Parameters validated#
#2026 07 16 07:47:57.485#Z#DEBUG#a9262da0-80ea-11f1-b4c6-eeee0a8be332.OPERATION#flowable-async-job-executor-thread-42514#
Step "Validate Parameters" finished#
#2026 07 16 07:47:57.512#Z#DEBUG#a9262da0-80ea-11f1-b4c6-eeee0a8be332.OPERATION#flowable-async-job-executor-thread-42510#
[DeleteRemainingFileParts] Executing task "deleteRemainingFileParts" of process "a9262dc6-80ea-11f1-b4c6-eeee0a8be332"...#
#2026 07 16 07:47:57.513#Z#DEBUG#a9262da0-80ea-11f1-b4c6-eeee0a8be332.OPERATION#flowable-async-job-executor-thread-42510#
Step "Delete Remaining File Parts" finished#
#2026 07 16 07:47:57.537#Z#DEBUG#a9262da0-80ea-11f1-b4c6-eeee0a8be332.OPERATION#flowable-async-job-executor-thread-42510#
[XS2ProcessMtaArchiveStep] Executing task "processArchiveTask" of process "a9262dc6-80ea-11f1-b4c6-eeee0a8be332"...#
#2026 07 16 07:47:57.537#Z#DEBUG#a9262da0-80ea-11f1-b4c6-eeee0a8be332.OPERATION#flowable-async-job-executor-thread-42510#
[XS2ProcessMtaArchiveStep] Processing MTA archive...#
#2026 07 16 07:47:57.537#Z#DEBUG#a9262da0-80ea-11f1-b4c6-eeee0a8be332.OPERATION#flowable-async-job-executor-thread-42510#
[XS2ProcessMtaArchiveStep] MTA Archive ID: f8bb69b8-0ce5-4378-8e20-10bf15c49c1f#
#2026 07 16 07:47:57.757#Z#DEBUG#a9262da0-80ea-11f1-b4c6-eeee0a8be332.OPERATION#flowable-async-job-executor-thread-42510#
[XS2ProcessMtaArchiveStep] MTA Descriptor length: 2,217#
#2026 07 16 07:47:57.757#Z#DEBUG#a9262da0-80ea-11f1-b4c6-eeee0a8be332.OPERATION#flowable-async-job-executor-thread-42510#
[XS2ProcessMtaArchiveStep] MTA Archive Modules: [Inventory-assistant-srv, Inventory-assistant-db-deployer, Inventory-assistant]#
#2026 07 16 07:47:57.757#Z#DEBUG#a9262da0-80ea-11f1-b4c6-eeee0a8be332.OPERATION#flowable-async-job-executor-thread-42510#
[XS2ProcessMtaArchiveStep] MTA Archive Requires: []#
#2026 07 16 07:47:57.757#Z#DEBUG#a9262da0-80ea-11f1-b4c6-eeee0a8be332.OPERATION#flowable-async-job-executor-thread-42510#
[XS2ProcessMtaArchiveStep] MTA Archive Resources: [Inventory-assistant-auth]#
#2026 07 16 07:47:57.766#Z#DEBUG#a9262da0-80ea-11f1-b4c6-eeee0a8be332.OPERATION#flowable-async-job-executor-thread-42510#
[XS2ProcessMtaArchiveStep] MTA archive processed#
#2026 07 16 07:47:57.766#Z#DEBUG#a9262da0-80ea-11f1-b4c6-eeee0a8be332.OPERATION#flowable-async-job-executor-thread-42510#
Step "Process Archive" finished#
#2026 07 16 07:47:57.800#Z#DEBUG#a9262da0-80ea-11f1-b4c6-eeee0a8be332.OPERATION#flowable-async-job-executor-thread-42507#
[ProcessMtaExtensionDescriptorsStep] Executing task "processExtensionDescriptorsTask" of process "a9262dc6-80ea-11f1-b4c6-eeee0a8be332"...#
#2026 07 16 07:47:57.800#Z#DEBUG#a9262da0-80ea-11f1-b4c6-eeee0a8be332.OPERATION#flowable-async-job-executor-thread-42507#
[ProcessMtaExtensionDescriptorsStep] Processing MTA extension descriptors...#
#2026 07 16 07:47:57.801#Z#DEBUG#a9262da0-80ea-11f1-b4c6-eeee0a8be332.OPERATION#flowable-async-job-executor-thread-42507#
[ProcessMtaExtensionDescriptorsStep] Provided extension descriptors: [ ]#
#2026 07 16 07:47:57.801#Z#DEBUG#a9262da0-80ea-11f1-b4c6-eeee0a8be332.OPERATION#flowable-async-job-executor-thread-42507#
[ProcessMtaExtensionDescriptorsStep] No extension descriptors in use#
#2026 07 16 07:47:57.801#Z#DEBUG#a9262da0-80ea-11f1-b4c6-eeee0a8be332.OPERATION#flowable-async-job-executor-thread-42507#
[ProcessMtaExtensionDescriptorsStep] MTA extension descriptors processed#
#2026 07 16 07:47:57.801#Z#DEBUG#a9262da0-80ea-11f1-b4c6-eeee0a8be332.OPERATION#flowable-async-job-executor-thread-42507#
Step "Process Extension Descriptors" finished#
#2026 07 16 07:47:57.827#Z#DEBUG#a9262da0-80ea-11f1-b4c6-eeee0a8be332.OPERATION#flowable-async-job-executor-thread-42508#
[XS2DetectMtaSchemaVersionStep] Executing task "detectSchemaVersionTask" of process "a9262dc6-80ea-11f1-b4c6-eeee0a8be332"...#
#2026 07 16 07:47:57.828#Z#DEBUG#a9262da0-80ea-11f1-b4c6-eeee0a8be332.OPERATION#flowable-async-job-executor-thread-42508#
[XS2DetectMtaSchemaVersionStep] Detecting MTA major schema version...#
#2026 07 16 07:47:57.829#Z#INFO#a9262da0-80ea-11f1-b4c6-eeee0a8be332.OPERATION#flowable-async-job-executor-thread-42508#
[XS2DetectMtaSchemaVersionStep] Detected MTA schema version: "3"#
#2026 07 16 07:47:57.833#Z#DEBUG#a9262da0-80ea-11f1-b4c6-eeee0a8be332.OPERATION#flowable-async-job-executor-thread-42508#
Step "Detect Schema Version" finished#
#2026 07 16 07:47:57.860#Z#DEBUG#a9262da0-80ea-11f1-b4c6-eeee0a8be332.OPERATION#flowable-async-job-executor-thread-42511#
[MergeDescriptorsStep] Executing task "mergeDescriptorsTask" of process "a9262dc6-80ea-11f1-b4c6-eeee0a8be332"...#
#2026 07 16 07:47:57.861#Z#DEBUG#a9262da0-80ea-11f1-b4c6-eeee0a8be332.OPERATION#flowable-async-job-executor-thread-42511#
[MergeDescriptorsStep] Validating and merging descriptors...#
#2026 07 16 07:47:57.863#Z#DEBUG#a9262da0-80ea-11f1-b4c6-eeee0a8be332.OPERATION#flowable-async-job-executor-thread-42511#
[MergeDescriptorsStep] Merged deployment descriptor: {
  "majorSchemaVersion" : 3,
  "schemaVersion" : "3.3.0",
  "id" : "Inventory-assistant",
  "version" : "1.0.0",
  "modules" : [ {
    "majorSchemaVersion" : 3,
    "name" : "Inventory-assistant-srv",
    "type" : "javascript.nodejs",
    "path" : "Inventory-assistant-srv",
    "properties" : { },
    "parameters" : {
      "buildpack" : "nodejs_buildpack",
      "instances" : 1
    },
    "requiredDependencies" : [ {
      "majorSchemaVersion" : 3,
      "name" : "********",
      "properties" : { },
      "parameters" : { },
      "propertiesMetadata" : {
        "metadata" : { }
      },
      "parametersMetadata" : {
        "metadata" : { }
      }
    }, {
      "majorSchemaVersion" : 3,
      "name" : "Inventory-assistant-db",
      "properties" : { },
      "parameters" : { },
      "propertiesMetadata" : {
        "metadata" : { }
      },
      "parametersMetadata" : {
        "metadata" : { }
      }
    }, {
      "majorSchemaVersion" : 3,
      "name" : "Inventory-assistant-connectivity",
      "properties" : { },
      "parameters" : { },
      "propertiesMetadata" : {
        "metadata" : { }
      },
      "parametersMetadata" : {
        "metadata" : { }
      }
    }, {
      "majorSchemaVersion" : 3,
      "name" : "Inventory-assistant-destination",
      "properties" : { },
      "parameters" : { },
      "propertiesMetadata" : {
        "metadata" : { }
      },
      "parametersMetadata" : {
        "metadata" : { }
      }
    } ],
    "providedDependencies" : [ {
      "majorSchemaVersion" : 3,
      "name" : "srv-api",
      "isPublic" : false,
      "properties" : {
        "srv-url" : "${default-url}"
      },
      "parameters" : { },
      "propertiesMetadata" : {
        "metadata" : { }
      },
      "parametersMetadata" : {
        "metadata" : { }
      }
    }, {
      "majorSchemaVersion" : 3,
      "name" : "Inventory-assistant-srv",
      "isPublic" : false,
      "properties" : { },
      "parameters" : { },
      "propertiesMetadata" : {
        "metadata" : { }
      },
      "parametersMetadata" : {
        "metadata" : { }
      }
    } ],
    "propertiesMetadata" : {
      "metadata" : { }
    },
    "parametersMetadata" : {
      "metadata" : { }
    },
    "hooks" : [ ]
  }, {
    "majorSchemaVersion" : 3,
    "name" : "Inventory-assistant-db-deployer",
    "type" : "com.sap.xs.hdi",
    "path" : "Inventory-assistant-db-deployer",
    "properties" : {
      "EXIT" : 1
    },
    "parameters" : {
      "memory" : "256M",
      "buildpack" : "nodejs_buildpack",
      "no-route" : true,
      "dependency-type" : "hard",
      "tasks" : [ {
        "name" : "deploy",
        "memory" : "256M",
        "command" : "npm start"
      } ],
      "no-start" : true
    },
    "requiredDependencies" : [ {
      "majorSchemaVersion" : 3,
      "name" : "Inventory-assistant-db",
      "properties" : { },
      "parameters" : { },
      "propertiesMetadata" : {
        "metadata" : { }
      },
      "parametersMetadata" : {
        "metadata" : { }
      }
    } ],
    "providedDependencies" : [ {
      "majorSchemaVersion" : 3,
      "name" : "Inventory-assistant-db-deployer",
      "isPublic" : false,
      "properties" : { },
      "parameters" : { },
      "propertiesMetadata" : {
        "metadata" : { }
      },
      "parametersMetadata" : {
        "metadata" : { }
      }
    } ],
    "propertiesMetadata" : {
      "metadata" : { }
    },
    "parametersMetadata" : {
      "metadata" : { }
    },
    "hooks" : [ ]
  }, {
    "majorSchemaVersion" : 3,
    "name" : "Inventory-assistant",
    "type" : "javascript.nodejs",
    "path" : "Inventory-assistant",
    "properties" : { },
    "parameters" : {
      "disk-quota" : "256M",
      "keep-existing-routes" : true,
      "memory" : "256M"
    },
    "requiredDependencies" : [ {
      "majorSchemaVersion" : 3,
      "name" : "srv-api",
      "group" : "destinations",
      "properties" : {
        "name" : "srv-api",
        "forwardAuthToken" : "********",
        "url" : "~{srv-url}"
      },
      "parameters" : { },
      "propertiesMetadata" : {
        "metadata" : { }
      },
      "parametersMetadata" : {
        "metadata" : { }
      }
    }, {
      "majorSchemaVersion" : 3,
      "name" : "********",
      "properties" : { },
      "parameters" : { },
      "propertiesMetadata" : {
        "metadata" : { }
      },
      "parametersMetadata" : {
        "metadata" : { }
      }
    }, {
      "majorSchemaVersion" : 3,
      "name" : "Inventory-assistant-destination",
      "properties" : { },
      "parameters" : { },
      "propertiesMetadata" : {
        "metadata" : { }
      },
      "parametersMetadata" : {
        "metadata" : { }
      }
    } ],
    "providedDependencies" : [ {
      "majorSchemaVersion" : 3,
      "name" : "app-api",
      "isPublic" : false,
      "properties" : {
        "app-protocol" : "${protocol}",
        "app-uri" : "${default-uri}"
      },
      "parameters" : { },
      "propertiesMetadata" : {
        "metadata" : { }
      },
      "parametersMetadata" : {
        "metadata" : { }
      }
    }, {
      "majorSchemaVersion" : 3,
      "name" : "Inventory-assistant",
      "isPublic" : false,
      "properties" : { },
      "parameters" : { },
      "propertiesMetadata" : {
        "metadata" : { }
      },
      "parametersMetadata" : {
        "metadata" : { }
      }
    } ],
    "propertiesMetadata" : {
      "metadata" : { }
    },
    "parametersMetadata" : {
      "metadata" : { }
    },
    "hooks" : [ ]
  } ],
  "resources" : [ {
    "majorSchemaVersion" : 3,
    "name" : "********",
    "type" : "org.cloudfoundry.managed-service",
    "properties" : { },
    "parameters" : {
      "path" : "./xs-security.json",
      "service-plan" : "application",
      "type" : "managed-service",
      "config" : {
        "oauth2-configuration" : "********",
        "tenant-mode" : "dedicated",
        "xsappname" : "Inventory-assistant-${org}-${space}"
      },
      "service" : "xsuaa"
    },
    "isActive" : true,
    "isOptional" : false,
    "propertiesMetadata" : {
      "metadata" : { }
    },
    "parametersMetadata" : {
      "metadata" : { }
    },
    "requiredDependencies" : [ {
      "majorSchemaVersion" : 3,
      "name" : "app-api",
      "properties" : { },
      "parameters" : { },
      "propertiesMetadata" : {
        "metadata" : { }
      },
      "parametersMetadata" : {
        "metadata" : { }
      }
    } ],
    "processedAfter" : [ ]
  }, {
    "majorSchemaVersion" : 3,
    "name" : "Inventory-assistant-db",
    "type" : "com.sap.xs.hdi-container",
    "properties" : { },
    "parameters" : {
      "type" : "managed-service",
      "service" : "hana",
      "service-plan" : "hdi-shared"
    },
    "isActive" : true,
    "isOptional" : false,
    "propertiesMetadata" : {
      "metadata" : { }
    },
    "parametersMetadata" : {
      "metadata" : { }
    },
    "requiredDependencies" : [ ],
    "processedAfter" : [ ]
  }, {
    "majorSchemaVersion" : 3,
    "name" : "Inventory-assistant-connectivity",
    "type" : "org.cloudfoundry.managed-service",
    "properties" : { },
    "parameters" : {
      "type" : "managed-service",
      "service" : "connectivity",
      "service-plan" : "lite"
    },
    "isActive" : true,
    "isOptional" : false,
    "propertiesMetadata" : {
      "metadata" : { }
    },
    "parametersMetadata" : {
      "metadata" : { }
    },
    "requiredDependencies" : [ ],
    "processedAfter" : [ ]
  }, {
    "majorSchemaVersion" : 3,
    "name" : "Inventory-assistant-destination",
    "type" : "org.cloudfoundry.managed-service",
    "properties" : { },
    "parameters" : {
      "type" : "managed-service",
      "service" : "destination",
      "service-plan" : "lite"
    },
    "isActive" : true,
    "isOptional" : false,
    "propertiesMetadata" : {
      "metadata" : { }
    },
    "parametersMetadata" : {
      "metadata" : { }
    },
    "requiredDependencies" : [ ],
    "processedAfter" : [ ]
  } ],
  "parameters" : {
    "enable-parallel-deployments" : true
  },
  "parametersMetadata" : {
    "metadata" : { }
  }
}#
#2026 07 16 07:47:57.865#Z#DEBUG#a9262da0-80ea-11f1-b4c6-eeee0a8be332.OPERATION#flowable-async-job-executor-thread-42511#
[MergeDescriptorsStep] Descriptors validated and merged#
#2026 07 16 07:47:57.865#Z#DEBUG#a9262da0-80ea-11f1-b4c6-eeee0a8be332.OPERATION#flowable-async-job-executor-thread-42511#
Step "Merge Descriptors" finished#
#2026 07 16 07:47:57.896#Z#DEBUG#a9262da0-80ea-11f1-b4c6-eeee0a8be332.OPERATION#flowable-async-job-executor-thread-42512#
[DetectDeployedMtaStep] Executing task "detectDeployedMtaTask" of process "a9262dc6-80ea-11f1-b4c6-eeee0a8be332"...#
#2026 07 16 07:47:57.896#Z#DEBUG#a9262da0-80ea-11f1-b4c6-eeee0a8be332.OPERATION#flowable-async-job-executor-thread-42512#
[DetectDeployedMtaStep] Detecting deployed MTA...#
#2026 07 16 07:47:57.959#Z#DEBUG#a9262da0-80ea-11f1-b4c6-eeee0a8be332.OPERATION#flowable-async-job-executor-thread-42512#
[DetectDeployedMtaStep] Detecting MTA by id Inventory-assistant and namespace null#
#2026 07 16 07:47:57.959#Z#DEBUG#a9262da0-80ea-11f1-b4c6-eeee0a8be332.OPERATION#flowable-async-job-executor-thread-42512#
[DetectDeployedMtaStep] Getting applications by metadata label selector "mta_id=1800582d872667a9b20d29c2db7c08c6,!mta_namespace"...#
#2026 07 16 07:47:58.019#Z#DEBUG#a9262da0-80ea-11f1-b4c6-eeee0a8be332.OPERATION#flowable-async-job-executor-thread-42512#
[DetectDeployedMtaStep] Getting service instances by metadata label selector "mta_id=1800582d872667a9b20d29c2db7c08c6,!mta_namespace"...#
#2026 07 16 07:47:58.145#Z#DEBUG#a9262da0-80ea-11f1-b4c6-eeee0a8be332.OPERATION#flowable-async-job-executor-thread-42512#
[DetectDeployedMtaStep] Deployed MTA: {
  "metadata" : {
    "id" : "Inventory-assistant",
    "version" : "1.0.0"
  },
  "applications" : [ ],
  "services" : [ {
    "name" : "Inventory-assistant-db",
    "metadata" : {
      "guid" : "372d30ed-9034-4303-80a8-940379b14d63",
      "createdAt" : [ 2026, 7, 10, 8, 42, 32 ],
      "updatedAt" : [ 2026, 7, 10, 8, 42, 33 ]
    },
    "v3Metadata" : {
      "annotations" : {
        "mta_id" : "Inventory-assistant",
        "mta_version" : "1.0.0",
        "mta_resource" : "{\"name\":\"Inventory-assistant-db\"}"
      },
      "labels" : {
        "mta_id" : "1800582d872667a9b20d29c2db7c08c6"
      }
    },
    "label" : "hana",
    "plan" : "hdi-shared",
    "credentials" : "********",
    "tags" : [ ],
    "type" : "managed",
    "lastOperation" : {
      "type" : "DELETE",
      "description" : "An operation for the service binding between app Inventory-assistant-srv and service instance Inventory-assistant-db is in progress.",
      "state" : "FAILED"
    },
    "resourceName" : "Inventory-assistant-db"
  } ]
}#
#2026 07 16 07:47:58.145#Z#INFO#a9262da0-80ea-11f1-b4c6-eeee0a8be332.OPERATION#flowable-async-job-executor-thread-42512#
[DetectDeployedMtaStep] Detected deployed MTA with ID "Inventory-assistant" and version "1.0.0"#
#2026 07 16 07:47:58.149#Z#DEBUG#a9262da0-80ea-11f1-b4c6-eeee0a8be332.OPERATION#flowable-async-job-executor-thread-42512#
[DetectDeployedMtaStep] Detecting backup mta by id "Inventory-assistant" and namespace "null"#
#2026 07 16 07:47:58.150#Z#DEBUG#a9262da0-80ea-11f1-b4c6-eeee0a8be332.OPERATION#flowable-async-job-executor-thread-42512#
[DetectDeployedMtaStep] Getting applications by metadata label selector "mta_id=1800582d872667a9b20d29c2db7c08c6,mta_namespace=b698114a0995e936895b9598a6c19a2c"...#
#2026 07 16 07:47:58.178#Z#DEBUG#a9262da0-80ea-11f1-b4c6-eeee0a8be332.OPERATION#flowable-async-job-executor-thread-42512#
[DetectDeployedMtaStep] Getting service instances by metadata label selector "mta_id=1800582d872667a9b20d29c2db7c08c6,mta_namespace=b698114a0995e936895b9598a6c19a2c"...#
#2026 07 16 07:47:58.234#Z#DEBUG#a9262da0-80ea-11f1-b4c6-eeee0a8be332.OPERATION#flowable-async-job-executor-thread-42512#
[DetectDeployedMtaStep] Deployed MTA service keys: [ ]#
#2026 07 16 07:47:58.234#Z#DEBUG#a9262da0-80ea-11f1-b4c6-eeee0a8be332.OPERATION#flowable-async-job-executor-thread-42512#
Step "Detect Deployed MTA" finished#
#2026 07 16 07:47:58.265#Z#DEBUG#a9262da0-80ea-11f1-b4c6-eeee0a8be332.OPERATION#flowable-async-job-executor-thread-42512#
[XS2CollectSystemParametersStep] Executing task "collectSystemParametersTask" of process "a9262dc6-80ea-11f1-b4c6-eeee0a8be332"...#
#2026 07 16 07:47:58.265#Z#DEBUG#a9262da0-80ea-11f1-b4c6-eeee0a8be332.OPERATION#flowable-async-job-executor-thread-42512#
[XS2CollectSystemParametersStep] Collecting system parameters...#
#2026 07 16 07:47:58.267#Z#DEBUG#a9262da0-80ea-11f1-b4c6-eeee0a8be332.OPERATION#flowable-async-job-executor-thread-42512#
[XS2CollectSystemParametersStep] Getting default domain...#
#2026 07 16 07:47:58.292#Z#DEBUG#a9262da0-80ea-11f1-b4c6-eeee0a8be332.OPERATION#flowable-async-job-executor-thread-42512#
[XS2CollectSystemParametersStep] Default domain: cfapps.us10-001.hana.ondemand.com#
#2026 07 16 07:47:58.293#Z#DEBUG#a9262da0-80ea-11f1-b4c6-eeee0a8be332.OPERATION#flowable-async-job-executor-thread-42512#
[XS2CollectSystemParametersStep] Checking for overwriting read-only parameters for mta with id: "Inventory-assistant"#
#2026 07 16 07:47:58.293#Z#DEBUG#a9262da0-80ea-11f1-b4c6-eeee0a8be332.OPERATION#flowable-async-job-executor-thread-42512#
[XS2CollectSystemParametersStep] No read-only parameters are overwritten#
#2026 07 16 07:47:58.306#Z#DEBUG#a9262da0-80ea-11f1-b4c6-eeee0a8be332.OPERATION#flowable-async-job-executor-thread-42512#
[XS2CollectSystemParametersStep] Descriptor with system parameters: {
  "majorSchemaVersion" : 3,
  "schemaVersion" : "3.3.0",
  "id" : "Inventory-assistant",
  "version" : "1.0.0",
  "modules" : [ {
    "majorSchemaVersion" : 3,
    "name" : "Inventory-assistant-srv",
    "type" : "javascript.nodejs",
    "path" : "Inventory-assistant-srv",
    "properties" : { },
    "parameters" : {
      "default-url" : "${protocol}://${default-uri}",
      "default-app-name" : "Inventory-assistant-srv",
      "generated-password" : "********",
      "default-live-url" : "${protocol}://${default-live-uri}",
      "default-uri" : "${host}.${domain}",
      "default-instances" : 1,
      "default-live-host" : "b6bbf2b9trial-dev-inventory-assistant-srv",
      "instances" : 1,
      "buildpack" : "nodejs_buildpack",
      "default-host" : "b6bbf2b9trial-dev-inventory-assistant-srv",
      "app-name" : "${default-app-name}",
      "default-live-uri" : "b6bbf2b9trial-dev-inventory-assistant-srv.${domain}",
      "protocol" : "https",
      "default-live-app-name" : "Inventory-assistant-srv",
      "default-live-domain" : "cfapps.us10-001.hana.ondemand.com",
      "domain" : "${default-domain}",
      "host" : "${default-host}",
      "generated-user" : "********"
    },
    "requiredDependencies" : [ {
      "majorSchemaVersion" : 3,
      "name" : "********",
      "properties" : { },
      "parameters" : { },
      "propertiesMetadata" : {
        "metadata" : { }
      },
      "parametersMetadata" : {
        "metadata" : { }
      }
    }, {
      "majorSchemaVersion" : 3,
      "name" : "Inventory-assistant-db",
      "properties" : { },
      "parameters" : { },
      "propertiesMetadata" : {
        "metadata" : { }
      },
      "parametersMetadata" : {
        "metadata" : { }
      }
    }, {
      "majorSchemaVersion" : 3,
      "name" : "Inventory-assistant-connectivity",
      "properties" : { },
      "parameters" : { },
      "propertiesMetadata" : {
        "metadata" : { }
      },
      "parametersMetadata" : {
        "metadata" : { }
      }
    }, {
      "majorSchemaVersion" : 3,
      "name" : "Inventory-assistant-destination",
      "properties" : { },
      "parameters" : { },
      "propertiesMetadata" : {
        "metadata" : { }
      },
      "parametersMetadata" : {
        "metadata" : { }
      }
    } ],
    "providedDependencies" : [ {
      "majorSchemaVersion" : 3,
      "name" : "srv-api",
      "isPublic" : false,
      "properties" : {
        "srv-url" : "${default-url}"
      },
      "parameters" : { },
      "propertiesMetadata" : {
        "metadata" : { }
      },
      "parametersMetadata" : {
        "metadata" : { }
      }
    }, {
      "majorSchemaVersion" : 3,
      "name" : "Inventory-assistant-srv",
      "isPublic" : false,
      "properties" : { },
      "parameters" : { },
      "propertiesMetadata" : {
        "metadata" : { }
      },
      "parametersMetadata" : {
        "metadata" : { }
      }
    } ],
    "propertiesMetadata" : {
      "metadata" : { }
    },
    "parametersMetadata" : {
      "metadata" : { }
    },
    "hooks" : [ ]
  }, {
    "majorSchemaVersion" : 3,
    "name" : "Inventory-assistant-db-deployer",
    "type" : "com.sap.xs.hdi",
    "path" : "Inventory-assistant-db-deployer",
    "properties" : {
      "EXIT" : 1
    },
    "parameters" : {
      "default-url" : "${protocol}://${default-uri}",
      "default-app-name" : "Inventory-assistant-db-deployer",
      "generated-password" : "********",
      "default-live-url" : "${protocol}://${default-live-uri}",
      "default-uri" : "${host}.${domain}",
      "memory" : "256M",
      "default-instances" : 1,
      "no-route" : true,
      "default-live-host" : "b6bbf2b9trial-dev-inventory-assistant-db-deployer",
      "instances" : "${default-instances}",
      "buildpack" : "nodejs_buildpack",
      "default-host" : "b6bbf2b9trial-dev-inventory-assistant-db-deployer",
      "app-name" : "${default-app-name}",
      "default-live-uri" : "b6bbf2b9trial-dev-inventory-assistant-db-deployer.${domain}",
      "protocol" : "https",
      "default-live-app-name" : "Inventory-assistant-db-deployer",
      "default-live-domain" : "cfapps.us10-001.hana.ondemand.com",
      "dependency-type" : "hard",
      "domain" : "${default-domain}",
      "host" : "${default-host}",
      "generated-user" : "********",
      "tasks" : [ {
        "name" : "deploy",
        "memory" : "256M",
        "command" : "npm start"
      } ],
      "no-start" : true
    },
    "requiredDependencies" : [ {
      "majorSchemaVersion" : 3,
      "name" : "Inventory-assistant-db",
      "properties" : { },
      "parameters" : { },
      "propertiesMetadata" : {
        "metadata" : { }
      },
      "parametersMetadata" : {
        "metadata" : { }
      }
    } ],
    "providedDependencies" : [ {
      "majorSchemaVersion" : 3,
      "name" : "Inventory-assistant-db-deployer",
      "isPublic" : false,
      "properties" : { },
      "parameters" : { },
      "propertiesMetadata" : {
        "metadata" : { }
      },
      "parametersMetadata" : {
        "metadata" : { }
      }
    } ],
    "propertiesMetadata" : {
      "metadata" : { }
    },
    "parametersMetadata" : {
      "metadata" : { }
    },
    "hooks" : [ ]
  }, {
    "majorSchemaVersion" : 3,
    "name" : "Inventory-assistant",
    "type" : "javascript.nodejs",
    "path" : "Inventory-assistant",
    "properties" : { },
    "parameters" : {
      "default-url" : "${protocol}://${default-uri}",
      "default-app-name" : "Inventory-assistant",
      "generated-password" : "********",
      "default-live-url" : "${protocol}://${default-live-uri}",
      "default-uri" : "${host}.${domain}",
      "memory" : "256M",
      "default-instances" : 1,
      "default-live-host" : "b6bbf2b9trial-dev-inventory-assistant",
      "instances" : "${default-instances}",
      "default-host" : "b6bbf2b9trial-dev-inventory-assistant",
      "keep-existing-routes" : true,
      "app-name" : "${default-app-name}",
      "default-live-uri" : "b6bbf2b9trial-dev-inventory-assistant.${domain}",
      "protocol" : "https",
      "default-live-app-name" : "Inventory-assistant",
      "default-live-domain" : "cfapps.us10-001.hana.ondemand.com",
      "disk-quota" : "256M",
      "domain" : "${default-domain}",
      "host" : "${default-host}",
      "generated-user" : "********"
    },
    "requiredDependencies" : [ {
      "majorSchemaVersion" : 3,
      "name" : "srv-api",
      "group" : "destinations",
      "properties" : {
        "name" : "srv-api",
        "forwardAuthToken" : "********",
        "url" : "~{srv-url}"
      },
      "parameters" : { },
      "propertiesMetadata" : {
        "metadata" : { }
      },
      "parametersMetadata" : {
        "metadata" : { }
      }
    }, {
      "majorSchemaVersion" : 3,
      "name" : "********",
      "properties" : { },
      "parameters" : { },
      "propertiesMetadata" : {
        "metadata" : { }
      },
      "parametersMetadata" : {
        "metadata" : { }
      }
    }, {
      "majorSchemaVersion" : 3,
      "name" : "Inventory-assistant-destination",
      "properties" : { },
      "parameters" : { },
      "propertiesMetadata" : {
        "metadata" : { }
      },
      "parametersMetadata" : {
        "metadata" : { }
      }
    } ],
    "providedDependencies" : [ {
      "majorSchemaVersion" : 3,
      "name" : "app-api",
      "isPublic" : false,
      "properties" : {
        "app-protocol" : "${protocol}",
        "app-uri" : "${default-uri}"
      },
      "parameters" : { },
      "propertiesMetadata" : {
        "metadata" : { }
      },
      "parametersMetadata" : {
        "metadata" : { }
      }
    }, {
      "majorSchemaVersion" : 3,
      "name" : "Inventory-assistant",
      "isPublic" : false,
      "properties" : { },
      "parameters" : { },
      "propertiesMetadata" : {
        "metadata" : { }
      },
      "parametersMetadata" : {
        "metadata" : { }
      }
    } ],
    "propertiesMetadata" : {
      "metadata" : { }
    },
    "parametersMetadata" : {
      "metadata" : { }
    },
    "hooks" : [ ]
  } ],
  "resources" : [ {
    "majorSchemaVersion" : 3,
    "name" : "********",
    "type" : "org.cloudfoundry.managed-service",
    "properties" : { },
    "parameters" : {
      "generated-password" : "********",
      "path" : "./xs-security.json",
      "service-name" : "${default-service-name}",
      "service-plan" : "application",
      "service" : "xsuaa",
      "generated-user" : "********",
      "default-xsappname" : "********",
      "type" : "managed-service",
      "config" : {
        "oauth2-configuration" : "********",
        "tenant-mode" : "dedicated",
        "xsappname" : "Inventory-assistant-${org}-${space}"
      },
      "default-service-name" : "********",
      "default-container-name" : "********"
    },
    "isActive" : true,
    "isOptional" : false,
    "propertiesMetadata" : {
      "metadata" : { }
    },
    "parametersMetadata" : {
      "metadata" : { }
    },
    "requiredDependencies" : [ {
      "majorSchemaVersion" : 3,
      "name" : "app-api",
      "properties" : { },
      "parameters" : { },
      "propertiesMetadata" : {
        "metadata" : { }
      },
      "parametersMetadata" : {
        "metadata" : { }
      }
    } ],
    "processedAfter" : [ ]
  }, {
    "majorSchemaVersion" : 3,
    "name" : "Inventory-assistant-db",
    "type" : "com.sap.xs.hdi-container",
    "properties" : { },
    "parameters" : {
      "generated-password" : "********",
      "service-name" : "${default-service-name}",
      "service-plan" : "hdi-shared",
      "service" : "hana",
      "generated-user" : "********",
      "default-xsappname" : "Inventory-assistant-db",
      "type" : "managed-service",
      "default-service-name" : "Inventory-assistant-db",
      "default-container-name" : "B6BBF2B9TRIAL_DEV_INVENTORY_ASSISTANT_DB"
    },
    "isActive" : true,
    "isOptional" : false,
    "propertiesMetadata" : {
      "metadata" : { }
    },
    "parametersMetadata" : {
      "metadata" : { }
    },
    "requiredDependencies" : [ ],
    "processedAfter" : [ ]
  }, {
    "majorSchemaVersion" : 3,
    "name" : "Inventory-assistant-connectivity",
    "type" : "org.cloudfoundry.managed-service",
    "properties" : { },
    "parameters" : {
      "generated-password" : "********",
      "service-name" : "${default-service-name}",
      "service-plan" : "lite",
      "service" : "connectivity",
      "generated-user" : "********",
      "default-xsappname" : "Inventory-assistant-connectivity",
      "type" : "managed-service",
      "default-service-name" : "Inventory-assistant-connectivity",
      "default-container-name" : "B6BBF2B9TRIAL_DEV_INVENTORY_ASSISTANT_CONNECTIVITY"
    },
    "isActive" : true,
    "isOptional" : false,
    "propertiesMetadata" : {
      "metadata" : { }
    },
    "parametersMetadata" : {
      "metadata" : { }
    },
    "requiredDependencies" : [ ],
    "processedAfter" : [ ]
  }, {
    "majorSchemaVersion" : 3,
    "name" : "Inventory-assistant-destination",
    "type" : "org.cloudfoundry.managed-service",
    "properties" : { },
    "parameters" : {
      "generated-password" : "********",
      "service-name" : "${default-service-name}",
      "service-plan" : "lite",
      "service" : "destination",
      "generated-user" : "********",
      "default-xsappname" : "Inventory-assistant-destination",
      "type" : "managed-service",
      "default-service-name" : "Inventory-assistant-destination",
      "default-container-name" : "B6BBF2B9TRIAL_DEV_INVENTORY_ASSISTANT_DESTINATION"
    },
    "isActive" : true,
    "isOptional" : false,
    "propertiesMetadata" : {
      "metadata" : { }
    },
    "parametersMetadata" : {
      "metadata" : { }
    },
    "requiredDependencies" : [ ],
    "processedAfter" : [ ]
  } ],
  "parameters" : {
    "mta-id" : "Inventory-assistant",
    "authorization-url" : "********",
    "org-guid" : "21d35fcb-97d5-491b-8035-d8ae87309fad",
    "org" : "b6bbf2b9trial",
    "deploy-target" : "b6bbf2b9trial dev",
    "enable-parallel-deployments" : true,
    "space" : "dev",
    "xs-api-url" : "https://api.cf.us10-001.hana.ondemand.com",
    "deploy-url" : "deploy-service.cfapps.us10-001.hana.ondemand.com",
    "xs-type" : "CF",
    "default-domain" : "cfapps.us10-001.hana.ondemand.com",
    "mta-version" : "1.0.0",
    "xs-auth-url" : "********",
    "space-guid" : "d36d3dbf-9d83-4ee0-8d50-d5ad45be3f2a",
    "user" : "********",
    "controller-url" : "https://api.cf.us10-001.hana.ondemand.com",
    "timestamp" : "20260716074757"
  },
  "parametersMetadata" : {
    "metadata" : { }
  }
}#
#2026 07 16 07:47:58.307#Z#DEBUG#a9262da0-80ea-11f1-b4c6-eeee0a8be332.OPERATION#flowable-async-job-executor-thread-42512#
[XS2CollectSystemParametersStep] Version rule: SAME_HIGHER#
#2026 07 16 07:47:58.307#Z#INFO#a9262da0-80ea-11f1-b4c6-eeee0a8be332.OPERATION#flowable-async-job-executor-thread-42512#
[XS2CollectSystemParametersStep] Detected new MTA version: "1.0.0"#
#2026 07 16 07:47:58.312#Z#INFO#a9262da0-80ea-11f1-b4c6-eeee0a8be332.OPERATION#flowable-async-job-executor-thread-42512#
[XS2CollectSystemParametersStep] Deployed MTA version: "1.0.0"#
#2026 07 16 07:47:58.316#Z#DEBUG#a9262da0-80ea-11f1-b4c6-eeee0a8be332.OPERATION#flowable-async-job-executor-thread-42512#
[XS2CollectSystemParametersStep] MTA accepted for deployment#
#2026 07 16 07:47:58.316#Z#DEBUG#a9262da0-80ea-11f1-b4c6-eeee0a8be332.OPERATION#flowable-async-job-executor-thread-42512#
[XS2CollectSystemParametersStep] System parameters collected#
#2026 07 16 07:47:58.317#Z#DEBUG#a9262da0-80ea-11f1-b4c6-eeee0a8be332.OPERATION#flowable-async-job-executor-thread-42512#
Step "Collect System Parameters" finished#
#2026 07 16 07:47:58.346#Z#DEBUG#a9262da0-80ea-11f1-b4c6-eeee0a8be332.OPERATION#flowable-async-job-executor-thread-42512#
[ProcessDescriptorStep] Executing task "processDescriptorTask" of process "a9262dc6-80ea-11f1-b4c6-eeee0a8be332"...#
#2026 07 16 07:47:58.347#Z#DEBUG#a9262da0-80ea-11f1-b4c6-eeee0a8be332.OPERATION#flowable-async-job-executor-thread-42512#
[ProcessDescriptorStep] Resolving properties and parameters in merged descriptor...#
#2026 07 16 07:47:58.350#Z#DEBUG#a9262da0-80ea-11f1-b4c6-eeee0a8be332.OPERATION#flowable-async-job-executor-thread-42512#
[ProcessDescriptorStep] Subscriptions: [ ]#
#2026 07 16 07:47:58.350#Z#DEBUG#a9262da0-80ea-11f1-b4c6-eeee0a8be332.OPERATION#flowable-async-job-executor-thread-42512#
[ProcessDescriptorStep] MTA modules: [Inventory-assistant-srv, Inventory-assistant-db-deployer, Inventory-assistant]#
#2026 07 16 07:47:58.351#Z#DEBUG#a9262da0-80ea-11f1-b4c6-eeee0a8be332.OPERATION#flowable-async-job-executor-thread-42512#
[ProcessDescriptorStep] Resolved deployment descriptor: {
  "majorSchemaVersion" : 3,
  "schemaVersion" : "3.3.0",
  "id" : "Inventory-assistant",
  "version" : "1.0.0",
  "modules" : [ {
    "majorSchemaVersion" : 3,
    "name" : "Inventory-assistant-srv",
    "type" : "javascript.nodejs",
    "path" : "Inventory-assistant-srv",
    "properties" : { },
    "parameters" : {
      "default-url" : "https://b6bbf2b9trial-dev-inventory-assistant-srv.cfapps.us10-001.hana.ondemand.com",
      "default-app-name" : "Inventory-assistant-srv",
      "generated-password" : "********",
      "default-live-url" : "https://b6bbf2b9trial-dev-inventory-assistant-srv.cfapps.us10-001.hana.ondemand.com",
      "default-uri" : "b6bbf2b9trial-dev-inventory-assistant-srv.cfapps.us10-001.hana.ondemand.com",
      "default-instances" : 1,
      "default-live-host" : "b6bbf2b9trial-dev-inventory-assistant-srv",
      "instances" : 1,
      "buildpack" : "nodejs_buildpack",
      "default-host" : "b6bbf2b9trial-dev-inventory-assistant-srv",
      "app-name" : "Inventory-assistant-srv",
      "default-live-uri" : "b6bbf2b9trial-dev-inventory-assistant-srv.cfapps.us10-001.hana.ondemand.com",
      "protocol" : "https",
      "default-live-app-name" : "Inventory-assistant-srv",
      "default-live-domain" : "cfapps.us10-001.hana.ondemand.com",
      "domain" : "cfapps.us10-001.hana.ondemand.com",
      "host" : "b6bbf2b9trial-dev-inventory-assistant-srv",
      "generated-user" : "********"
    },
    "requiredDependencies" : [ {
      "majorSchemaVersion" : 3,
      "name" : "********",
      "properties" : { },
      "parameters" : { },
      "propertiesMetadata" : {
        "metadata" : { }
      },
      "parametersMetadata" : {
        "metadata" : { }
      }
    }, {
      "majorSchemaVersion" : 3,
      "name" : "Inventory-assistant-db",
      "properties" : { },
      "parameters" : { },
      "propertiesMetadata" : {
        "metadata" : { }
      },
      "parametersMetadata" : {
        "metadata" : { }
      }
    }, {
      "majorSchemaVersion" : 3,
      "name" : "Inventory-assistant-connectivity",
      "properties" : { },
      "parameters" : { },
      "propertiesMetadata" : {
        "metadata" : { }
      },
      "parametersMetadata" : {
        "metadata" : { }
      }
    }, {
      "majorSchemaVersion" : 3,
      "name" : "Inventory-assistant-destination",
      "properties" : { },
      "parameters" : { },
      "propertiesMetadata" : {
        "metadata" : { }
      },
      "parametersMetadata" : {
        "metadata" : { }
      }
    } ],
    "providedDependencies" : [ {
      "majorSchemaVersion" : 3,
      "name" : "srv-api",
      "isPublic" : false,
      "properties" : {
        "srv-url" : "https://b6bbf2b9trial-dev-inventory-assistant-srv.cfapps.us10-001.hana.ondemand.com"
      },
      "parameters" : { },
      "propertiesMetadata" : {
        "metadata" : { }
      },
      "parametersMetadata" : {
        "metadata" : { }
      }
    }, {
      "majorSchemaVersion" : 3,
      "name" : "Inventory-assistant-srv",
      "isPublic" : false,
      "properties" : { },
      "parameters" : { },
      "propertiesMetadata" : {
        "metadata" : { }
      },
      "parametersMetadata" : {
        "metadata" : { }
      }
    } ],
    "propertiesMetadata" : {
      "metadata" : { }
    },
    "parametersMetadata" : {
      "metadata" : { }
    },
    "hooks" : [ ]
  }, {
    "majorSchemaVersion" : 3,
    "name" : "Inventory-assistant-db-deployer",
    "type" : "com.sap.xs.hdi",
    "path" : "Inventory-assistant-db-deployer",
    "properties" : {
      "EXIT" : 1
    },
    "parameters" : {
      "default-url" : "https://b6bbf2b9trial-dev-inventory-assistant-db-deployer.cfapps.us10-001.hana.ondemand.com",
      "default-app-name" : "Inventory-assistant-db-deployer",
      "generated-password" : "********",
      "default-live-url" : "https://b6bbf2b9trial-dev-inventory-assistant-db-deployer.cfapps.us10-001.hana.ondemand.com",
      "default-uri" : "b6bbf2b9trial-dev-inventory-assistant-db-deployer.cfapps.us10-001.hana.ondemand.com",
      "memory" : "256M",
      "default-instances" : 1,
      "no-route" : true,
      "default-live-host" : "b6bbf2b9trial-dev-inventory-assistant-db-deployer",
      "instances" : 1,
      "buildpack" : "nodejs_buildpack",
      "default-host" : "b6bbf2b9trial-dev-inventory-assistant-db-deployer",
      "app-name" : "Inventory-assistant-db-deployer",
      "default-live-uri" : "b6bbf2b9trial-dev-inventory-assistant-db-deployer.cfapps.us10-001.hana.ondemand.com",
      "protocol" : "https",
      "default-live-app-name" : "Inventory-assistant-db-deployer",
      "default-live-domain" : "cfapps.us10-001.hana.ondemand.com",
      "dependency-type" : "hard",
      "domain" : "cfapps.us10-001.hana.ondemand.com",
      "host" : "b6bbf2b9trial-dev-inventory-assistant-db-deployer",
      "generated-user" : "********",
      "tasks" : [ {
        "command" : "npm start",
        "memory" : "256M",
        "name" : "deploy"
      } ],
      "no-start" : true
    },
    "requiredDependencies" : [ {
      "majorSchemaVersion" : 3,
      "name" : "Inventory-assistant-db",
      "properties" : { },
      "parameters" : { },
      "propertiesMetadata" : {
        "metadata" : { }
      },
      "parametersMetadata" : {
        "metadata" : { }
      }
    } ],
    "providedDependencies" : [ {
      "majorSchemaVersion" : 3,
      "name" : "Inventory-assistant-db-deployer",
      "isPublic" : false,
      "properties" : { },
      "parameters" : { },
      "propertiesMetadata" : {
        "metadata" : { }
      },
      "parametersMetadata" : {
        "metadata" : { }
      }
    } ],
    "propertiesMetadata" : {
      "metadata" : { }
    },
    "parametersMetadata" : {
      "metadata" : { }
    },
    "hooks" : [ ]
  }, {
    "majorSchemaVersion" : 3,
    "name" : "Inventory-assistant",
    "type" : "javascript.nodejs",
    "path" : "Inventory-assistant",
    "properties" : { },
    "parameters" : {
      "default-url" : "https://b6bbf2b9trial-dev-inventory-assistant.cfapps.us10-001.hana.ondemand.com",
      "default-app-name" : "Inventory-assistant",
      "generated-password" : "********",
      "default-live-url" : "https://b6bbf2b9trial-dev-inventory-assistant.cfapps.us10-001.hana.ondemand.com",
      "default-uri" : "b6bbf2b9trial-dev-inventory-assistant.cfapps.us10-001.hana.ondemand.com",
      "memory" : "256M",
      "default-instances" : 1,
      "default-live-host" : "b6bbf2b9trial-dev-inventory-assistant",
      "instances" : 1,
      "default-host" : "b6bbf2b9trial-dev-inventory-assistant",
      "keep-existing-routes" : true,
      "app-name" : "Inventory-assistant",
      "default-live-uri" : "b6bbf2b9trial-dev-inventory-assistant.cfapps.us10-001.hana.ondemand.com",
      "protocol" : "https",
      "default-live-app-name" : "Inventory-assistant",
      "default-live-domain" : "cfapps.us10-001.hana.ondemand.com",
      "disk-quota" : "256M",
      "domain" : "cfapps.us10-001.hana.ondemand.com",
      "host" : "b6bbf2b9trial-dev-inventory-assistant",
      "generated-user" : "********"
    },
    "requiredDependencies" : [ {
      "majorSchemaVersion" : 3,
      "name" : "srv-api",
      "group" : "destinations",
      "properties" : {
        "name" : "srv-api",
        "forwardAuthToken" : "********",
        "url" : "https://b6bbf2b9trial-dev-inventory-assistant-srv.cfapps.us10-001.hana.ondemand.com"
      },
      "parameters" : { },
      "propertiesMetadata" : {
        "metadata" : { }
      },
      "parametersMetadata" : {
        "metadata" : { }
      }
    }, {
      "majorSchemaVersion" : 3,
      "name" : "********",
      "properties" : { },
      "parameters" : { },
      "propertiesMetadata" : {
        "metadata" : { }
      },
      "parametersMetadata" : {
        "metadata" : { }
      }
    }, {
      "majorSchemaVersion" : 3,
      "name" : "Inventory-assistant-destination",
      "properties" : { },
      "parameters" : { },
      "propertiesMetadata" : {
        "metadata" : { }
      },
      "parametersMetadata" : {
        "metadata" : { }
      }
    } ],
    "providedDependencies" : [ {
      "majorSchemaVersion" : 3,
      "name" : "app-api",
      "isPublic" : false,
      "properties" : {
        "app-protocol" : "https",
        "app-uri" : "b6bbf2b9trial-dev-inventory-assistant.cfapps.us10-001.hana.ondemand.com"
      },
      "parameters" : { },
      "propertiesMetadata" : {
        "metadata" : { }
      },
      "parametersMetadata" : {
        "metadata" : { }
      }
    }, {
      "majorSchemaVersion" : 3,
      "name" : "Inventory-assistant",
      "isPublic" : false,
      "properties" : { },
      "parameters" : { },
      "propertiesMetadata" : {
        "metadata" : { }
      },
      "parametersMetadata" : {
        "metadata" : { }
      }
    } ],
    "propertiesMetadata" : {
      "metadata" : { }
    },
    "parametersMetadata" : {
      "metadata" : { }
    },
    "hooks" : [ ]
  } ],
  "resources" : [ {
    "majorSchemaVersion" : 3,
    "name" : "********",
    "type" : "org.cloudfoundry.managed-service",
    "properties" : { },
    "parameters" : {
      "generated-password" : "********",
      "path" : "./xs-security.json",
      "service-name" : "********",
      "service-plan" : "application",
      "service" : "xsuaa",
      "generated-user" : "********",
      "default-xsappname" : "********",
      "type" : "managed-service",
      "config" : {
        "oauth2-configuration" : "********",
        "tenant-mode" : "dedicated",
        "xsappname" : "Inventory-assistant-b6bbf2b9trial-dev"
      },
      "default-service-name" : "********",
      "default-container-name" : "********"
    },
    "isActive" : true,
    "isOptional" : false,
    "propertiesMetadata" : {
      "metadata" : { }
    },
    "parametersMetadata" : {
      "metadata" : { }
    },
    "requiredDependencies" : [ {
      "majorSchemaVersion" : 3,
      "name" : "app-api",
      "properties" : { },
      "parameters" : { },
      "propertiesMetadata" : {
        "metadata" : { }
      },
      "parametersMetadata" : {
        "metadata" : { }
      }
    } ],
    "processedAfter" : [ ]
  }, {
    "majorSchemaVersion" : 3,
    "name" : "Inventory-assistant-db",
    "type" : "com.sap.xs.hdi-container",
    "properties" : { },
    "parameters" : {
      "generated-password" : "********",
      "service-name" : "Inventory-assistant-db",
      "service-plan" : "hdi-shared",
      "service" : "hana",
      "generated-user" : "********",
      "default-xsappname" : "Inventory-assistant-db",
      "type" : "managed-service",
      "default-service-name" : "Inventory-assistant-db",
      "default-container-name" : "B6BBF2B9TRIAL_DEV_INVENTORY_ASSISTANT_DB"
    },
    "isActive" : true,
    "isOptional" : false,
    "propertiesMetadata" : {
      "metadata" : { }
    },
    "parametersMetadata" : {
      "metadata" : { }
    },
    "requiredDependencies" : [ ],
    "processedAfter" : [ ]
  }, {
    "majorSchemaVersion" : 3,
    "name" : "Inventory-assistant-connectivity",
    "type" : "org.cloudfoundry.managed-service",
    "properties" : { },
    "parameters" : {
      "generated-password" : "********",
      "service-name" : "Inventory-assistant-connectivity",
      "service-plan" : "lite",
      "service" : "connectivity",
      "generated-user" : "********",
      "default-xsappname" : "Inventory-assistant-connectivity",
      "type" : "managed-service",
      "default-service-name" : "Inventory-assistant-connectivity",
      "default-container-name" : "B6BBF2B9TRIAL_DEV_INVENTORY_ASSISTANT_CONNECTIVITY"
    },
    "isActive" : true,
    "isOptional" : false,
    "propertiesMetadata" : {
      "metadata" : { }
    },
    "parametersMetadata" : {
      "metadata" : { }
    },
    "requiredDependencies" : [ ],
    "processedAfter" : [ ]
  }, {
    "majorSchemaVersion" : 3,
    "name" : "Inventory-assistant-destination",
    "type" : "org.cloudfoundry.managed-service",
    "properties" : { },
    "parameters" : {
      "generated-password" : "********",
      "service-name" : "Inventory-assistant-destination",
      "service-plan" : "lite",
      "service" : "destination",
      "generated-user" : "********",
      "default-xsappname" : "Inventory-assistant-destination",
      "type" : "managed-service",
      "default-service-name" : "Inventory-assistant-destination",
      "default-container-name" : "B6BBF2B9TRIAL_DEV_INVENTORY_ASSISTANT_DESTINATION"
    },
    "isActive" : true,
    "isOptional" : false,
    "propertiesMetadata" : {
      "metadata" : { }
    },
    "parametersMetadata" : {
      "metadata" : { }
    },
    "requiredDependencies" : [ ],
    "processedAfter" : [ ]
  } ],
  "parameters" : {
    "mta-id" : "Inventory-assistant",
    "authorization-url" : "********",
    "org-guid" : "21d35fcb-97d5-491b-8035-d8ae87309fad",
    "org" : "b6bbf2b9trial",
    "deploy-target" : "b6bbf2b9trial dev",
    "enable-parallel-deployments" : true,
    "region-primary-domain" : "us10.hana.ondemand.com",
    "space" : "dev",
    "region-domain" : "us10-001.hana.ondemand.com",
    "xs-api-url" : "https://api.cf.us10-001.hana.ondemand.com",
    "deploy-url" : "deploy-service.cfapps.us10-001.hana.ondemand.com",
    "xs-type" : "CF",
    "default-domain" : "cfapps.us10-001.hana.ondemand.com",
    "mta-version" : "1.0.0",
    "xs-auth-url" : "********",
    "space-guid" : "d36d3dbf-9d83-4ee0-8d50-d5ad45be3f2a",
    "user" : "********",
    "controller-url" : "https://api.cf.us10-001.hana.ondemand.com",
    "timestamp" : "20260716074757"
  },
  "parametersMetadata" : {
    "metadata" : { }
  }
}#
#2026 07 16 07:47:58.351#Z#DEBUG#a9262da0-80ea-11f1-b4c6-eeee0a8be332.OPERATION#flowable-async-job-executor-thread-42512#
[ProcessDescriptorStep] Merged descriptor properties and parameters resolved#
#2026 07 16 07:47:58.351#Z#DEBUG#a9262da0-80ea-11f1-b4c6-eeee0a8be332.OPERATION#flowable-async-job-executor-thread-42512#
Step "Process Descriptor Step" finished#
#2026 07 16 07:47:58.381#Z#DEBUG#a9262da0-80ea-11f1-b4c6-eeee0a8be332.OPERATION#flowable-async-job-executor-thread-42512#
[XS2BuildCloudDeployModelStep] Executing task "buildDeployModelTask" of process "a9262dc6-80ea-11f1-b4c6-eeee0a8be332"...#
#2026 07 16 07:47:58.384#Z#DEBUG#a9262da0-80ea-11f1-b4c6-eeee0a8be332.OPERATION#flowable-async-job-executor-thread-42512#
[XS2BuildCloudDeployModelStep] Service keys defined for content deployment grouped by service name: { }#
#2026 07 16 07:47:58.384#Z#DEBUG#a9262da0-80ea-11f1-b4c6-eeee0a8be332.OPERATION#flowable-async-job-executor-thread-42512#
[XS2BuildCloudDeployModelStep] Building cloud deployment model...#
#2026 07 16 07:47:58.386#Z#DEBUG#a9262da0-80ea-11f1-b4c6-eeee0a8be332.OPERATION#flowable-async-job-executor-thread-42512#
[XS2BuildCloudDeployModelStep] MTA archive modules: [Inventory-assistant-srv, Inventory-assistant-db-deployer, Inventory-assistant]#
#2026 07 16 07:47:58.386#Z#DEBUG#a9262da0-80ea-11f1-b4c6-eeee0a8be332.OPERATION#flowable-async-job-executor-thread-42512#
[XS2BuildCloudDeployModelStep] Deployed modules: []#
#2026 07 16 07:47:58.387#Z#DEBUG#a9262da0-80ea-11f1-b4c6-eeee0a8be332.OPERATION#flowable-async-job-executor-thread-42512#
[XS2BuildCloudDeployModelStep] MTA modules: [Inventory-assistant-srv, Inventory-assistant-db-deployer, Inventory-assistant]#
#2026 07 16 07:47:58.387#Z#DEBUG#a9262da0-80ea-11f1-b4c6-eeee0a8be332.OPERATION#flowable-async-job-executor-thread-42512#
[XS2BuildCloudDeployModelStep] Service keys to create: {
  "Inventory-assistant-connectivity" : [ ],
  "Inventory-assistant-auth" : "********",
  "Inventory-assistant-db" : [ ],
  "Inventory-assistant-destination" : [ ]
}#
#2026 07 16 07:47:58.387#Z#DEBUG#a9262da0-80ea-11f1-b4c6-eeee0a8be332.OPERATION#flowable-async-job-executor-thread-42512#
[XS2BuildCloudDeployModelStep] Modules to deploy: [{
  "majorSchemaVersion" : 3,
  "name" : "Inventory-assistant-srv",
  "type" : "javascript.nodejs",
  "path" : "Inventory-assistant-srv",
  "properties" : { },
  "parameters" : {
    "default-url" : "https://b6bbf2b9trial-dev-inventory-assistant-srv.cfapps.us10-001.hana.ondemand.com",
    "default-app-name" : "Inventory-assistant-srv",
    "generated-password" : "********",
    "default-live-url" : "https://b6bbf2b9trial-dev-inventory-assistant-srv.cfapps.us10-001.hana.ondemand.com",
    "default-uri" : "b6bbf2b9trial-dev-inventory-assistant-srv.cfapps.us10-001.hana.ondemand.com",
    "default-instances" : 1,
    "default-live-host" : "b6bbf2b9trial-dev-inventory-assistant-srv",
    "instances" : 1,
    "buildpack" : "nodejs_buildpack",
    "default-host" : "b6bbf2b9trial-dev-inventory-assistant-srv",
    "app-name" : "Inventory-assistant-srv",
    "default-live-uri" : "b6bbf2b9trial-dev-inventory-assistant-srv.cfapps.us10-001.hana.ondemand.com",
    "protocol" : "https",
    "default-live-app-name" : "Inventory-assistant-srv",
    "default-live-domain" : "cfapps.us10-001.hana.ondemand.com",
    "dependency-type" : "soft",
    "domain" : "cfapps.us10-001.hana.ondemand.com",
    "host" : "b6bbf2b9trial-dev-inventory-assistant-srv",
    "generated-user" : "********"
  },
  "requiredDependencies" : [ {
    "majorSchemaVersion" : 3,
    "name" : "********",
    "properties" : { },
    "parameters" : { },
    "propertiesMetadata" : {
      "metadata" : { }
    },
    "parametersMetadata" : {
      "metadata" : { }
    }
  }, {
    "majorSchemaVersion" : 3,
    "name" : "Inventory-assistant-db",
    "properties" : { },
    "parameters" : { },
    "propertiesMetadata" : {
      "metadata" : { }
    },
    "parametersMetadata" : {
      "metadata" : { }
    }
  }, {
    "majorSchemaVersion" : 3,
    "name" : "Inventory-assistant-connectivity",
    "properties" : { },
    "parameters" : { },
    "propertiesMetadata" : {
      "metadata" : { }
    },
    "parametersMetadata" : {
      "metadata" : { }
    }
  }, {
    "majorSchemaVersion" : 3,
    "name" : "Inventory-assistant-destination",
    "properties" : { },
    "parameters" : { },
    "propertiesMetadata" : {
      "metadata" : { }
    },
    "parametersMetadata" : {
      "metadata" : { }
    }
  } ],
  "providedDependencies" : [ {
    "majorSchemaVersion" : 3,
    "name" : "srv-api",
    "isPublic" : false,
    "properties" : {
      "srv-url" : "https://b6bbf2b9trial-dev-inventory-assistant-srv.cfapps.us10-001.hana.ondemand.com"
    },
    "parameters" : { },
    "propertiesMetadata" : {
      "metadata" : { }
    },
    "parametersMetadata" : {
      "metadata" : { }
    }
  }, {
    "majorSchemaVersion" : 3,
    "name" : "Inventory-assistant-srv",
    "isPublic" : false,
    "properties" : { },
    "parameters" : { },
    "propertiesMetadata" : {
      "metadata" : { }
    },
    "parametersMetadata" : {
      "metadata" : { }
    }
  } ],
  "propertiesMetadata" : {
    "metadata" : { }
  },
  "parametersMetadata" : {
    "metadata" : { }
  },
  "deployedAfter" : [ ],
  "hooks" : [ ]
}, {
  "majorSchemaVersion" : 3,
  "name" : "Inventory-assistant-db-deployer",
  "type" : "com.sap.xs.hdi",
  "path" : "Inventory-assistant-db-deployer",
  "properties" : {
    "EXIT" : 1
  },
  "parameters" : {
    "default-url" : "https://b6bbf2b9trial-dev-inventory-assistant-db-deployer.cfapps.us10-001.hana.ondemand.com",
    "default-app-name" : "Inventory-assistant-db-deployer",
    "generated-password" : "********",
    "default-live-url" : "https://b6bbf2b9trial-dev-inventory-assistant-db-deployer.cfapps.us10-001.hana.ondemand.com",
    "default-uri" : "b6bbf2b9trial-dev-inventory-assistant-db-deployer.cfapps.us10-001.hana.ondemand.com",
    "memory" : "256M",
    "default-instances" : 1,
    "no-route" : true,
    "default-live-host" : "b6bbf2b9trial-dev-inventory-assistant-db-deployer",
    "instances" : 1,
    "buildpack" : "nodejs_buildpack",
    "default-host" : "b6bbf2b9trial-dev-inventory-assistant-db-deployer",
    "app-name" : "Inventory-assistant-db-deployer",
    "default-live-uri" : "b6bbf2b9trial-dev-inventory-assistant-db-deployer.cfapps.us10-001.hana.ondemand.com",
    "protocol" : "https",
    "default-live-app-name" : "Inventory-assistant-db-deployer",
    "default-live-domain" : "cfapps.us10-001.hana.ondemand.com",
    "dependency-type" : "hard",
    "domain" : "cfapps.us10-001.hana.ondemand.com",
    "host" : "b6bbf2b9trial-dev-inventory-assistant-db-deployer",
    "generated-user" : "********",
    "tasks" : [ {
      "command" : "npm start",
      "memory" : "256M",
      "name" : "deploy"
    } ],
    "no-start" : true
  },
  "requiredDependencies" : [ {
    "majorSchemaVersion" : 3,
    "name" : "Inventory-assistant-db",
    "properties" : { },
    "parameters" : { },
    "propertiesMetadata" : {
      "metadata" : { }
    },
    "parametersMetadata" : {
      "metadata" : { }
    }
  } ],
  "providedDependencies" : [ {
    "majorSchemaVersion" : 3,
    "name" : "Inventory-assistant-db-deployer",
    "isPublic" : false,
    "properties" : { },
    "parameters" : { },
    "propertiesMetadata" : {
      "metadata" : { }
    },
    "parametersMetadata" : {
      "metadata" : { }
    }
  } ],
  "propertiesMetadata" : {
    "metadata" : { }
  },
  "parametersMetadata" : {
    "metadata" : { }
  },
  "deployedAfter" : [ ],
  "hooks" : [ ]
}, {
  "majorSchemaVersion" : 3,
  "name" : "Inventory-assistant",
  "type" : "javascript.nodejs",
  "path" : "Inventory-assistant",
  "properties" : { },
  "parameters" : {
    "default-url" : "https://b6bbf2b9trial-dev-inventory-assistant.cfapps.us10-001.hana.ondemand.com",
    "default-app-name" : "Inventory-assistant",
    "generated-password" : "********",
    "default-live-url" : "https://b6bbf2b9trial-dev-inventory-assistant.cfapps.us10-001.hana.ondemand.com",
    "default-uri" : "b6bbf2b9trial-dev-inventory-assistant.cfapps.us10-001.hana.ondemand.com",
    "memory" : "256M",
    "default-instances" : 1,
    "default-live-host" : "b6bbf2b9trial-dev-inventory-assistant",
    "instances" : 1,
    "default-host" : "b6bbf2b9trial-dev-inventory-assistant",
    "keep-existing-routes" : true,
    "app-name" : "Inventory-assistant",
    "default-live-uri" : "b6bbf2b9trial-dev-inventory-assistant.cfapps.us10-001.hana.ondemand.com",
    "protocol" : "https",
    "default-live-app-name" : "Inventory-assistant",
    "default-live-domain" : "cfapps.us10-001.hana.ondemand.com",
    "disk-quota" : "256M",
    "dependency-type" : "soft",
    "domain" : "cfapps.us10-001.hana.ondemand.com",
    "host" : "b6bbf2b9trial-dev-inventory-assistant",
    "generated-user" : "********"
  },
  "requiredDependencies" : [ {
    "majorSchemaVersion" : 3,
    "name" : "srv-api",
    "group" : "destinations",
    "properties" : {
      "name" : "srv-api",
      "forwardAuthToken" : "********",
      "url" : "https://b6bbf2b9trial-dev-inventory-assistant-srv.cfapps.us10-001.hana.ondemand.com"
    },
    "parameters" : { },
    "propertiesMetadata" : {
      "metadata" : { }
    },
    "parametersMetadata" : {
      "metadata" : { }
    }
  }, {
    "majorSchemaVersion" : 3,
    "name" : "********",
    "properties" : { },
    "parameters" : { },
    "propertiesMetadata" : {
      "metadata" : { }
    },
    "parametersMetadata" : {
      "metadata" : { }
    }
  }, {
    "majorSchemaVersion" : 3,
    "name" : "Inventory-assistant-destination",
    "properties" : { },
    "parameters" : { },
    "propertiesMetadata" : {
      "metadata" : { }
    },
    "parametersMetadata" : {
      "metadata" : { }
    }
  } ],
  "providedDependencies" : [ {
    "majorSchemaVersion" : 3,
    "name" : "app-api",
    "isPublic" : false,
    "properties" : {
      "app-protocol" : "https",
      "app-uri" : "b6bbf2b9trial-dev-inventory-assistant.cfapps.us10-001.hana.ondemand.com"
    },
    "parameters" : { },
    "propertiesMetadata" : {
      "metadata" : { }
    },
    "parametersMetadata" : {
      "metadata" : { }
    }
  }, {
    "majorSchemaVersion" : 3,
    "name" : "Inventory-assistant",
    "isPublic" : false,
    "properties" : { },
    "parameters" : { },
    "propertiesMetadata" : {
      "metadata" : { }
    },
    "parametersMetadata" : {
      "metadata" : { }
    }
  } ],
  "propertiesMetadata" : {
    "metadata" : { }
  },
  "parametersMetadata" : {
    "metadata" : { }
  },
  "deployedAfter" : [ ],
  "hooks" : [ ]
}]#
#2026 07 16 07:47:58.388#Z#DEBUG#a9262da0-80ea-11f1-b4c6-eeee0a8be332.OPERATION#flowable-async-job-executor-thread-42512#
[XS2BuildCloudDeployModelStep] Custom domains: []#
#2026 07 16 07:47:58.390#Z#DEBUG#a9262da0-80ea-11f1-b4c6-eeee0a8be332.OPERATION#flowable-async-job-executor-thread-42512#
[XS2BuildCloudDeployModelStep] Calculating resource batches...#
#2026 07 16 07:47:58.391#Z#DEBUG#a9262da0-80ea-11f1-b4c6-eeee0a8be332.OPERATION#flowable-async-job-executor-thread-42512#
[XS2BuildCloudDeployModelStep] Calculating resource batches completed.#
#2026 07 16 07:47:58.391#Z#DEBUG#a9262da0-80ea-11f1-b4c6-eeee0a8be332.OPERATION#flowable-async-job-executor-thread-42512#
[XS2BuildCloudDeployModelStep] Cloud deployment model built#
#2026 07 16 07:47:58.391#Z#DEBUG#a9262da0-80ea-11f1-b4c6-eeee0a8be332.OPERATION#flowable-async-job-executor-thread-42512#
Step "Build Deploy Model" finished#
#2026 07 16 07:47:58.429#Z#DEBUG#a9262da0-80ea-11f1-b4c6-eeee0a8be332.OPERATION#flowable-async-job-executor-thread-42510#
[BuildCloudUndeployModelStep] Executing task "buildUndeployModelTask" of process "a9262dc6-80ea-11f1-b4c6-eeee0a8be332"...#
#2026 07 16 07:47:58.429#Z#DEBUG#a9262da0-80ea-11f1-b4c6-eeee0a8be332.OPERATION#flowable-async-job-executor-thread-42510#
[BuildCloudUndeployModelStep] Building cloud undeployment model...#
#2026 07 16 07:47:58.431#Z#DEBUG#a9262da0-80ea-11f1-b4c6-eeee0a8be332.OPERATION#flowable-async-job-executor-thread-42510#
[BuildCloudUndeployModelStep] Detecting service keys to delete.#
#2026 07 16 07:47:58.431#Z#DEBUG#a9262da0-80ea-11f1-b4c6-eeee0a8be332.OPERATION#flowable-async-job-executor-thread-42510#
[BuildCloudUndeployModelStep] No deployed service keys detected!#
#2026 07 16 07:47:58.431#Z#DEBUG#a9262da0-80ea-11f1-b4c6-eeee0a8be332.OPERATION#flowable-async-job-executor-thread-42510#
[BuildCloudUndeployModelStep] Detected service keys to delete "[]"#
#2026 07 16 07:47:58.435#Z#DEBUG#a9262da0-80ea-11f1-b4c6-eeee0a8be332.OPERATION#flowable-async-job-executor-thread-42510#
[BuildCloudUndeployModelStep] MTA modules: [Inventory-assistant-srv, Inventory-assistant-db-deployer, Inventory-assistant]#
#2026 07 16 07:47:58.435#Z#DEBUG#a9262da0-80ea-11f1-b4c6-eeee0a8be332.OPERATION#flowable-async-job-executor-thread-42510#
[BuildCloudUndeployModelStep] Modules to undeploy: [ ]#
#2026 07 16 07:47:58.435#Z#DEBUG#a9262da0-80ea-11f1-b4c6-eeee0a8be332.OPERATION#flowable-async-job-executor-thread-42510#
[BuildCloudUndeployModelStep] Modules that won't be changed: [ ]#
#2026 07 16 07:47:58.436#Z#DEBUG#a9262da0-80ea-11f1-b4c6-eeee0a8be332.OPERATION#flowable-async-job-executor-thread-42510#
[BuildCloudUndeployModelStep] Subscriptions to delete: [ ]#
#2026 07 16 07:47:58.437#Z#DEBUG#a9262da0-80ea-11f1-b4c6-eeee0a8be332.OPERATION#flowable-async-job-executor-thread-42510#
[BuildCloudUndeployModelStep] Cloud services to delete: []#
#2026 07 16 07:47:58.437#Z#DEBUG#a9262da0-80ea-11f1-b4c6-eeee0a8be332.OPERATION#flowable-async-job-executor-thread-42510#
[BuildCloudUndeployModelStep] Cloud applications to undeploy: [ ]#
#2026 07 16 07:47:58.439#Z#DEBUG#a9262da0-80ea-11f1-b4c6-eeee0a8be332.OPERATION#flowable-async-job-executor-thread-42510#
[BuildCloudUndeployModelStep] Cloud undeployment model built#
#2026 07 16 07:47:58.439#Z#DEBUG#a9262da0-80ea-11f1-b4c6-eeee0a8be332.OPERATION#flowable-async-job-executor-thread-42510#
Step "Build Undeploy Model" finished#
#2026 07 16 07:47:58.471#Z#DEBUG#a9262da0-80ea-11f1-b4c6-eeee0a8be332.OPERATION#flowable-async-job-executor-thread-42510#
[AddDomainsStep] Executing task "addDomainsTask" of process "a9262dc6-80ea-11f1-b4c6-eeee0a8be332"...#
#2026 07 16 07:47:58.472#Z#DEBUG#a9262da0-80ea-11f1-b4c6-eeee0a8be332.OPERATION#flowable-async-job-executor-thread-42510#
[AddDomainsStep] Custom domains: []#
#2026 07 16 07:47:58.472#Z#DEBUG#a9262da0-80ea-11f1-b4c6-eeee0a8be332.OPERATION#flowable-async-job-executor-thread-42510#
Step "Add Domains" finished#
#2026 07 16 07:47:58.614#Z#DEBUG#a9262da0-80ea-11f1-b4c6-eeee0a8be332.OPERATION#flowable-async-job-executor-thread-42508#
[ExtractBatchedServicesWithResolvedDynamicParametersStep] Executing task "prepareModulesDeploymentTask" of process "a9d5f5d6-80ea-11f1-b4c6-eeee0a8be332"...#
#2026 07 16 07:47:58.614#Z#DEBUG#a9262da0-80ea-11f1-b4c6-eeee0a8be332.OPERATION#flowable-async-job-executor-thread-42508#
[ExtractBatchedServicesWithResolvedDynamicParametersStep] Extracting services and resolving dynamic parameters from batch#
#2026 07 16 07:47:58.615#Z#DEBUG#a9262da0-80ea-11f1-b4c6-eeee0a8be332.OPERATION#flowable-async-job-executor-thread-42508#
[ExtractBatchedServicesWithResolvedDynamicParametersStep] Services to create: [ {
  "isOptional" : false,
  "isManaged" : true,
  "name" : "********",
  "v3Metadata" : {
    "annotations" : {
      "mta_id" : "Inventory-assistant",
      "mta_version" : "1.0.0",
      "mta_resource" : "********"
    },
    "labels" : {
      "mta_id" : "1800582d872667a9b20d29c2db7c08c6"
    }
  },
  "label" : "xsuaa",
  "plan" : "application",
  "credentials" : "********",
  "tags" : [ ],
  "type" : "managed",
  "resourceName" : "********",
  "shouldSkipParametersUpdate" : false,
  "shouldSkipPlanUpdate" : false,
  "shouldSkipTagsUpdate" : false,
  "shouldSkipSyslogUrlUpdate" : false
}, {
  "isOptional" : false,
  "isManaged" : true,
  "name" : "Inventory-assistant-db",
  "v3Metadata" : {
    "annotations" : {
      "mta_id" : "Inventory-assistant",
      "mta_version" : "1.0.0",
      "mta_resource" : "{\"name\":\"Inventory-assistant-db\"}"
    },
    "labels" : {
      "mta_id" : "1800582d872667a9b20d29c2db7c08c6"
    }
  },
  "label" : "hana",
  "plan" : "hdi-shared",
  "credentials" : "********",
  "tags" : [ ],
  "type" : "managed",
  "resourceName" : "Inventory-assistant-db",
  "shouldSkipParametersUpdate" : false,
  "shouldSkipPlanUpdate" : false,
  "shouldSkipTagsUpdate" : false,
  "shouldSkipSyslogUrlUpdate" : false
}, {
  "isOptional" : false,
  "isManaged" : true,
  "name" : "Inventory-assistant-connectivity",
  "v3Metadata" : {
    "annotations" : {
      "mta_id" : "Inventory-assistant",
      "mta_version" : "1.0.0",
      "mta_resource" : "{\"name\":\"Inventory-assistant-connectivity\"}"
    },
    "labels" : {
      "mta_id" : "1800582d872667a9b20d29c2db7c08c6"
    }
  },
  "label" : "connectivity",
  "plan" : "lite",
  "credentials" : "********",
  "tags" : [ ],
  "type" : "managed",
  "resourceName" : "Inventory-assistant-connectivity",
  "shouldSkipParametersUpdate" : false,
  "shouldSkipPlanUpdate" : false,
  "shouldSkipTagsUpdate" : false,
  "shouldSkipSyslogUrlUpdate" : false
}, {
  "isOptional" : false,
  "isManaged" : true,
  "name" : "Inventory-assistant-destination",
  "v3Metadata" : {
    "annotations" : {
      "mta_id" : "Inventory-assistant",
      "mta_version" : "1.0.0",
      "mta_resource" : "{\"name\":\"Inventory-assistant-destination\"}"
    },
    "labels" : {
      "mta_id" : "1800582d872667a9b20d29c2db7c08c6"
    }
  },
  "label" : "destination",
  "plan" : "lite",
  "credentials" : "********",
  "tags" : [ ],
  "type" : "managed",
  "resourceName" : "Inventory-assistant-destination",
  "shouldSkipParametersUpdate" : false,
  "shouldSkipPlanUpdate" : false,
  "shouldSkipTagsUpdate" : false,
  "shouldSkipSyslogUrlUpdate" : false
} ]#
#2026 07 16 07:47:58.616#Z#DEBUG#a9262da0-80ea-11f1-b4c6-eeee0a8be332.OPERATION#flowable-async-job-executor-thread-42508#
Step "Extract Services with Resolved Dynamic parameters from batch" finished#
#2026 07 16 07:47:58.708#Z#DEBUG#a9262da0-80ea-11f1-b4c6-eeee0a8be332.OPERATION#flowable-async-job-executor-thread-42508#
[CheckServiceOperationStateStep] Executing task "CheckServiceOperationStateTask" of process "a9eb9ffe-80ea-11f1-b4c6-eeee0a8be332"...#
#2026 07 16 07:47:58.708#Z#DEBUG#a9262da0-80ea-11f1-b4c6-eeee0a8be332.OPERATION#flowable-async-job-executor-thread-42508#
[CheckServiceOperationStateStep] Getting service instance "Inventory-assistant-db"...#
#2026 07 16 07:47:58.781#Z#DEBUG#a9262da0-80ea-11f1-b4c6-eeee0a8be332.OPERATION#flowable-async-job-executor-thread-42510#
[CheckServiceOperationStateStep] Executing task "CheckServiceOperationStateTask" of process "a9f711dd-80ea-11f1-b4c6-eeee0a8be332"...#
#2026 07 16 07:47:58.781#Z#DEBUG#a9262da0-80ea-11f1-b4c6-eeee0a8be332.OPERATION#flowable-async-job-executor-thread-42510#
[CheckServiceOperationStateStep] Getting service instance "Inventory-assistant-auth"...#
#2026 07 16 07:47:58.804#Z#DEBUG#a9262da0-80ea-11f1-b4c6-eeee0a8be332.OPERATION#flowable-async-job-executor-thread-42508#
Step "Check for service operations in Progress" finished#
#2026 07 16 07:47:58.809#Z#DEBUG#a9262da0-80ea-11f1-b4c6-eeee0a8be332.OPERATION#flowable-async-job-executor-thread-42510#
Step "Check for service operations in Progress" finished#
#2026 07 16 07:47:58.832#Z#DEBUG#a9262da0-80ea-11f1-b4c6-eeee0a8be332.OPERATION#flowable-async-job-executor-thread-42514#
[DetermineServiceCreateUpdateServiceActionsStep] Executing task "DetermineServiceCreateUpdateActionsTask" of process "a9eb9ffe-80ea-11f1-b4c6-eeee0a8be332"...#
#2026 07 16 07:47:58.833#Z#DEBUG#a9262da0-80ea-11f1-b4c6-eeee0a8be332.OPERATION#flowable-async-job-executor-thread-42510#
[DetermineServiceCreateUpdateServiceActionsStep] Executing task "DetermineServiceCreateUpdateActionsTask" of process "a9f711dd-80ea-11f1-b4c6-eeee0a8be332"...#
#2026 07 16 07:47:58.834#Z#INFO#a9262da0-80ea-11f1-b4c6-eeee0a8be332.OPERATION#flowable-async-job-executor-thread-42514#
[DetermineServiceCreateUpdateServiceActionsStep] Processing service "Inventory-assistant-db"...#
#2026 07 16 07:47:58.834#Z#INFO#a9262da0-80ea-11f1-b4c6-eeee0a8be332.OPERATION#flowable-async-job-executor-thread-42510#
[DetermineServiceCreateUpdateServiceActionsStep] Processing service "Inventory-assistant-auth"...#
#2026 07 16 07:47:58.839#Z#DEBUG#a9262da0-80ea-11f1-b4c6-eeee0a8be332.OPERATION#flowable-async-job-executor-thread-42510#
[DetermineServiceCreateUpdateServiceActionsStep] Getting service instance "Inventory-assistant-auth"...#
#2026 07 16 07:47:58.841#Z#DEBUG#a9262da0-80ea-11f1-b4c6-eeee0a8be332.OPERATION#flowable-async-job-executor-thread-42514#
[DetermineServiceCreateUpdateServiceActionsStep] Getting service instance "Inventory-assistant-db"...#
#2026 07 16 07:47:58.863#Z#INFO#a9262da0-80ea-11f1-b4c6-eeee0a8be332.OPERATION#flowable-async-job-executor-thread-42510#
[DetermineServiceCreateUpdateServiceActionsStep] Setting service "Inventory-assistant-auth" parameters from "xs-security.json"#
#2026 07 16 07:47:58.895#Z#DEBUG#a9262da0-80ea-11f1-b4c6-eeee0a8be332.OPERATION#flowable-async-job-executor-thread-42510#
[DetermineServiceCreateUpdateServiceActionsStep] Service should be created#
#2026 07 16 07:47:58.897#Z#DEBUG#a9262da0-80ea-11f1-b4c6-eeee0a8be332.OPERATION#flowable-async-job-executor-thread-42510#
Step "Determine update actions" finished#
#2026 07 16 07:47:58.940#Z#DEBUG#a9262da0-80ea-11f1-b4c6-eeee0a8be332.OPERATION#flowable-async-job-executor-thread-42514#
[DetermineServiceCreateUpdateServiceActionsStep] Existing service: {
  "name" : "Inventory-assistant-db",
  "metadata" : {
    "guid" : "372d30ed-9034-4303-80a8-940379b14d63",
    "createdAt" : [ 2026, 7, 10, 8, 42, 32 ],
    "updatedAt" : [ 2026, 7, 10, 8, 42, 33 ]
  },
  "v3Metadata" : {
    "annotations" : {
      "mta_id" : "Inventory-assistant",
      "mta_version" : "1.0.0",
      "mta_resource" : "{\"name\":\"Inventory-assistant-db\"}"
    },
    "labels" : {
      "mta_id" : "1800582d872667a9b20d29c2db7c08c6"
    }
  },
  "label" : "hana",
  "plan" : "hdi-shared",
  "credentials" : "********",
  "tags" : [ ],
  "type" : "managed",
  "lastOperation" : {
    "type" : "DELETE",
    "description" : "An operation for the service binding between app Inventory-assistant-srv and service instance Inventory-assistant-db is in progress.",
    "state" : "FAILED"
  }
}#
#2026 07 16 07:47:58.940#Z#WARN#a9262da0-80ea-11f1-b4c6-eeee0a8be332.OPERATION#flowable-async-job-executor-thread-42514#
[DetermineServiceCreateUpdateServiceActionsStep] Service "Inventory-assistant-db" is in state "delete failed" and may not be operational. Actions like update of credentials and binding may fail! Consider recreating it by specifying the --delete-services option.#
#2026 07 16 07:47:58.945#Z#WARN#a9262da0-80ea-11f1-b4c6-eeee0a8be332.OPERATION#flowable-async-job-executor-thread-42514#
[DetermineServiceCreateUpdateServiceActionsStep] Service parameters for service "Inventory-assistant-db" will not be updated, as the parameters are not defined or empty.#
#2026 07 16 07:47:58.945#Z#DEBUG#a9262da0-80ea-11f1-b4c6-eeee0a8be332.OPERATION#flowable-async-job-executor-thread-42514#
Step "Determine update actions" finished#
#2026 07 16 07:47:58.985#Z#DEBUG#a9262da0-80ea-11f1-b4c6-eeee0a8be332.OPERATION#flowable-async-job-executor-thread-42514#
[CheckForServiceBindingOrKeyOperationStep] Executing task "CheckForServiceBindingOrKeyCreation" of process "a9eb9ffe-80ea-11f1-b4c6-eeee0a8be332"...#
#2026 07 16 07:47:58.986#Z#DEBUG#a9262da0-80ea-11f1-b4c6-eeee0a8be332.OPERATION#flowable-async-job-executor-thread-42514#
Step "Check for service binding or key creation" finished#
#2026 07 16 07:47:58.936#Z#DEBUG#a9262da0-80ea-11f1-b4c6-eeee0a8be332.OPERATION#flowable-async-job-executor-thread-42510#
[CreateServiceStep] Executing task "CreateServiceTask" of process "a9f711dd-80ea-11f1-b4c6-eeee0a8be332"...#
#2026 07 16 07:47:58.939#Z#INFO#a9262da0-80ea-11f1-b4c6-eeee0a8be332.OPERATION#flowable-async-job-executor-thread-42510#
[CreateServiceStep] Creating service "Inventory-assistant-auth" from MTA resource "Inventory-assistant-auth"...#
#2026 07 16 07:47:58.943#Z#DEBUG#a9262da0-80ea-11f1-b4c6-eeee0a8be332.OPERATION#flowable-async-job-executor-thread-42510#
[CreateServiceStep] Creating service instance: {
  "isOptional" : false,
  "isManaged" : true,
  "name" : "********",
  "v3Metadata" : {
    "annotations" : {
      "mta_id" : "Inventory-assistant",
      "mta_version" : "1.0.0",
      "mta_resource" : "********"
    },
    "labels" : {
      "mta_id" : "1800582d872667a9b20d29c2db7c08c6"
    }
  },
  "label" : "xsuaa",
  "plan" : "application",
  "credentials" : "********",
  "tags" : [ ],
  "type" : "managed",
  "resourceName" : "********",
  "shouldSkipParametersUpdate" : false,
  "shouldSkipPlanUpdate" : false,
  "shouldSkipTagsUpdate" : false,
  "shouldSkipSyslogUrlUpdate" : false
}#
#2026 07 16 07:47:59.159#Z#DEBUG#a9262da0-80ea-11f1-b4c6-eeee0a8be332.OPERATION#flowable-async-job-executor-thread-42510#
[CreateServiceStep] Service "Inventory-assistant-auth" created#
#2026 07 16 07:47:59.159#Z#DEBUG#a9262da0-80ea-11f1-b4c6-eeee0a8be332.OPERATION#flowable-async-job-executor-thread-42510#
[CreateServiceStep] Triggered service operations: {
  "Inventory-assistant-auth" : "CREATE"
}#
#2026 07 16 07:47:59.160#Z#DEBUG#a9262da0-80ea-11f1-b4c6-eeee0a8be332.OPERATION#flowable-async-job-executor-thread-42510#
Step "Create" finished#
#2026 07 16 07:48:01.827#Z#DEBUG#a9262da0-80ea-11f1-b4c6-eeee0a8be332.OPERATION#flowable-async-job-executor-thread-26631#
[CheckServiceOperationStateStep] Executing task "CheckServiceOperationStateTask" of process "abc5b78b-80ea-11f1-b495-eeee0a83eefa"...#
#2026 07 16 07:48:01.828#Z#DEBUG#a9262da0-80ea-11f1-b4c6-eeee0a8be332.OPERATION#flowable-async-job-executor-thread-26631#
[CheckServiceOperationStateStep] Getting service instance "Inventory-assistant-connectivity"...#
#2026 07 16 07:48:01.855#Z#DEBUG#a9262da0-80ea-11f1-b4c6-eeee0a8be332.OPERATION#flowable-async-job-executor-thread-26631#
Step "Check for service operations in Progress" finished#
#2026 07 16 07:48:01.894#Z#DEBUG#a9262da0-80ea-11f1-b4c6-eeee0a8be332.OPERATION#flowable-async-job-executor-thread-26632#
[DetermineServiceCreateUpdateServiceActionsStep] Executing task "DetermineServiceCreateUpdateActionsTask" of process "abc5b78b-80ea-11f1-b495-eeee0a83eefa"...#
#2026 07 16 07:48:01.897#Z#INFO#a9262da0-80ea-11f1-b4c6-eeee0a8be332.OPERATION#flowable-async-job-executor-thread-26632#
[DetermineServiceCreateUpdateServiceActionsStep] Processing service "Inventory-assistant-connectivity"...#
#2026 07 16 07:48:01.904#Z#DEBUG#a9262da0-80ea-11f1-b4c6-eeee0a8be332.OPERATION#flowable-async-job-executor-thread-26632#
[DetermineServiceCreateUpdateServiceActionsStep] Getting service instance "Inventory-assistant-connectivity"...#
#2026 07 16 07:48:01.935#Z#DEBUG#a9262da0-80ea-11f1-b4c6-eeee0a8be332.OPERATION#flowable-async-job-executor-thread-26632#
[DetermineServiceCreateUpdateServiceActionsStep] Service should be created#
#2026 07 16 07:48:01.938#Z#DEBUG#a9262da0-80ea-11f1-b4c6-eeee0a8be332.OPERATION#flowable-async-job-executor-thread-26632#
Step "Determine update actions" finished#
#2026 07 16 07:48:02.009#Z#DEBUG#a9262da0-80ea-11f1-b4c6-eeee0a8be332.OPERATION#flowable-async-job-executor-thread-26633#
[CreateServiceStep] Executing task "CreateServiceTask" of process "abc5b78b-80ea-11f1-b495-eeee0a83eefa"...#
#2026 07 16 07:48:02.014#Z#INFO#a9262da0-80ea-11f1-b4c6-eeee0a8be332.OPERATION#flowable-async-job-executor-thread-26633#
[CreateServiceStep] Creating service "Inventory-assistant-connectivity" from MTA resource "Inventory-assistant-connectivity"...#
#2026 07 16 07:48:02.020#Z#DEBUG#a9262da0-80ea-11f1-b4c6-eeee0a8be332.OPERATION#flowable-async-job-executor-thread-26633#
[CreateServiceStep] Creating service instance: {
  "isOptional" : false,
  "isManaged" : true,
  "name" : "Inventory-assistant-connectivity",
  "v3Metadata" : {
    "annotations" : {
      "mta_id" : "Inventory-assistant",
      "mta_version" : "1.0.0",
      "mta_resource" : "{\"name\":\"Inventory-assistant-connectivity\"}"
    },
    "labels" : {
      "mta_id" : "1800582d872667a9b20d29c2db7c08c6"
    }
  },
  "label" : "connectivity",
  "plan" : "lite",
  "credentials" : "********",
  "tags" : [ ],
  "type" : "managed",
  "resourceName" : "Inventory-assistant-connectivity",
  "shouldSkipParametersUpdate" : false,
  "shouldSkipPlanUpdate" : false,
  "shouldSkipTagsUpdate" : false,
  "shouldSkipSyslogUrlUpdate" : false
}#
#2026 07 16 07:48:02.210#Z#DEBUG#a9262da0-80ea-11f1-b4c6-eeee0a8be332.OPERATION#flowable-async-job-executor-thread-26633#
[CreateServiceStep] Service "Inventory-assistant-connectivity" created#
#2026 07 16 07:48:02.210#Z#DEBUG#a9262da0-80ea-11f1-b4c6-eeee0a8be332.OPERATION#flowable-async-job-executor-thread-26633#
[CreateServiceStep] Triggered service operations: {
  "Inventory-assistant-connectivity" : "CREATE"
}#
#2026 07 16 07:48:02.214#Z#DEBUG#a9262da0-80ea-11f1-b4c6-eeee0a8be332.OPERATION#flowable-async-job-executor-thread-26633#
Step "Create" finished#
#2026 07 16 07:48:04.807#Z#DEBUG#a9262da0-80ea-11f1-b4c6-eeee0a8be332.OPERATION#flowable-async-job-executor-thread-42516#
[CheckServiceOperationStateStep] Executing task "CheckServiceOperationStateTask" of process "ad8e1bc4-80ea-11f1-b4c6-eeee0a8be332"...#
#2026 07 16 07:48:04.808#Z#DEBUG#a9262da0-80ea-11f1-b4c6-eeee0a8be332.OPERATION#flowable-async-job-executor-thread-42516#
[CheckServiceOperationStateStep] Getting service instance "Inventory-assistant-destination"...#
#2026 07 16 07:48:04.830#Z#DEBUG#a9262da0-80ea-11f1-b4c6-eeee0a8be332.OPERATION#flowable-async-job-executor-thread-42516#
Step "Check for service operations in Progress" finished#
#2026 07 16 07:48:04.862#Z#DEBUG#a9262da0-80ea-11f1-b4c6-eeee0a8be332.OPERATION#flowable-async-job-executor-thread-42517#
[DetermineServiceCreateUpdateServiceActionsStep] Executing task "DetermineServiceCreateUpdateActionsTask" of process "ad8e1bc4-80ea-11f1-b4c6-eeee0a8be332"...#
#2026 07 16 07:48:04.863#Z#INFO#a9262da0-80ea-11f1-b4c6-eeee0a8be332.OPERATION#flowable-async-job-executor-thread-42517#
[DetermineServiceCreateUpdateServiceActionsStep] Processing service "Inventory-assistant-destination"...#
#2026 07 16 07:48:04.869#Z#DEBUG#a9262da0-80ea-11f1-b4c6-eeee0a8be332.OPERATION#flowable-async-job-executor-thread-42517#
[DetermineServiceCreateUpdateServiceActionsStep] Getting service instance "Inventory-assistant-destination"...#
#2026 07 16 07:48:04.898#Z#DEBUG#a9262da0-80ea-11f1-b4c6-eeee0a8be332.OPERATION#flowable-async-job-executor-thread-42517#
[DetermineServiceCreateUpdateServiceActionsStep] Service should be created#
#2026 07 16 07:48:04.902#Z#DEBUG#a9262da0-80ea-11f1-b4c6-eeee0a8be332.OPERATION#flowable-async-job-executor-thread-42517#
Step "Determine update actions" finished#
#2026 07 16 07:48:04.977#Z#DEBUG#a9262da0-80ea-11f1-b4c6-eeee0a8be332.OPERATION#flowable-async-job-executor-thread-42519#
[CreateServiceStep] Executing task "CreateServiceTask" of process "ad8e1bc4-80ea-11f1-b4c6-eeee0a8be332"...#
#2026 07 16 07:48:04.979#Z#INFO#a9262da0-80ea-11f1-b4c6-eeee0a8be332.OPERATION#flowable-async-job-executor-thread-42519#
[CreateServiceStep] Creating service "Inventory-assistant-destination" from MTA resource "Inventory-assistant-destination"...#
#2026 07 16 07:48:04.986#Z#DEBUG#a9262da0-80ea-11f1-b4c6-eeee0a8be332.OPERATION#flowable-async-job-executor-thread-42519#
[CreateServiceStep] Creating service instance: {
  "isOptional" : false,
  "isManaged" : true,
  "name" : "Inventory-assistant-destination",
  "v3Metadata" : {
    "annotations" : {
      "mta_id" : "Inventory-assistant",
      "mta_version" : "1.0.0",
      "mta_resource" : "{\"name\":\"Inventory-assistant-destination\"}"
    },
    "labels" : {
      "mta_id" : "1800582d872667a9b20d29c2db7c08c6"
    }
  },
  "label" : "destination",
  "plan" : "lite",
  "credentials" : "********",
  "tags" : [ ],
  "type" : "managed",
  "resourceName" : "Inventory-assistant-destination",
  "shouldSkipParametersUpdate" : false,
  "shouldSkipPlanUpdate" : false,
  "shouldSkipTagsUpdate" : false,
  "shouldSkipSyslogUrlUpdate" : false
}#
#2026 07 16 07:48:05.108#Z#DEBUG#a9262da0-80ea-11f1-b4c6-eeee0a8be332.OPERATION#flowable-async-job-executor-thread-42521#
[CreateServiceStep] Executing task "CreateServiceTask" of process "a9f711dd-80ea-11f1-b4c6-eeee0a8be332"...#
#2026 07 16 07:48:05.109#Z#DEBUG#a9262da0-80ea-11f1-b4c6-eeee0a8be332.OPERATION#flowable-async-job-executor-thread-42521#
[CreateServiceStep] Polling service operations...#
#2026 07 16 07:48:05.112#Z#DEBUG#a9262da0-80ea-11f1-b4c6-eeee0a8be332.OPERATION#flowable-async-job-executor-thread-42521#
[CreateServiceStep] Getting service instance "Inventory-assistant-auth"...#
#2026 07 16 07:48:05.167#Z#DEBUG#a9262da0-80ea-11f1-b4c6-eeee0a8be332.OPERATION#flowable-async-job-executor-thread-42519#
[CreateServiceStep] Service "Inventory-assistant-destination" created#
#2026 07 16 07:48:05.167#Z#DEBUG#a9262da0-80ea-11f1-b4c6-eeee0a8be332.OPERATION#flowable-async-job-executor-thread-42519#
[CreateServiceStep] Triggered service operations: {
  "Inventory-assistant-destination" : "CREATE"
}#
#2026 07 16 07:48:05.169#Z#DEBUG#a9262da0-80ea-11f1-b4c6-eeee0a8be332.OPERATION#flowable-async-job-executor-thread-42519#
Step "Create" finished#
#2026 07 16 07:48:05.212#Z#DEBUG#a9262da0-80ea-11f1-b4c6-eeee0a8be332.OPERATION#flowable-async-job-executor-thread-42521#
[CreateServiceStep] Last operation for service "Inventory-assistant-auth": {
  "type" : "CREATE",
  "description" : "",
  "state" : "SUCCEEDED"
}#
#2026 07 16 07:48:05.212#Z#DEBUG#a9262da0-80ea-11f1-b4c6-eeee0a8be332.OPERATION#flowable-async-job-executor-thread-42521#
[CreateServiceStep] Service "Inventory-assistant-auth" created#
#2026 07 16 07:48:05.212#Z#INFO#a9262da0-80ea-11f1-b4c6-eeee0a8be332.OPERATION#flowable-async-job-executor-thread-42521#
[CreateServiceStep] 1 of 1 done#
#2026 07 16 07:48:05.218#Z#DEBUG#a9262da0-80ea-11f1-b4c6-eeee0a8be332.OPERATION#flowable-async-job-executor-thread-42521#
[CreateServiceStep] Remaining services to poll: [ ]#
#2026 07 16 07:48:05.218#Z#DEBUG#a9262da0-80ea-11f1-b4c6-eeee0a8be332.OPERATION#flowable-async-job-executor-thread-42521#
Step "Create" finished#
#2026 07 16 07:48:14.978#Z#DEBUG#a9262da0-80ea-11f1-b4c6-eeee0a8be332.OPERATION#flowable-async-job-executor-thread-42525#
[CreateServiceStep] Executing task "CreateServiceTask" of process "abc5b78b-80ea-11f1-b495-eeee0a83eefa"...#
#2026 07 16 07:48:14.979#Z#DEBUG#a9262da0-80ea-11f1-b4c6-eeee0a8be332.OPERATION#flowable-async-job-executor-thread-42525#
[CreateServiceStep] Polling service operations...#
#2026 07 16 07:48:14.983#Z#DEBUG#a9262da0-80ea-11f1-b4c6-eeee0a8be332.OPERATION#flowable-async-job-executor-thread-42525#
[CreateServiceStep] Getting service instance "Inventory-assistant-connectivity"...#
#2026 07 16 07:48:15.093#Z#DEBUG#a9262da0-80ea-11f1-b4c6-eeee0a8be332.OPERATION#flowable-async-job-executor-thread-42525#
[CreateServiceStep] Last operation for service "Inventory-assistant-connectivity": {
  "type" : "CREATE",
  "description" : "",
  "state" : "SUCCEEDED"
}#
#2026 07 16 07:48:15.093#Z#DEBUG#a9262da0-80ea-11f1-b4c6-eeee0a8be332.OPERATION#flowable-async-job-executor-thread-42525#
[CreateServiceStep] Service "Inventory-assistant-connectivity" created#
#2026 07 16 07:48:15.093#Z#INFO#a9262da0-80ea-11f1-b4c6-eeee0a8be332.OPERATION#flowable-async-job-executor-thread-42525#
[CreateServiceStep] 1 of 1 done#
#2026 07 16 07:48:15.098#Z#DEBUG#a9262da0-80ea-11f1-b4c6-eeee0a8be332.OPERATION#flowable-async-job-executor-thread-42525#
[CreateServiceStep] Remaining services to poll: [ ]#
#2026 07 16 07:48:15.099#Z#DEBUG#a9262da0-80ea-11f1-b4c6-eeee0a8be332.OPERATION#flowable-async-job-executor-thread-42525#
Step "Create" finished#
#2026 07 16 07:48:15.079#Z#DEBUG#a9262da0-80ea-11f1-b4c6-eeee0a8be332.OPERATION#flowable-async-job-executor-thread-26226#
[CreateServiceStep] Executing task "CreateServiceTask" of process "ad8e1bc4-80ea-11f1-b4c6-eeee0a8be332"...#
#2026 07 16 07:48:15.080#Z#DEBUG#a9262da0-80ea-11f1-b4c6-eeee0a8be332.OPERATION#flowable-async-job-executor-thread-26226#
[CreateServiceStep] Polling service operations...#
#2026 07 16 07:48:15.084#Z#DEBUG#a9262da0-80ea-11f1-b4c6-eeee0a8be332.OPERATION#flowable-async-job-executor-thread-26226#
[CreateServiceStep] Getting service instance "Inventory-assistant-destination"...#
#2026 07 16 07:48:15.193#Z#DEBUG#a9262da0-80ea-11f1-b4c6-eeee0a8be332.OPERATION#flowable-async-job-executor-thread-26226#
[CreateServiceStep] Last operation for service "Inventory-assistant-destination": {
  "type" : "CREATE",
  "description" : "",
  "state" : "SUCCEEDED"
}#
#2026 07 16 07:48:15.193#Z#DEBUG#a9262da0-80ea-11f1-b4c6-eeee0a8be332.OPERATION#flowable-async-job-executor-thread-26226#
[CreateServiceStep] Service "Inventory-assistant-destination" created#
#2026 07 16 07:48:15.193#Z#INFO#a9262da0-80ea-11f1-b4c6-eeee0a8be332.OPERATION#flowable-async-job-executor-thread-26226#
[CreateServiceStep] 1 of 1 done#
#2026 07 16 07:48:15.202#Z#DEBUG#a9262da0-80ea-11f1-b4c6-eeee0a8be332.OPERATION#flowable-async-job-executor-thread-26226#
[CreateServiceStep] Remaining services to poll: [ ]#
#2026 07 16 07:48:15.204#Z#DEBUG#a9262da0-80ea-11f1-b4c6-eeee0a8be332.OPERATION#flowable-async-job-executor-thread-26226#
Step "Create" finished#
#2026 07 16 07:48:15.566#Z#DEBUG#a9262da0-80ea-11f1-b4c6-eeee0a8be332.OPERATION#flowable-async-job-executor-thread-26226#
[PrepareModulesDeploymentStep] Executing task "prepareModulesDeploymentTask" of process "b3f0a0a3-80ea-11f1-9ea1-eeee0a8b4756"...#
#2026 07 16 07:48:15.567#Z#DEBUG#a9262da0-80ea-11f1-b4c6-eeee0a8be332.OPERATION#flowable-async-job-executor-thread-26226#
[PrepareModulesDeploymentStep] Preparing modules deployment...#
#2026 07 16 07:48:15.573#Z#DEBUG#a9262da0-80ea-11f1-b4c6-eeee0a8be332.OPERATION#flowable-async-job-executor-thread-26226#
Step "Prepare Modules Deployment" finished#
#2026 07 16 07:48:15.622#Z#DEBUG#a9262da0-80ea-11f1-b4c6-eeee0a8be332.OPERATION#flowable-async-job-executor-thread-26226#
[ComputeNextModulesStep] Executing task "computeNextModulesToDeployInParallel" of process "b3f0a0a3-80ea-11f1-9ea1-eeee0a8b4756"...#
#2026 07 16 07:48:15.623#Z#DEBUG#a9262da0-80ea-11f1-b4c6-eeee0a8be332.OPERATION#flowable-async-job-executor-thread-26226#
[ComputeNextModulesStep] Computing modules for next parallel iteration...#
#2026 07 16 07:48:15.627#Z#DEBUG#a9262da0-80ea-11f1-b4c6-eeee0a8be332.OPERATION#flowable-async-job-executor-thread-26226#
[ComputeNextModulesStep] Completed modules detected: []#
#2026 07 16 07:48:15.627#Z#DEBUG#a9262da0-80ea-11f1-b4c6-eeee0a8be332.OPERATION#flowable-async-job-executor-thread-26226#
[ComputeNextModulesStep] All modules for deploy detected: [Inventory-assistant-srv, Inventory-assistant-db-deployer, Inventory-assistant]#
#2026 07 16 07:48:15.627#Z#DEBUG#a9262da0-80ea-11f1-b4c6-eeee0a8be332.OPERATION#flowable-async-job-executor-thread-26226#
[ComputeNextModulesStep] Modules not for deploy detected: []#
#2026 07 16 07:48:15.628#Z#DEBUG#a9262da0-80ea-11f1-b4c6-eeee0a8be332.OPERATION#flowable-async-job-executor-thread-26226#
[ComputeNextModulesStep] Computed modules for next parallel iteration: [ {
  "majorSchemaVersion" : 3,
  "name" : "Inventory-assistant-srv",
  "type" : "javascript.nodejs",
  "path" : "Inventory-assistant-srv",
  "properties" : { },
  "parameters" : {
    "app-name" : "Inventory-assistant-srv",
    "buildpack" : "nodejs_buildpack",
    "default-app-name" : "Inventory-assistant-srv",
    "default-host" : "b6bbf2b9trial-dev-inventory-assistant-srv",
    "default-instances" : 1,
    "default-live-app-name" : "Inventory-assistant-srv",
    "default-live-domain" : "cfapps.us10-001.hana.ondemand.com",
    "default-live-host" : "b6bbf2b9trial-dev-inventory-assistant-srv",
    "default-live-uri" : "b6bbf2b9trial-dev-inventory-assistant-srv.cfapps.us10-001.hana.ondemand.com",
    "default-live-url" : "https://b6bbf2b9trial-dev-inventory-assistant-srv.cfapps.us10-001.hana.ondemand.com",
    "default-uri" : "b6bbf2b9trial-dev-inventory-assistant-srv.cfapps.us10-001.hana.ondemand.com",
    "default-url" : "https://b6bbf2b9trial-dev-inventory-assistant-srv.cfapps.us10-001.hana.ondemand.com",
    "dependency-type" : "soft",
    "domain" : "cfapps.us10-001.hana.ondemand.com",
    "generated-password" : "********",
    "generated-user" : "********",
    "host" : "b6bbf2b9trial-dev-inventory-assistant-srv",
    "instances" : 1,
    "protocol" : "https"
  },
  "requiredDependencies" : [ {
    "majorSchemaVersion" : 3,
    "name" : "********",
    "properties" : { },
    "parameters" : { },
    "propertiesMetadata" : {
      "metadata" : { }
    },
    "parametersMetadata" : {
      "metadata" : { }
    }
  }, {
    "majorSchemaVersion" : 3,
    "name" : "Inventory-assistant-db",
    "properties" : { },
    "parameters" : { },
    "propertiesMetadata" : {
      "metadata" : { }
    },
    "parametersMetadata" : {
      "metadata" : { }
    }
  }, {
    "majorSchemaVersion" : 3,
    "name" : "Inventory-assistant-connectivity",
    "properties" : { },
    "parameters" : { },
    "propertiesMetadata" : {
      "metadata" : { }
    },
    "parametersMetadata" : {
      "metadata" : { }
    }
  }, {
    "majorSchemaVersion" : 3,
    "name" : "Inventory-assistant-destination",
    "properties" : { },
    "parameters" : { },
    "propertiesMetadata" : {
      "metadata" : { }
    },
    "parametersMetadata" : {
      "metadata" : { }
    }
  } ],
  "providedDependencies" : [ {
    "majorSchemaVersion" : 3,
    "name" : "srv-api",
    "isPublic" : false,
    "properties" : {
      "srv-url" : "https://b6bbf2b9trial-dev-inventory-assistant-srv.cfapps.us10-001.hana.ondemand.com"
    },
    "parameters" : { },
    "propertiesMetadata" : {
      "metadata" : { }
    },
    "parametersMetadata" : {
      "metadata" : { }
    }
  }, {
    "majorSchemaVersion" : 3,
    "name" : "Inventory-assistant-srv",
    "isPublic" : false,
    "properties" : { },
    "parameters" : { },
    "propertiesMetadata" : {
      "metadata" : { }
    },
    "parametersMetadata" : {
      "metadata" : { }
    }
  } ],
  "propertiesMetadata" : {
    "metadata" : { }
  },
  "parametersMetadata" : {
    "metadata" : { }
  },
  "deployedAfter" : [ ],
  "hooks" : [ ]
}, {
  "majorSchemaVersion" : 3,
  "name" : "Inventory-assistant-db-deployer",
  "type" : "com.sap.xs.hdi",
  "path" : "Inventory-assistant-db-deployer",
  "properties" : {
    "EXIT" : 1
  },
  "parameters" : {
    "app-name" : "Inventory-assistant-db-deployer",
    "buildpack" : "nodejs_buildpack",
    "default-app-name" : "Inventory-assistant-db-deployer",
    "default-host" : "b6bbf2b9trial-dev-inventory-assistant-db-deployer",
    "default-instances" : 1,
    "default-live-app-name" : "Inventory-assistant-db-deployer",
    "default-live-domain" : "cfapps.us10-001.hana.ondemand.com",
    "default-live-host" : "b6bbf2b9trial-dev-inventory-assistant-db-deployer",
    "default-live-uri" : "b6bbf2b9trial-dev-inventory-assistant-db-deployer.cfapps.us10-001.hana.ondemand.com",
    "default-live-url" : "https://b6bbf2b9trial-dev-inventory-assistant-db-deployer.cfapps.us10-001.hana.ondemand.com",
    "default-uri" : "b6bbf2b9trial-dev-inventory-assistant-db-deployer.cfapps.us10-001.hana.ondemand.com",
    "default-url" : "https://b6bbf2b9trial-dev-inventory-assistant-db-deployer.cfapps.us10-001.hana.ondemand.com",
    "dependency-type" : "hard",
    "domain" : "cfapps.us10-001.hana.ondemand.com",
    "generated-password" : "********",
    "generated-user" : "********",
    "host" : "b6bbf2b9trial-dev-inventory-assistant-db-deployer",
    "instances" : 1,
    "memory" : "256M",
    "no-route" : true,
    "no-start" : true,
    "protocol" : "https",
    "tasks" : [ {
      "command" : "npm start",
      "memory" : "256M",
      "name" : "deploy"
    } ]
  },
  "requiredDependencies" : [ {
    "majorSchemaVersion" : 3,
    "name" : "Inventory-assistant-db",
    "properties" : { },
    "parameters" : { },
    "propertiesMetadata" : {
      "metadata" : { }
    },
    "parametersMetadata" : {
      "metadata" : { }
    }
  } ],
  "providedDependencies" : [ {
    "majorSchemaVersion" : 3,
    "name" : "Inventory-assistant-db-deployer",
    "isPublic" : false,
    "properties" : { },
    "parameters" : { },
    "propertiesMetadata" : {
      "metadata" : { }
    },
    "parametersMetadata" : {
      "metadata" : { }
    }
  } ],
  "propertiesMetadata" : {
    "metadata" : { }
  },
  "parametersMetadata" : {
    "metadata" : { }
  },
  "deployedAfter" : [ ],
  "hooks" : [ ]
}, {
  "majorSchemaVersion" : 3,
  "name" : "Inventory-assistant",
  "type" : "javascript.nodejs",
  "path" : "Inventory-assistant",
  "properties" : { },
  "parameters" : {
    "app-name" : "Inventory-assistant",
    "default-app-name" : "Inventory-assistant",
    "default-host" : "b6bbf2b9trial-dev-inventory-assistant",
    "default-instances" : 1,
    "default-live-app-name" : "Inventory-assistant",
    "default-live-domain" : "cfapps.us10-001.hana.ondemand.com",
    "default-live-host" : "b6bbf2b9trial-dev-inventory-assistant",
    "default-live-uri" : "b6bbf2b9trial-dev-inventory-assistant.cfapps.us10-001.hana.ondemand.com",
    "default-live-url" : "https://b6bbf2b9trial-dev-inventory-assistant.cfapps.us10-001.hana.ondemand.com",
    "default-uri" : "b6bbf2b9trial-dev-inventory-assistant.cfapps.us10-001.hana.ondemand.com",
    "default-url" : "https://b6bbf2b9trial-dev-inventory-assistant.cfapps.us10-001.hana.ondemand.com",
    "dependency-type" : "soft",
    "disk-quota" : "256M",
    "domain" : "cfapps.us10-001.hana.ondemand.com",
    "generated-password" : "********",
    "generated-user" : "********",
    "host" : "b6bbf2b9trial-dev-inventory-assistant",
    "instances" : 1,
    "keep-existing-routes" : true,
    "memory" : "256M",
    "protocol" : "https"
  },
  "requiredDependencies" : [ {
    "majorSchemaVersion" : 3,
    "name" : "srv-api",
    "group" : "destinations",
    "properties" : {
      "forwardAuthToken" : "********",
      "name" : "srv-api",
      "url" : "https://b6bbf2b9trial-dev-inventory-assistant-srv.cfapps.us10-001.hana.ondemand.com"
    },
    "parameters" : { },
    "propertiesMetadata" : {
      "metadata" : { }
    },
    "parametersMetadata" : {
      "metadata" : { }
    }
  }, {
    "majorSchemaVersion" : 3,
    "name" : "********",
    "properties" : { },
    "parameters" : { },
    "propertiesMetadata" : {
      "metadata" : { }
    },
    "parametersMetadata" : {
      "metadata" : { }
    }
  }, {
    "majorSchemaVersion" : 3,
    "name" : "Inventory-assistant-destination",
    "properties" : { },
    "parameters" : { },
    "propertiesMetadata" : {
      "metadata" : { }
    },
    "parametersMetadata" : {
      "metadata" : { }
    }
  } ],
  "providedDependencies" : [ {
    "majorSchemaVersion" : 3,
    "name" : "app-api",
    "isPublic" : false,
    "properties" : {
      "app-protocol" : "https",
      "app-uri" : "b6bbf2b9trial-dev-inventory-assistant.cfapps.us10-001.hana.ondemand.com"
    },
    "parameters" : { },
    "propertiesMetadata" : {
      "metadata" : { }
    },
    "parametersMetadata" : {
      "metadata" : { }
    }
  }, {
    "majorSchemaVersion" : 3,
    "name" : "Inventory-assistant",
    "isPublic" : false,
    "properties" : { },
    "parameters" : { },
    "propertiesMetadata" : {
      "metadata" : { }
    },
    "parametersMetadata" : {
      "metadata" : { }
    }
  } ],
  "propertiesMetadata" : {
    "metadata" : { }
  },
  "parametersMetadata" : {
    "metadata" : { }
  },
  "deployedAfter" : [ ],
  "hooks" : [ ]
} ]#
#2026 07 16 07:48:15.628#Z#DEBUG#a9262da0-80ea-11f1-b4c6-eeee0a8be332.OPERATION#flowable-async-job-executor-thread-26226#
Step "Compute Next Modules To Deploy" finished#
#2026 07 16 07:48:15.815#Z#DEBUG#a9262da0-80ea-11f1-b4c6-eeee0a8be332.OPERATION#flowable-async-job-executor-thread-26227#
[ProcessDescriptorStep] Executing task "reprocessDescriptorTask" of process "b41629de-80ea-11f1-9ea1-eeee0a8b4756"...#
#2026 07 16 07:48:15.816#Z#DEBUG#a9262da0-80ea-11f1-b4c6-eeee0a8be332.OPERATION#flowable-async-job-executor-thread-26227#
[ProcessDescriptorStep] Resolving properties and parameters in merged descriptor...#
#2026 07 16 07:48:15.822#Z#DEBUG#a9262da0-80ea-11f1-b4c6-eeee0a8be332.OPERATION#flowable-async-job-executor-thread-26227#
[ProcessDescriptorStep] Subscriptions: [ ]#
#2026 07 16 07:48:15.831#Z#DEBUG#a9262da0-80ea-11f1-b4c6-eeee0a8be332.OPERATION#flowable-async-job-executor-thread-26227#
[ProcessDescriptorStep] MTA modules: [Inventory-assistant-srv, Inventory-assistant-db-deployer, Inventory-assistant]#
#2026 07 16 07:48:15.836#Z#DEBUG#a9262da0-80ea-11f1-b4c6-eeee0a8be332.OPERATION#flowable-async-job-executor-thread-26227#
[ProcessDescriptorStep] Resolved deployment descriptor: {
  "majorSchemaVersion" : 3,
  "schemaVersion" : "3.3.0",
  "id" : "Inventory-assistant",
  "version" : "1.0.0",
  "modules" : [ {
    "majorSchemaVersion" : 3,
    "name" : "Inventory-assistant-srv",
    "type" : "javascript.nodejs",
    "path" : "Inventory-assistant-srv",
    "properties" : { },
    "parameters" : {
      "default-url" : "https://b6bbf2b9trial-dev-inventory-assistant-srv.cfapps.us10-001.hana.ondemand.com",
      "default-app-name" : "Inventory-assistant-srv",
      "generated-password" : "********",
      "default-live-url" : "https://b6bbf2b9trial-dev-inventory-assistant-srv.cfapps.us10-001.hana.ondemand.com",
      "default-uri" : "b6bbf2b9trial-dev-inventory-assistant-srv.cfapps.us10-001.hana.ondemand.com",
      "default-instances" : 1,
      "default-live-host" : "b6bbf2b9trial-dev-inventory-assistant-srv",
      "instances" : 1,
      "buildpack" : "nodejs_buildpack",
      "default-host" : "b6bbf2b9trial-dev-inventory-assistant-srv",
      "app-name" : "Inventory-assistant-srv",
      "default-live-uri" : "b6bbf2b9trial-dev-inventory-assistant-srv.cfapps.us10-001.hana.ondemand.com",
      "protocol" : "https",
      "default-live-app-name" : "Inventory-assistant-srv",
      "default-live-domain" : "cfapps.us10-001.hana.ondemand.com",
      "domain" : "cfapps.us10-001.hana.ondemand.com",
      "host" : "b6bbf2b9trial-dev-inventory-assistant-srv",
      "generated-user" : "********"
    },
    "requiredDependencies" : [ {
      "majorSchemaVersion" : 3,
      "name" : "********",
      "properties" : { },
      "parameters" : { },
      "propertiesMetadata" : {
        "metadata" : { }
      },
      "parametersMetadata" : {
        "metadata" : { }
      }
    }, {
      "majorSchemaVersion" : 3,
      "name" : "Inventory-assistant-db",
      "properties" : { },
      "parameters" : { },
      "propertiesMetadata" : {
        "metadata" : { }
      },
      "parametersMetadata" : {
        "metadata" : { }
      }
    }, {
      "majorSchemaVersion" : 3,
      "name" : "Inventory-assistant-connectivity",
      "properties" : { },
      "parameters" : { },
      "propertiesMetadata" : {
        "metadata" : { }
      },
      "parametersMetadata" : {
        "metadata" : { }
      }
    }, {
      "majorSchemaVersion" : 3,
      "name" : "Inventory-assistant-destination",
      "properties" : { },
      "parameters" : { },
      "propertiesMetadata" : {
        "metadata" : { }
      },
      "parametersMetadata" : {
        "metadata" : { }
      }
    } ],
    "providedDependencies" : [ {
      "majorSchemaVersion" : 3,
      "name" : "srv-api",
      "isPublic" : false,
      "properties" : {
        "srv-url" : "https://b6bbf2b9trial-dev-inventory-assistant-srv.cfapps.us10-001.hana.ondemand.com"
      },
      "parameters" : { },
      "propertiesMetadata" : {
        "metadata" : { }
      },
      "parametersMetadata" : {
        "metadata" : { }
      }
    }, {
      "majorSchemaVersion" : 3,
      "name" : "Inventory-assistant-srv",
      "isPublic" : false,
      "properties" : { },
      "parameters" : { },
      "propertiesMetadata" : {
        "metadata" : { }
      },
      "parametersMetadata" : {
        "metadata" : { }
      }
    } ],
    "propertiesMetadata" : {
      "metadata" : { }
    },
    "parametersMetadata" : {
      "metadata" : { }
    },
    "hooks" : [ ]
  }, {
    "majorSchemaVersion" : 3,
    "name" : "Inventory-assistant-db-deployer",
    "type" : "com.sap.xs.hdi",
    "path" : "Inventory-assistant-db-deployer",
    "properties" : {
      "EXIT" : 1
    },
    "parameters" : {
      "default-url" : "https://b6bbf2b9trial-dev-inventory-assistant-db-deployer.cfapps.us10-001.hana.ondemand.com",
      "default-app-name" : "Inventory-assistant-db-deployer",
      "generated-password" : "********",
      "default-live-url" : "https://b6bbf2b9trial-dev-inventory-assistant-db-deployer.cfapps.us10-001.hana.ondemand.com",
      "default-uri" : "b6bbf2b9trial-dev-inventory-assistant-db-deployer.cfapps.us10-001.hana.ondemand.com",
      "memory" : "256M",
      "default-instances" : 1,
      "no-route" : true,
      "default-live-host" : "b6bbf2b9trial-dev-inventory-assistant-db-deployer",
      "instances" : 1,
      "buildpack" : "nodejs_buildpack",
      "default-host" : "b6bbf2b9trial-dev-inventory-assistant-db-deployer",
      "app-name" : "Inventory-assistant-db-deployer",
      "default-live-uri" : "b6bbf2b9trial-dev-inventory-assistant-db-deployer.cfapps.us10-001.hana.ondemand.com",
      "protocol" : "https",
      "default-live-app-name" : "Inventory-assistant-db-deployer",
      "default-live-domain" : "cfapps.us10-001.hana.ondemand.com",
      "dependency-type" : "hard",
      "domain" : "cfapps.us10-001.hana.ondemand.com",
      "host" : "b6bbf2b9trial-dev-inventory-assistant-db-deployer",
      "generated-user" : "********",
      "tasks" : [ {
        "command" : "npm start",
        "memory" : "256M",
        "name" : "deploy"
      } ],
      "no-start" : true
    },
    "requiredDependencies" : [ {
      "majorSchemaVersion" : 3,
      "name" : "Inventory-assistant-db",
      "properties" : { },
      "parameters" : { },
      "propertiesMetadata" : {
        "metadata" : { }
      },
      "parametersMetadata" : {
        "metadata" : { }
      }
    } ],
    "providedDependencies" : [ {
      "majorSchemaVersion" : 3,
      "name" : "Inventory-assistant-db-deployer",
      "isPublic" : false,
      "properties" : { },
      "parameters" : { },
      "propertiesMetadata" : {
        "metadata" : { }
      },
      "parametersMetadata" : {
        "metadata" : { }
      }
    } ],
    "propertiesMetadata" : {
      "metadata" : { }
    },
    "parametersMetadata" : {
      "metadata" : { }
    },
    "hooks" : [ ]
  }, {
    "majorSchemaVersion" : 3,
    "name" : "Inventory-assistant",
    "type" : "javascript.nodejs",
    "path" : "Inventory-assistant",
    "properties" : { },
    "parameters" : {
      "default-url" : "https://b6bbf2b9trial-dev-inventory-assistant.cfapps.us10-001.hana.ondemand.com",
      "default-app-name" : "Inventory-assistant",
      "generated-password" : "********",
      "default-live-url" : "https://b6bbf2b9trial-dev-inventory-assistant.cfapps.us10-001.hana.ondemand.com",
      "default-uri" : "b6bbf2b9trial-dev-inventory-assistant.cfapps.us10-001.hana.ondemand.com",
      "memory" : "256M",
      "default-instances" : 1,
      "default-live-host" : "b6bbf2b9trial-dev-inventory-assistant",
      "instances" : 1,
      "default-host" : "b6bbf2b9trial-dev-inventory-assistant",
      "keep-existing-routes" : true,
      "app-name" : "Inventory-assistant",
      "default-live-uri" : "b6bbf2b9trial-dev-inventory-assistant.cfapps.us10-001.hana.ondemand.com",
      "protocol" : "https",
      "default-live-app-name" : "Inventory-assistant",
      "default-live-domain" : "cfapps.us10-001.hana.ondemand.com",
      "disk-quota" : "256M",
      "domain" : "cfapps.us10-001.hana.ondemand.com",
      "host" : "b6bbf2b9trial-dev-inventory-assistant",
      "generated-user" : "********"
    },
    "requiredDependencies" : [ {
      "majorSchemaVersion" : 3,
      "name" : "srv-api",
      "group" : "destinations",
      "properties" : {
        "name" : "srv-api",
        "forwardAuthToken" : "********",
        "url" : "https://b6bbf2b9trial-dev-inventory-assistant-srv.cfapps.us10-001.hana.ondemand.com"
      },
      "parameters" : { },
      "propertiesMetadata" : {
        "metadata" : { }
      },
      "parametersMetadata" : {
        "metadata" : { }
      }
    }, {
      "majorSchemaVersion" : 3,
      "name" : "********",
      "properties" : { },
      "parameters" : { },
      "propertiesMetadata" : {
        "metadata" : { }
      },
      "parametersMetadata" : {
        "metadata" : { }
      }
    }, {
      "majorSchemaVersion" : 3,
      "name" : "Inventory-assistant-destination",
      "properties" : { },
      "parameters" : { },
      "propertiesMetadata" : {
        "metadata" : { }
      },
      "parametersMetadata" : {
        "metadata" : { }
      }
    } ],
    "providedDependencies" : [ {
      "majorSchemaVersion" : 3,
      "name" : "app-api",
      "isPublic" : false,
      "properties" : {
        "app-protocol" : "https",
        "app-uri" : "b6bbf2b9trial-dev-inventory-assistant.cfapps.us10-001.hana.ondemand.com"
      },
      "parameters" : { },
      "propertiesMetadata" : {
        "metadata" : { }
      },
      "parametersMetadata" : {
        "metadata" : { }
      }
    }, {
      "majorSchemaVersion" : 3,
      "name" : "Inventory-assistant",
      "isPublic" : false,
      "properties" : { },
      "parameters" : { },
      "propertiesMetadata" : {
        "metadata" : { }
      },
      "parametersMetadata" : {
        "metadata" : { }
      }
    } ],
    "propertiesMetadata" : {
      "metadata" : { }
    },
    "parametersMetadata" : {
      "metadata" : { }
    },
    "hooks" : [ ]
  } ],
  "resources" : [ {
    "majorSchemaVersion" : 3,
    "name" : "********",
    "type" : "org.cloudfoundry.managed-service",
    "properties" : { },
    "parameters" : {
      "generated-password" : "********",
      "path" : "./xs-security.json",
      "service-name" : "********",
      "service-plan" : "application",
      "service" : "xsuaa",
      "generated-user" : "********",
      "default-xsappname" : "********",
      "type" : "managed-service",
      "config" : {
        "oauth2-configuration" : "********",
        "tenant-mode" : "dedicated",
        "xsappname" : "Inventory-assistant-b6bbf2b9trial-dev"
      },
      "default-service-name" : "********",
      "default-container-name" : "********"
    },
    "isActive" : true,
    "isOptional" : false,
    "propertiesMetadata" : {
      "metadata" : { }
    },
    "parametersMetadata" : {
      "metadata" : { }
    },
    "requiredDependencies" : [ {
      "majorSchemaVersion" : 3,
      "name" : "app-api",
      "properties" : { },
      "parameters" : { },
      "propertiesMetadata" : {
        "metadata" : { }
      },
      "parametersMetadata" : {
        "metadata" : { }
      }
    } ],
    "processedAfter" : [ ]
  }, {
    "majorSchemaVersion" : 3,
    "name" : "Inventory-assistant-db",
    "type" : "com.sap.xs.hdi-container",
    "properties" : { },
    "parameters" : {
      "generated-password" : "********",
      "service-name" : "Inventory-assistant-db",
      "service-plan" : "hdi-shared",
      "service" : "hana",
      "generated-user" : "********",
      "default-xsappname" : "Inventory-assistant-db",
      "type" : "managed-service",
      "default-service-name" : "Inventory-assistant-db",
      "default-container-name" : "B6BBF2B9TRIAL_DEV_INVENTORY_ASSISTANT_DB"
    },
    "isActive" : true,
    "isOptional" : false,
    "propertiesMetadata" : {
      "metadata" : { }
    },
    "parametersMetadata" : {
      "metadata" : { }
    },
    "requiredDependencies" : [ ],
    "processedAfter" : [ ]
  }, {
    "majorSchemaVersion" : 3,
    "name" : "Inventory-assistant-connectivity",
    "type" : "org.cloudfoundry.managed-service",
    "properties" : { },
    "parameters" : {
      "generated-password" : "********",
      "service-name" : "Inventory-assistant-connectivity",
      "service-plan" : "lite",
      "service" : "connectivity",
      "generated-user" : "********",
      "default-xsappname" : "Inventory-assistant-connectivity",
      "type" : "managed-service",
      "default-service-name" : "Inventory-assistant-connectivity",
      "default-container-name" : "B6BBF2B9TRIAL_DEV_INVENTORY_ASSISTANT_CONNECTIVITY"
    },
    "isActive" : true,
    "isOptional" : false,
    "propertiesMetadata" : {
      "metadata" : { }
    },
    "parametersMetadata" : {
      "metadata" : { }
    },
    "requiredDependencies" : [ ],
    "processedAfter" : [ ]
  }, {
    "majorSchemaVersion" : 3,
    "name" : "Inventory-assistant-destination",
    "type" : "org.cloudfoundry.managed-service",
    "properties" : { },
    "parameters" : {
      "generated-password" : "********",
      "service-name" : "Inventory-assistant-destination",
      "service-plan" : "lite",
      "service" : "destination",
      "generated-user" : "********",
      "default-xsappname" : "Inventory-assistant-destination",
      "type" : "managed-service",
      "default-service-name" : "Inventory-assistant-destination",
      "default-container-name" : "B6BBF2B9TRIAL_DEV_INVENTORY_ASSISTANT_DESTINATION"
    },
    "isActive" : true,
    "isOptional" : false,
    "propertiesMetadata" : {
      "metadata" : { }
    },
    "parametersMetadata" : {
      "metadata" : { }
    },
    "requiredDependencies" : [ ],
    "processedAfter" : [ ]
  } ],
  "parameters" : {
    "mta-id" : "Inventory-assistant",
    "authorization-url" : "********",
    "org-guid" : "21d35fcb-97d5-491b-8035-d8ae87309fad",
    "org" : "b6bbf2b9trial",
    "deploy-target" : "b6bbf2b9trial dev",
    "enable-parallel-deployments" : true,
    "region-primary-domain" : "us10.hana.ondemand.com",
    "space" : "dev",
    "region-domain" : "us10-001.hana.ondemand.com",
    "xs-api-url" : "https://api.cf.us10-001.hana.ondemand.com",
    "deploy-url" : "deploy-service.cfapps.us10-001.hana.ondemand.com",
    "xs-type" : "CF",
    "default-domain" : "cfapps.us10-001.hana.ondemand.com",
    "mta-version" : "1.0.0",
    "xs-auth-url" : "********",
    "space-guid" : "d36d3dbf-9d83-4ee0-8d50-d5ad45be3f2a",
    "user" : "********",
    "controller-url" : "https://api.cf.us10-001.hana.ondemand.com",
    "timestamp" : "20260716074757"
  },
  "parametersMetadata" : {
    "metadata" : { }
  }
}#
#2026 07 16 07:48:15.836#Z#DEBUG#a9262da0-80ea-11f1-b4c6-eeee0a8be332.OPERATION#flowable-async-job-executor-thread-26227#
[ProcessDescriptorStep] Merged descriptor properties and parameters resolved#
#2026 07 16 07:48:15.836#Z#DEBUG#a9262da0-80ea-11f1-b4c6-eeee0a8be332.OPERATION#flowable-async-job-executor-thread-26227#
Step "Re-Process Descriptor Step" finished#
#2026 07 16 07:48:15.878#Z#DEBUG#a9262da0-80ea-11f1-b4c6-eeee0a8be332.OPERATION#flowable-async-job-executor-thread-26227#
[BuildApplicationDeployModelStep] Executing task "buildApplicationDeployModelTask" of process "b41629de-80ea-11f1-9ea1-eeee0a8b4756"...#
#2026 07 16 07:48:15.882#Z#DEBUG#a9262da0-80ea-11f1-b4c6-eeee0a8be332.OPERATION#flowable-async-job-executor-thread-26227#
[BuildApplicationDeployModelStep] Building cloud deployment model for application "Inventory-assistant-srv"...#
#2026 07 16 07:48:15.889#Z#DEBUG#a9262da0-80ea-11f1-b4c6-eeee0a8be332.OPERATION#flowable-async-job-executor-thread-26227#
[BuildApplicationDeployModelStep] No health-check-type is specified. Setting default type: port#
#2026 07 16 07:48:15.890#Z#INFO#a9262da0-80ea-11f1-b4c6-eeee0a8be332.OPERATION#flowable-async-job-executor-thread-26227#
[BuildApplicationDeployModelStep] Building configuration entries for org b6bbf2b9trial, space dev, spaceId d36d3dbf-9d83-4ee0-8d50-d5ad45be3f2a and namespace null!#
#2026 07 16 07:48:15.891#Z#DEBUG#a9262da0-80ea-11f1-b4c6-eeee0a8be332.OPERATION#flowable-async-job-executor-thread-26227#
[BuildApplicationDeployModelStep] Configuration entries to publish: [ ]#
#2026 07 16 07:48:15.891#Z#DEBUG#a9262da0-80ea-11f1-b4c6-eeee0a8be332.OPERATION#flowable-async-job-executor-thread-26227#
[BuildApplicationDeployModelStep] Cloud deployment model for application built#
#2026 07 16 07:48:15.891#Z#DEBUG#a9262da0-80ea-11f1-b4c6-eeee0a8be332.OPERATION#flowable-async-job-executor-thread-26227#
Step "Build Application Deploy Model" finished#
#2026 07 16 07:48:15.939#Z#DEBUG#a9262da0-80ea-11f1-b4c6-eeee0a8be332.OPERATION#flowable-async-job-executor-thread-26227#
[CreateOrUpdateAppStep] Executing task "createAppTask" of process "b41629de-80ea-11f1-9ea1-eeee0a8b4756"...#
#2026 07 16 07:48:15.941#Z#DEBUG#a9262da0-80ea-11f1-b4c6-eeee0a8be332.OPERATION#flowable-async-job-executor-thread-26227#
[CreateOrUpdateAppStep] Getting application "Inventory-assistant-srv"...#
#2026 07 16 07:48:15.966#Z#INFO#a9262da0-80ea-11f1-b4c6-eeee0a8be332.OPERATION#flowable-async-job-executor-thread-26227#
[CreateOrUpdateAppStep] Creating application "Inventory-assistant-srv" from MTA module "Inventory-assistant-srv"...#
#2026 07 16 07:48:15.974#Z#DEBUG#a9262da0-80ea-11f1-b4c6-eeee0a8be332.OPERATION#flowable-async-job-executor-thread-26227#
[CreateOrUpdateAppStep] Creating application "Inventory-assistant-srv" with disk "null" memory "null", URIs "b6bbf2b9trial-dev-inventory-assistant-srv.cfapps.us10-001.hana.ondemand.com" and staging: "{
  "buildpacks" : [ "nodejs_buildpack" ],
  "healthCheckType" : "port",
  "appFeatures" : { }
}"#
#2026 07 16 07:48:16.406#Z#DEBUG#a9262da0-80ea-11f1-b4c6-eeee0a8be332.OPERATION#flowable-async-job-executor-thread-26227#
[CreateOrUpdateAppStep] Application "Inventory-assistant-srv" created#
#2026 07 16 07:48:16.406#Z#DEBUG#a9262da0-80ea-11f1-b4c6-eeee0a8be332.OPERATION#flowable-async-job-executor-thread-26227#
Step "Create App" finished#
#2026 07 16 07:48:16.526#Z#DEBUG#a9262da0-80ea-11f1-b4c6-eeee0a8be332.OPERATION#flowable-async-job-executor-thread-26221#
[CheckServiceBindingOperationStep] Executing task "checkForServiceBindingOperationInProgress" of process "b489104b-80ea-11f1-9ea1-eeee0a8b4756"...#
#2026 07 16 07:48:16.526#Z#DEBUG#a9262da0-80ea-11f1-b4c6-eeee0a8be332.OPERATION#flowable-async-job-executor-thread-26221#
[CheckServiceBindingOperationStep] Checking for service binding operation in progress between app "Inventory-assistant-srv" and service instance "Inventory-assistant-connectivity"#
#2026 07 16 07:48:16.527#Z#DEBUG#a9262da0-80ea-11f1-b4c6-eeee0a8be332.OPERATION#flowable-async-job-executor-thread-26221#
[CheckServiceBindingOperationStep] Getting application guid "Inventory-assistant-srv"...#
#2026 07 16 07:48:16.564#Z#DEBUG#a9262da0-80ea-11f1-b4c6-eeee0a8be332.OPERATION#flowable-async-job-executor-thread-26221#
[CheckServiceBindingOperationStep] Getting GUID of required service instance "Inventory-assistant-connectivity"...#
#2026 07 16 07:48:16.599#Z#DEBUG#a9262da0-80ea-11f1-b4c6-eeee0a8be332.OPERATION#flowable-async-job-executor-thread-26221#
[CheckServiceBindingOperationStep] Getting binding of service instance "40ddf7f1-df3d-410d-9eec-0e304f614d64" with application "55452eb1-268d-4f32-9a08-a67bae3cbd50"...#
#2026 07 16 07:48:16.620#Z#DEBUG#a9262da0-80ea-11f1-b4c6-eeee0a8be332.OPERATION#flowable-async-job-executor-thread-26221#
Step "Check For Service Binding Operation In Progress" finished#
#2026 07 16 07:48:16.660#Z#DEBUG#a9262da0-80ea-11f1-b4c6-eeee0a8be332.OPERATION#flowable-async-job-executor-thread-26221#
[DetermineApplicationServiceBindingActionsStep] Executing task "determineApplicationServiceBindingActionsTask" of process "b489104b-80ea-11f1-9ea1-eeee0a8b4756"...#
#2026 07 16 07:48:16.663#Z#DEBUG#a9262da0-80ea-11f1-b4c6-eeee0a8be332.OPERATION#flowable-async-job-executor-thread-26221#
[DetermineApplicationServiceBindingActionsStep] Determine bind/unbind operations of application "Inventory-assistant-srv" to service instance "Inventory-assistant-connectivity"#
#2026 07 16 07:48:16.663#Z#DEBUG#a9262da0-80ea-11f1-b4c6-eeee0a8be332.OPERATION#flowable-async-job-executor-thread-26221#
[DetermineApplicationServiceBindingActionsStep] Getting application "Inventory-assistant-srv"...#
#2026 07 16 07:48:16.702#Z#DEBUG#a9262da0-80ea-11f1-b4c6-eeee0a8be332.OPERATION#flowable-async-job-executor-thread-26221#
[DetermineApplicationServiceBindingActionsStep] Binding parameters for application "Inventory-assistant-srv": { }#
#2026 07 16 07:48:16.724#Z#DEBUG#a9262da0-80ea-11f1-b4c6-eeee0a8be332.OPERATION#flowable-async-job-executor-thread-26221#
[DetermineApplicationServiceBindingActionsStep] Calculated binding operations between application "Inventory-assistant-srv" and service instance "Inventory-assistant-connectivity": unbind - false bind - true#
#2026 07 16 07:48:16.724#Z#DEBUG#a9262da0-80ea-11f1-b4c6-eeee0a8be332.OPERATION#flowable-async-job-executor-thread-26221#
Step "Determine Application Service Binding Actions" finished#
#2026 07 16 07:48:16.774#Z#DEBUG#a9262da0-80ea-11f1-b4c6-eeee0a8be332.OPERATION#flowable-async-job-executor-thread-26224#
[BindServiceToApplicationStep] Executing task "bindServiceToApplicationTask" of process "b489104b-80ea-11f1-9ea1-eeee0a8b4756"...#
#2026 07 16 07:48:16.776#Z#INFO#a9262da0-80ea-11f1-b4c6-eeee0a8be332.OPERATION#flowable-async-job-executor-thread-26224#
[BindServiceToApplicationStep] Binding service instance "Inventory-assistant-connectivity" to application "Inventory-assistant-srv"...#
#2026 07 16 07:48:16.784#Z#DEBUG#a9262da0-80ea-11f1-b4c6-eeee0a8be332.OPERATION#flowable-async-job-executor-thread-26224#
[BindServiceToApplicationStep] Binding service instance "Inventory-assistant-connectivity" to application "Inventory-assistant-srv" with parameters: { }#
#2026 07 16 07:48:16.898#Z#DEBUG#a9262da0-80ea-11f1-b4c6-eeee0a8be332.OPERATION#flowable-async-job-executor-thread-26224#
Step "Bind Service to Application" finished#
#2026 07 16 07:48:16.933#Z#DEBUG#a9262da0-80ea-11f1-b4c6-eeee0a8be332.OPERATION#flowable-async-job-executor-thread-42523#
[ProcessDescriptorStep] Executing task "reprocessDescriptorTask" of process "b4c18572-80ea-11f1-b4c6-eeee0a8be332"...#
#2026 07 16 07:48:16.933#Z#DEBUG#a9262da0-80ea-11f1-b4c6-eeee0a8be332.OPERATION#flowable-async-job-executor-thread-42523#
[ProcessDescriptorStep] Resolving properties and parameters in merged descriptor...#
#2026 07 16 07:48:16.936#Z#DEBUG#a9262da0-80ea-11f1-b4c6-eeee0a8be332.OPERATION#flowable-async-job-executor-thread-42523#
[ProcessDescriptorStep] Subscriptions: [ ]#
#2026 07 16 07:48:16.942#Z#DEBUG#a9262da0-80ea-11f1-b4c6-eeee0a8be332.OPERATION#flowable-async-job-executor-thread-42523#
[ProcessDescriptorStep] MTA modules: [Inventory-assistant-srv, Inventory-assistant-db-deployer, Inventory-assistant]#
#2026 07 16 07:48:16.945#Z#DEBUG#a9262da0-80ea-11f1-b4c6-eeee0a8be332.OPERATION#flowable-async-job-executor-thread-42523#
[ProcessDescriptorStep] Resolved deployment descriptor: {
  "majorSchemaVersion" : 3,
  "schemaVersion" : "3.3.0",
  "id" : "Inventory-assistant",
  "version" : "1.0.0",
  "modules" : [ {
    "majorSchemaVersion" : 3,
    "name" : "Inventory-assistant-srv",
    "type" : "javascript.nodejs",
    "path" : "Inventory-assistant-srv",
    "properties" : { },
    "parameters" : {
      "default-url" : "https://b6bbf2b9trial-dev-inventory-assistant-srv.cfapps.us10-001.hana.ondemand.com",
      "default-app-name" : "Inventory-assistant-srv",
      "generated-password" : "********",
      "default-live-url" : "https://b6bbf2b9trial-dev-inventory-assistant-srv.cfapps.us10-001.hana.ondemand.com",
      "default-uri" : "b6bbf2b9trial-dev-inventory-assistant-srv.cfapps.us10-001.hana.ondemand.com",
      "default-instances" : 1,
      "default-live-host" : "b6bbf2b9trial-dev-inventory-assistant-srv",
      "instances" : 1,
      "buildpack" : "nodejs_buildpack",
      "default-host" : "b6bbf2b9trial-dev-inventory-assistant-srv",
      "app-name" : "Inventory-assistant-srv",
      "default-live-uri" : "b6bbf2b9trial-dev-inventory-assistant-srv.cfapps.us10-001.hana.ondemand.com",
      "protocol" : "https",
      "default-live-app-name" : "Inventory-assistant-srv",
      "default-live-domain" : "cfapps.us10-001.hana.ondemand.com",
      "domain" : "cfapps.us10-001.hana.ondemand.com",
      "host" : "b6bbf2b9trial-dev-inventory-assistant-srv",
      "generated-user" : "********"
    },
    "requiredDependencies" : [ {
      "majorSchemaVersion" : 3,
      "name" : "********",
      "properties" : { },
      "parameters" : { },
      "propertiesMetadata" : {
        "metadata" : { }
      },
      "parametersMetadata" : {
        "metadata" : { }
      }
    }, {
      "majorSchemaVersion" : 3,
      "name" : "Inventory-assistant-db",
      "properties" : { },
      "parameters" : { },
      "propertiesMetadata" : {
        "metadata" : { }
      },
      "parametersMetadata" : {
        "metadata" : { }
      }
    }, {
      "majorSchemaVersion" : 3,
      "name" : "Inventory-assistant-connectivity",
      "properties" : { },
      "parameters" : { },
      "propertiesMetadata" : {
        "metadata" : { }
      },
      "parametersMetadata" : {
        "metadata" : { }
      }
    }, {
      "majorSchemaVersion" : 3,
      "name" : "Inventory-assistant-destination",
      "properties" : { },
      "parameters" : { },
      "propertiesMetadata" : {
        "metadata" : { }
      },
      "parametersMetadata" : {
        "metadata" : { }
      }
    } ],
    "providedDependencies" : [ {
      "majorSchemaVersion" : 3,
      "name" : "srv-api",
      "isPublic" : false,
      "properties" : {
        "srv-url" : "https://b6bbf2b9trial-dev-inventory-assistant-srv.cfapps.us10-001.hana.ondemand.com"
      },
      "parameters" : { },
      "propertiesMetadata" : {
        "metadata" : { }
      },
      "parametersMetadata" : {
        "metadata" : { }
      }
    }, {
      "majorSchemaVersion" : 3,
      "name" : "Inventory-assistant-srv",
      "isPublic" : false,
      "properties" : { },
      "parameters" : { },
      "propertiesMetadata" : {
        "metadata" : { }
      },
      "parametersMetadata" : {
        "metadata" : { }
      }
    } ],
    "propertiesMetadata" : {
      "metadata" : { }
    },
    "parametersMetadata" : {
      "metadata" : { }
    },
    "hooks" : [ ]
  }, {
    "majorSchemaVersion" : 3,
    "name" : "Inventory-assistant-db-deployer",
    "type" : "com.sap.xs.hdi",
    "path" : "Inventory-assistant-db-deployer",
    "properties" : {
      "EXIT" : 1
    },
    "parameters" : {
      "default-url" : "https://b6bbf2b9trial-dev-inventory-assistant-db-deployer.cfapps.us10-001.hana.ondemand.com",
      "default-app-name" : "Inventory-assistant-db-deployer",
      "generated-password" : "********",
      "default-live-url" : "https://b6bbf2b9trial-dev-inventory-assistant-db-deployer.cfapps.us10-001.hana.ondemand.com",
      "default-uri" : "b6bbf2b9trial-dev-inventory-assistant-db-deployer.cfapps.us10-001.hana.ondemand.com",
      "memory" : "256M",
      "default-instances" : 1,
      "no-route" : true,
      "default-live-host" : "b6bbf2b9trial-dev-inventory-assistant-db-deployer",
      "instances" : 1,
      "buildpack" : "nodejs_buildpack",
      "default-host" : "b6bbf2b9trial-dev-inventory-assistant-db-deployer",
      "app-name" : "Inventory-assistant-db-deployer",
      "default-live-uri" : "b6bbf2b9trial-dev-inventory-assistant-db-deployer.cfapps.us10-001.hana.ondemand.com",
      "protocol" : "https",
      "default-live-app-name" : "Inventory-assistant-db-deployer",
      "default-live-domain" : "cfapps.us10-001.hana.ondemand.com",
      "dependency-type" : "hard",
      "domain" : "cfapps.us10-001.hana.ondemand.com",
      "host" : "b6bbf2b9trial-dev-inventory-assistant-db-deployer",
      "generated-user" : "********",
      "tasks" : [ {
        "command" : "npm start",
        "memory" : "256M",
        "name" : "deploy"
      } ],
      "no-start" : true
    },
    "requiredDependencies" : [ {
      "majorSchemaVersion" : 3,
      "name" : "Inventory-assistant-db",
      "properties" : { },
      "parameters" : { },
      "propertiesMetadata" : {
        "metadata" : { }
      },
      "parametersMetadata" : {
        "metadata" : { }
      }
    } ],
    "providedDependencies" : [ {
      "majorSchemaVersion" : 3,
      "name" : "Inventory-assistant-db-deployer",
      "isPublic" : false,
      "properties" : { },
      "parameters" : { },
      "propertiesMetadata" : {
        "metadata" : { }
      },
      "parametersMetadata" : {
        "metadata" : { }
      }
    } ],
    "propertiesMetadata" : {
      "metadata" : { }
    },
    "parametersMetadata" : {
      "metadata" : { }
    },
    "hooks" : [ ]
  }, {
    "majorSchemaVersion" : 3,
    "name" : "Inventory-assistant",
    "type" : "javascript.nodejs",
    "path" : "Inventory-assistant",
    "properties" : { },
    "parameters" : {
      "default-url" : "https://b6bbf2b9trial-dev-inventory-assistant.cfapps.us10-001.hana.ondemand.com",
      "default-app-name" : "Inventory-assistant",
      "generated-password" : "********",
      "default-live-url" : "https://b6bbf2b9trial-dev-inventory-assistant.cfapps.us10-001.hana.ondemand.com",
      "default-uri" : "b6bbf2b9trial-dev-inventory-assistant.cfapps.us10-001.hana.ondemand.com",
      "memory" : "256M",
      "default-instances" : 1,
      "default-live-host" : "b6bbf2b9trial-dev-inventory-assistant",
      "instances" : 1,
      "default-host" : "b6bbf2b9trial-dev-inventory-assistant",
      "keep-existing-routes" : true,
      "app-name" : "Inventory-assistant",
      "default-live-uri" : "b6bbf2b9trial-dev-inventory-assistant.cfapps.us10-001.hana.ondemand.com",
      "protocol" : "https",
      "default-live-app-name" : "Inventory-assistant",
      "default-live-domain" : "cfapps.us10-001.hana.ondemand.com",
      "disk-quota" : "256M",
      "domain" : "cfapps.us10-001.hana.ondemand.com",
      "host" : "b6bbf2b9trial-dev-inventory-assistant",
      "generated-user" : "********"
    },
    "requiredDependencies" : [ {
      "majorSchemaVersion" : 3,
      "name" : "srv-api",
      "group" : "destinations",
      "properties" : {
        "name" : "srv-api",
        "forwardAuthToken" : "********",
        "url" : "https://b6bbf2b9trial-dev-inventory-assistant-srv.cfapps.us10-001.hana.ondemand.com"
      },
      "parameters" : { },
      "propertiesMetadata" : {
        "metadata" : { }
      },
      "parametersMetadata" : {
        "metadata" : { }
      }
    }, {
      "majorSchemaVersion" : 3,
      "name" : "********",
      "properties" : { },
      "parameters" : { },
      "propertiesMetadata" : {
        "metadata" : { }
      },
      "parametersMetadata" : {
        "metadata" : { }
      }
    }, {
      "majorSchemaVersion" : 3,
      "name" : "Inventory-assistant-destination",
      "properties" : { },
      "parameters" : { },
      "propertiesMetadata" : {
        "metadata" : { }
      },
      "parametersMetadata" : {
        "metadata" : { }
      }
    } ],
    "providedDependencies" : [ {
      "majorSchemaVersion" : 3,
      "name" : "app-api",
      "isPublic" : false,
      "properties" : {
        "app-protocol" : "https",
        "app-uri" : "b6bbf2b9trial-dev-inventory-assistant.cfapps.us10-001.hana.ondemand.com"
      },
      "parameters" : { },
      "propertiesMetadata" : {
        "metadata" : { }
      },
      "parametersMetadata" : {
        "metadata" : { }
      }
    }, {
      "majorSchemaVersion" : 3,
      "name" : "Inventory-assistant",
      "isPublic" : false,
      "properties" : { },
      "parameters" : { },
      "propertiesMetadata" : {
        "metadata" : { }
      },
      "parametersMetadata" : {
        "metadata" : { }
      }
    } ],
    "propertiesMetadata" : {
      "metadata" : { }
    },
    "parametersMetadata" : {
      "metadata" : { }
    },
    "hooks" : [ ]
  } ],
  "resources" : [ {
    "majorSchemaVersion" : 3,
    "name" : "********",
    "type" : "org.cloudfoundry.managed-service",
    "properties" : { },
    "parameters" : {
      "generated-password" : "********",
      "path" : "./xs-security.json",
      "service-name" : "********",
      "service-plan" : "application",
      "service" : "xsuaa",
      "generated-user" : "********",
      "default-xsappname" : "********",
      "type" : "managed-service",
      "config" : {
        "oauth2-configuration" : "********",
        "tenant-mode" : "dedicated",
        "xsappname" : "Inventory-assistant-b6bbf2b9trial-dev"
      },
      "default-service-name" : "********",
      "default-container-name" : "********"
    },
    "isActive" : true,
    "isOptional" : false,
    "propertiesMetadata" : {
      "metadata" : { }
    },
    "parametersMetadata" : {
      "metadata" : { }
    },
    "requiredDependencies" : [ {
      "majorSchemaVersion" : 3,
      "name" : "app-api",
      "properties" : { },
      "parameters" : { },
      "propertiesMetadata" : {
        "metadata" : { }
      },
      "parametersMetadata" : {
        "metadata" : { }
      }
    } ],
    "processedAfter" : [ ]
  }, {
    "majorSchemaVersion" : 3,
    "name" : "Inventory-assistant-db",
    "type" : "com.sap.xs.hdi-container",
    "properties" : { },
    "parameters" : {
      "generated-password" : "********",
      "service-name" : "Inventory-assistant-db",
      "service-plan" : "hdi-shared",
      "service" : "hana",
      "generated-user" : "********",
      "default-xsappname" : "Inventory-assistant-db",
      "type" : "managed-service",
      "default-service-name" : "Inventory-assistant-db",
      "default-container-name" : "B6BBF2B9TRIAL_DEV_INVENTORY_ASSISTANT_DB"
    },
    "isActive" : true,
    "isOptional" : false,
    "propertiesMetadata" : {
      "metadata" : { }
    },
    "parametersMetadata" : {
      "metadata" : { }
    },
    "requiredDependencies" : [ ],
    "processedAfter" : [ ]
  }, {
    "majorSchemaVersion" : 3,
    "name" : "Inventory-assistant-connectivity",
    "type" : "org.cloudfoundry.managed-service",
    "properties" : { },
    "parameters" : {
      "generated-password" : "********",
      "service-name" : "Inventory-assistant-connectivity",
      "service-plan" : "lite",
      "service" : "connectivity",
      "generated-user" : "********",
      "default-xsappname" : "Inventory-assistant-connectivity",
      "type" : "managed-service",
      "default-service-name" : "Inventory-assistant-connectivity",
      "default-container-name" : "B6BBF2B9TRIAL_DEV_INVENTORY_ASSISTANT_CONNECTIVITY"
    },
    "isActive" : true,
    "isOptional" : false,
    "propertiesMetadata" : {
      "metadata" : { }
    },
    "parametersMetadata" : {
      "metadata" : { }
    },
    "requiredDependencies" : [ ],
    "processedAfter" : [ ]
  }, {
    "majorSchemaVersion" : 3,
    "name" : "Inventory-assistant-destination",
    "type" : "org.cloudfoundry.managed-service",
    "properties" : { },
    "parameters" : {
      "generated-password" : "********",
      "service-name" : "Inventory-assistant-destination",
      "service-plan" : "lite",
      "service" : "destination",
      "generated-user" : "********",
      "default-xsappname" : "Inventory-assistant-destination",
      "type" : "managed-service",
      "default-service-name" : "Inventory-assistant-destination",
      "default-container-name" : "B6BBF2B9TRIAL_DEV_INVENTORY_ASSISTANT_DESTINATION"
    },
    "isActive" : true,
    "isOptional" : false,
    "propertiesMetadata" : {
      "metadata" : { }
    },
    "parametersMetadata" : {
      "metadata" : { }
    },
    "requiredDependencies" : [ ],
    "processedAfter" : [ ]
  } ],
  "parameters" : {
    "mta-id" : "Inventory-assistant",
    "authorization-url" : "********",
    "org-guid" : "21d35fcb-97d5-491b-8035-d8ae87309fad",
    "org" : "b6bbf2b9trial",
    "deploy-target" : "b6bbf2b9trial dev",
    "enable-parallel-deployments" : true,
    "region-primary-domain" : "us10.hana.ondemand.com",
    "space" : "dev",
    "region-domain" : "us10-001.hana.ondemand.com",
    "xs-api-url" : "https://api.cf.us10-001.hana.ondemand.com",
    "deploy-url" : "deploy-service.cfapps.us10-001.hana.ondemand.com",
    "xs-type" : "CF",
    "default-domain" : "cfapps.us10-001.hana.ondemand.com",
    "mta-version" : "1.0.0",
    "xs-auth-url" : "********",
    "space-guid" : "d36d3dbf-9d83-4ee0-8d50-d5ad45be3f2a",
    "user" : "********",
    "controller-url" : "https://api.cf.us10-001.hana.ondemand.com",
    "timestamp" : "20260716074757"
  },
  "parametersMetadata" : {
    "metadata" : { }
  }
}#
#2026 07 16 07:48:16.945#Z#DEBUG#a9262da0-80ea-11f1-b4c6-eeee0a8be332.OPERATION#flowable-async-job-executor-thread-42523#
[ProcessDescriptorStep] Merged descriptor properties and parameters resolved#
#2026 07 16 07:48:16.945#Z#DEBUG#a9262da0-80ea-11f1-b4c6-eeee0a8be332.OPERATION#flowable-async-job-executor-thread-42523#
Step "Re-Process Descriptor Step" finished#
#2026 07 16 07:48:16.857#Z#DEBUG#a9262da0-80ea-11f1-b4c6-eeee0a8be332.OPERATION#flowable-async-job-executor-thread-42528#
[CheckServiceBindingOperationStep] Executing task "checkForServiceBindingOperationInProgress" of process "b4baa7fe-80ea-11f1-b4c6-eeee0a8be332"...#
#2026 07 16 07:48:16.858#Z#DEBUG#a9262da0-80ea-11f1-b4c6-eeee0a8be332.OPERATION#flowable-async-job-executor-thread-42528#
[CheckServiceBindingOperationStep] Checking for service binding operation in progress between app "Inventory-assistant-srv" and service instance "Inventory-assistant-auth"#
#2026 07 16 07:48:16.858#Z#DEBUG#a9262da0-80ea-11f1-b4c6-eeee0a8be332.OPERATION#flowable-async-job-executor-thread-42528#
[CheckServiceBindingOperationStep] Getting application guid "Inventory-assistant-srv"...#
#2026 07 16 07:48:16.892#Z#DEBUG#a9262da0-80ea-11f1-b4c6-eeee0a8be332.OPERATION#flowable-async-job-executor-thread-42528#
[CheckServiceBindingOperationStep] Getting GUID of required service instance "Inventory-assistant-auth"...#
#2026 07 16 07:48:16.917#Z#DEBUG#a9262da0-80ea-11f1-b4c6-eeee0a8be332.OPERATION#flowable-async-job-executor-thread-42524#
[CheckServiceBindingOperationStep] Executing task "checkForServiceBindingOperationInProgress" of process "b4c3cf8c-80ea-11f1-b4c6-eeee0a8be332"...#
#2026 07 16 07:48:16.917#Z#DEBUG#a9262da0-80ea-11f1-b4c6-eeee0a8be332.OPERATION#flowable-async-job-executor-thread-42524#
[CheckServiceBindingOperationStep] Checking for service binding operation in progress between app "Inventory-assistant-srv" and service instance "Inventory-assistant-destination"#
#2026 07 16 07:48:16.917#Z#DEBUG#a9262da0-80ea-11f1-b4c6-eeee0a8be332.OPERATION#flowable-async-job-executor-thread-42524#
[CheckServiceBindingOperationStep] Getting application guid "Inventory-assistant-srv"...#
#2026 07 16 07:48:16.929#Z#DEBUG#a9262da0-80ea-11f1-b4c6-eeee0a8be332.OPERATION#flowable-async-job-executor-thread-42528#
[CheckServiceBindingOperationStep] Getting binding of service instance "dbc2f3c8-58ee-4c72-a0ca-26aa785ebd53" with application "55452eb1-268d-4f32-9a08-a67bae3cbd50"...#
#2026 07 16 07:48:16.946#Z#DEBUG#a9262da0-80ea-11f1-b4c6-eeee0a8be332.OPERATION#flowable-async-job-executor-thread-42524#
[CheckServiceBindingOperationStep] Getting GUID of required service instance "Inventory-assistant-destination"...#
#2026 07 16 07:48:16.954#Z#DEBUG#a9262da0-80ea-11f1-b4c6-eeee0a8be332.OPERATION#flowable-async-job-executor-thread-42528#
Step "Check For Service Binding Operation In Progress" finished#
#2026 07 16 07:48:16.977#Z#DEBUG#a9262da0-80ea-11f1-b4c6-eeee0a8be332.OPERATION#flowable-async-job-executor-thread-42523#
[BuildApplicationDeployModelStep] Executing task "buildApplicationDeployModelTask" of process "b4c18572-80ea-11f1-b4c6-eeee0a8be332"...#
#2026 07 16 07:48:16.979#Z#DEBUG#a9262da0-80ea-11f1-b4c6-eeee0a8be332.OPERATION#flowable-async-job-executor-thread-42523#
[BuildApplicationDeployModelStep] Building cloud deployment model for application "Inventory-assistant"...#
#2026 07 16 07:48:16.985#Z#DEBUG#a9262da0-80ea-11f1-b4c6-eeee0a8be332.OPERATION#flowable-async-job-executor-thread-42523#
[BuildApplicationDeployModelStep] No health-check-type is specified. Setting default type: port#
#2026 07 16 07:48:16.985#Z#INFO#a9262da0-80ea-11f1-b4c6-eeee0a8be332.OPERATION#flowable-async-job-executor-thread-42523#
[BuildApplicationDeployModelStep] Building configuration entries for org b6bbf2b9trial, space dev, spaceId d36d3dbf-9d83-4ee0-8d50-d5ad45be3f2a and namespace null!#
#2026 07 16 07:48:16.986#Z#DEBUG#a9262da0-80ea-11f1-b4c6-eeee0a8be332.OPERATION#flowable-async-job-executor-thread-42523#
[BuildApplicationDeployModelStep] Configuration entries to publish: [ ]#
#2026 07 16 07:48:16.986#Z#DEBUG#a9262da0-80ea-11f1-b4c6-eeee0a8be332.OPERATION#flowable-async-job-executor-thread-42523#
[BuildApplicationDeployModelStep] Cloud deployment model for application built#
#2026 07 16 07:48:16.986#Z#DEBUG#a9262da0-80ea-11f1-b4c6-eeee0a8be332.OPERATION#flowable-async-job-executor-thread-42523#
Step "Build Application Deploy Model" finished#
#2026 07 16 07:48:16.972#Z#DEBUG#a9262da0-80ea-11f1-b4c6-eeee0a8be332.OPERATION#flowable-async-job-executor-thread-42524#
[CheckServiceBindingOperationStep] Getting binding of service instance "baf0d560-d5a3-4219-b2fc-020ae8259fc0" with application "55452eb1-268d-4f32-9a08-a67bae3cbd50"...#
#2026 07 16 07:48:16.995#Z#DEBUG#a9262da0-80ea-11f1-b4c6-eeee0a8be332.OPERATION#flowable-async-job-executor-thread-42524#
Step "Check For Service Binding Operation In Progress" finished#
#2026 07 16 07:48:16.984#Z#DEBUG#a9262da0-80ea-11f1-b4c6-eeee0a8be332.OPERATION#flowable-async-job-executor-thread-42528#
[DetermineApplicationServiceBindingActionsStep] Executing task "determineApplicationServiceBindingActionsTask" of process "b4baa7fe-80ea-11f1-b4c6-eeee0a8be332"...#
#2026 07 16 07:48:16.985#Z#DEBUG#a9262da0-80ea-11f1-b4c6-eeee0a8be332.OPERATION#flowable-async-job-executor-thread-42528#
[DetermineApplicationServiceBindingActionsStep] Determine bind/unbind operations of application "Inventory-assistant-srv" to service instance "Inventory-assistant-auth"#
#2026 07 16 07:48:16.985#Z#DEBUG#a9262da0-80ea-11f1-b4c6-eeee0a8be332.OPERATION#flowable-async-job-executor-thread-42528#
[DetermineApplicationServiceBindingActionsStep] Getting application "Inventory-assistant-srv"...#
#2026 07 16 07:48:17.018#Z#DEBUG#a9262da0-80ea-11f1-b4c6-eeee0a8be332.OPERATION#flowable-async-job-executor-thread-42528#
[DetermineApplicationServiceBindingActionsStep] Binding parameters for application "Inventory-assistant-srv": { }#
#2026 07 16 07:48:17.030#Z#DEBUG#a9262da0-80ea-11f1-b4c6-eeee0a8be332.OPERATION#flowable-async-job-executor-thread-42524#
[DetermineApplicationServiceBindingActionsStep] Executing task "determineApplicationServiceBindingActionsTask" of process "b4c3cf8c-80ea-11f1-b4c6-eeee0a8be332"...#
#2026 07 16 07:48:17.034#Z#DEBUG#a9262da0-80ea-11f1-b4c6-eeee0a8be332.OPERATION#flowable-async-job-executor-thread-42524#
[DetermineApplicationServiceBindingActionsStep] Determine bind/unbind operations of application "Inventory-assistant-srv" to service instance "Inventory-assistant-destination"#
#2026 07 16 07:48:17.034#Z#DEBUG#a9262da0-80ea-11f1-b4c6-eeee0a8be332.OPERATION#flowable-async-job-executor-thread-42524#
[DetermineApplicationServiceBindingActionsStep] Getting application "Inventory-assistant-srv"...#
#2026 07 16 07:48:17.049#Z#DEBUG#a9262da0-80ea-11f1-b4c6-eeee0a8be332.OPERATION#flowable-async-job-executor-thread-42528#
[DetermineApplicationServiceBindingActionsStep] Calculated binding operations between application "Inventory-assistant-srv" and service instance "Inventory-assistant-auth": unbind - false bind - true#
#2026 07 16 07:48:17.049#Z#DEBUG#a9262da0-80ea-11f1-b4c6-eeee0a8be332.OPERATION#flowable-async-job-executor-thread-42528#
Step "Determine Application Service Binding Actions" finished#
#2026 07 16 07:48:17.079#Z#DEBUG#a9262da0-80ea-11f1-b4c6-eeee0a8be332.OPERATION#flowable-async-job-executor-thread-42524#
[DetermineApplicationServiceBindingActionsStep] Binding parameters for application "Inventory-assistant-srv": { }#
#2026 07 16 07:48:17.128#Z#DEBUG#a9262da0-80ea-11f1-b4c6-eeee0a8be332.OPERATION#flowable-async-job-executor-thread-42524#
[DetermineApplicationServiceBindingActionsStep] Calculated binding operations between application "Inventory-assistant-srv" and service instance "Inventory-assistant-destination": unbind - false bind - true#
#2026 07 16 07:48:17.128#Z#DEBUG#a9262da0-80ea-11f1-b4c6-eeee0a8be332.OPERATION#flowable-async-job-executor-thread-42524#
Step "Determine Application Service Binding Actions" finished#
#2026 07 16 07:48:17.105#Z#DEBUG#a9262da0-80ea-11f1-b4c6-eeee0a8be332.OPERATION#flowable-async-job-executor-thread-42528#
[BindServiceToApplicationStep] Executing task "bindServiceToApplicationTask" of process "b4baa7fe-80ea-11f1-b4c6-eeee0a8be332"...#
#2026 07 16 07:48:17.113#Z#INFO#a9262da0-80ea-11f1-b4c6-eeee0a8be332.OPERATION#flowable-async-job-executor-thread-42528#
[BindServiceToApplicationStep] Binding service instance "Inventory-assistant-auth" to application "Inventory-assistant-srv"...#
#2026 07 16 07:48:17.135#Z#DEBUG#a9262da0-80ea-11f1-b4c6-eeee0a8be332.OPERATION#flowable-async-job-executor-thread-42528#
[BindServiceToApplicationStep] Binding service instance "Inventory-assistant-auth" to application "Inventory-assistant-srv" with parameters: { }#
#2026 07 16 07:48:17.167#Z#DEBUG#a9262da0-80ea-11f1-b4c6-eeee0a8be332.OPERATION#flowable-async-job-executor-thread-42524#
[BindServiceToApplicationStep] Executing task "bindServiceToApplicationTask" of process "b4c3cf8c-80ea-11f1-b4c6-eeee0a8be332"...#
#2026 07 16 07:48:17.169#Z#INFO#a9262da0-80ea-11f1-b4c6-eeee0a8be332.OPERATION#flowable-async-job-executor-thread-42524#
[BindServiceToApplicationStep] Binding service instance "Inventory-assistant-destination" to application "Inventory-assistant-srv"...#
#2026 07 16 07:48:17.174#Z#DEBUG#a9262da0-80ea-11f1-b4c6-eeee0a8be332.OPERATION#flowable-async-job-executor-thread-42524#
[BindServiceToApplicationStep] Binding service instance "Inventory-assistant-destination" to application "Inventory-assistant-srv" with parameters: { }#
#2026 07 16 07:48:17.239#Z#DEBUG#a9262da0-80ea-11f1-b4c6-eeee0a8be332.OPERATION#flowable-async-job-executor-thread-42528#
Step "Bind Service to Application" finished#
#2026 07 16 07:48:17.293#Z#DEBUG#a9262da0-80ea-11f1-b4c6-eeee0a8be332.OPERATION#flowable-async-job-executor-thread-42524#
Step "Bind Service to Application" finished#
#2026 07 16 07:48:17.023#Z#DEBUG#a9262da0-80ea-11f1-b4c6-eeee0a8be332.OPERATION#flowable-async-job-executor-thread-42523#
[CreateOrUpdateAppStep] Executing task "createAppTask" of process "b4c18572-80ea-11f1-b4c6-eeee0a8be332"...#
#2026 07 16 07:48:17.025#Z#DEBUG#a9262da0-80ea-11f1-b4c6-eeee0a8be332.OPERATION#flowable-async-job-executor-thread-42523#
[CreateOrUpdateAppStep] Getting application "Inventory-assistant"...#
#2026 07 16 07:48:17.050#Z#INFO#a9262da0-80ea-11f1-b4c6-eeee0a8be332.OPERATION#flowable-async-job-executor-thread-42523#
[CreateOrUpdateAppStep] Creating application "Inventory-assistant" from MTA module "Inventory-assistant"...#
#2026 07 16 07:48:17.057#Z#DEBUG#a9262da0-80ea-11f1-b4c6-eeee0a8be332.OPERATION#flowable-async-job-executor-thread-42523#
[CreateOrUpdateAppStep] Creating application "Inventory-assistant" with disk "256" memory "256", URIs "b6bbf2b9trial-dev-inventory-assistant.cfapps.us10-001.hana.ondemand.com" and staging: "{
  "buildpacks" : [ ],
  "healthCheckType" : "port",
  "appFeatures" : { }
}"#
#2026 07 16 07:48:17.476#Z#DEBUG#a9262da0-80ea-11f1-b4c6-eeee0a8be332.OPERATION#flowable-async-job-executor-thread-42523#
[CreateOrUpdateAppStep] Application "Inventory-assistant" created#
#2026 07 16 07:48:17.476#Z#DEBUG#a9262da0-80ea-11f1-b4c6-eeee0a8be332.OPERATION#flowable-async-job-executor-thread-42523#
Step "Create App" finished#
#2026 07 16 07:48:17.577#Z#DEBUG#a9262da0-80ea-11f1-b4c6-eeee0a8be332.OPERATION#flowable-async-job-executor-thread-42523#
[CheckServiceBindingOperationStep] Executing task "checkForServiceBindingOperationInProgress" of process "b52947d4-80ea-11f1-b4c6-eeee0a8be332"...#
#2026 07 16 07:48:17.577#Z#DEBUG#a9262da0-80ea-11f1-b4c6-eeee0a8be332.OPERATION#flowable-async-job-executor-thread-42523#
[CheckServiceBindingOperationStep] Checking for service binding operation in progress between app "Inventory-assistant" and service instance "Inventory-assistant-auth"#
#2026 07 16 07:48:17.578#Z#DEBUG#a9262da0-80ea-11f1-b4c6-eeee0a8be332.OPERATION#flowable-async-job-executor-thread-42523#
[CheckServiceBindingOperationStep] Getting application guid "Inventory-assistant"...#
#2026 07 16 07:48:17.611#Z#DEBUG#a9262da0-80ea-11f1-b4c6-eeee0a8be332.OPERATION#flowable-async-job-executor-thread-42523#
[CheckServiceBindingOperationStep] Getting GUID of required service instance "Inventory-assistant-auth"...#
#2026 07 16 07:48:17.645#Z#DEBUG#a9262da0-80ea-11f1-b4c6-eeee0a8be332.OPERATION#flowable-async-job-executor-thread-42523#
[CheckServiceBindingOperationStep] Getting binding of service instance "dbc2f3c8-58ee-4c72-a0ca-26aa785ebd53" with application "e21195ec-6369-450c-8cd7-f37e1a211e26"...#
#2026 07 16 07:48:17.674#Z#DEBUG#a9262da0-80ea-11f1-b4c6-eeee0a8be332.OPERATION#flowable-async-job-executor-thread-42523#
Step "Check For Service Binding Operation In Progress" finished#
#2026 07 16 07:48:17.706#Z#DEBUG#a9262da0-80ea-11f1-b4c6-eeee0a8be332.OPERATION#flowable-async-job-executor-thread-42523#
[DetermineApplicationServiceBindingActionsStep] Executing task "determineApplicationServiceBindingActionsTask" of process "b52947d4-80ea-11f1-b4c6-eeee0a8be332"...#
#2026 07 16 07:48:17.707#Z#DEBUG#a9262da0-80ea-11f1-b4c6-eeee0a8be332.OPERATION#flowable-async-job-executor-thread-42523#
[DetermineApplicationServiceBindingActionsStep] Determine bind/unbind operations of application "Inventory-assistant" to service instance "Inventory-assistant-auth"#
#2026 07 16 07:48:17.707#Z#DEBUG#a9262da0-80ea-11f1-b4c6-eeee0a8be332.OPERATION#flowable-async-job-executor-thread-42523#
[DetermineApplicationServiceBindingActionsStep] Getting application "Inventory-assistant"...#
#2026 07 16 07:48:17.734#Z#DEBUG#a9262da0-80ea-11f1-b4c6-eeee0a8be332.OPERATION#flowable-async-job-executor-thread-42523#
[DetermineApplicationServiceBindingActionsStep] Binding parameters for application "Inventory-assistant": { }#
#2026 07 16 07:48:17.753#Z#DEBUG#a9262da0-80ea-11f1-b4c6-eeee0a8be332.OPERATION#flowable-async-job-executor-thread-42523#
[DetermineApplicationServiceBindingActionsStep] Calculated binding operations between application "Inventory-assistant" and service instance "Inventory-assistant-auth": unbind - false bind - true#
#2026 07 16 07:48:17.753#Z#DEBUG#a9262da0-80ea-11f1-b4c6-eeee0a8be332.OPERATION#flowable-async-job-executor-thread-42523#
Step "Determine Application Service Binding Actions" finished#
#2026 07 16 07:48:17.787#Z#DEBUG#a9262da0-80ea-11f1-b4c6-eeee0a8be332.OPERATION#flowable-async-job-executor-thread-42523#
[BindServiceToApplicationStep] Executing task "bindServiceToApplicationTask" of process "b52947d4-80ea-11f1-b4c6-eeee0a8be332"...#
#2026 07 16 07:48:17.789#Z#INFO#a9262da0-80ea-11f1-b4c6-eeee0a8be332.OPERATION#flowable-async-job-executor-thread-42523#
[BindServiceToApplicationStep] Binding service instance "Inventory-assistant-auth" to application "Inventory-assistant"...#
#2026 07 16 07:48:17.795#Z#DEBUG#a9262da0-80ea-11f1-b4c6-eeee0a8be332.OPERATION#flowable-async-job-executor-thread-42523#
[BindServiceToApplicationStep] Binding service instance "Inventory-assistant-auth" to application "Inventory-assistant" with parameters: { }#
#2026 07 16 07:48:17.901#Z#DEBUG#a9262da0-80ea-11f1-b4c6-eeee0a8be332.OPERATION#flowable-async-job-executor-thread-42523#
Step "Bind Service to Application" finished#
#2026 07 16 07:48:19.887#Z#DEBUG#a9262da0-80ea-11f1-b4c6-eeee0a8be332.OPERATION#flowable-async-job-executor-thread-26225#
[CheckServiceBindingOperationStep] Executing task "checkForServiceBindingOperationInProgress" of process "b6888a38-80ea-11f1-9ea1-eeee0a8b4756"...#
#2026 07 16 07:48:19.887#Z#DEBUG#a9262da0-80ea-11f1-b4c6-eeee0a8be332.OPERATION#flowable-async-job-executor-thread-26225#
[CheckServiceBindingOperationStep] Checking for service binding operation in progress between app "Inventory-assistant" and service instance "Inventory-assistant-destination"#
#2026 07 16 07:48:19.888#Z#DEBUG#a9262da0-80ea-11f1-b4c6-eeee0a8be332.OPERATION#flowable-async-job-executor-thread-26225#
[CheckServiceBindingOperationStep] Getting application guid "Inventory-assistant"...#
#2026 07 16 07:48:19.890#Z#DEBUG#a9262da0-80ea-11f1-b4c6-eeee0a8be332.OPERATION#flowable-async-job-executor-thread-26227#
[CheckServiceBindingOperationStep] Executing task "checkForServiceBindingOperationInProgress" of process "b687edd3-80ea-11f1-9ea1-eeee0a8b4756"...#
#2026 07 16 07:48:19.890#Z#DEBUG#a9262da0-80ea-11f1-b4c6-eeee0a8be332.OPERATION#flowable-async-job-executor-thread-26227#
[CheckServiceBindingOperationStep] Checking for service binding operation in progress between app "Inventory-assistant-srv" and service instance "Inventory-assistant-db"#
#2026 07 16 07:48:19.891#Z#DEBUG#a9262da0-80ea-11f1-b4c6-eeee0a8be332.OPERATION#flowable-async-job-executor-thread-26227#
[CheckServiceBindingOperationStep] Getting application guid "Inventory-assistant-srv"...#
#2026 07 16 07:48:19.918#Z#DEBUG#a9262da0-80ea-11f1-b4c6-eeee0a8be332.OPERATION#flowable-async-job-executor-thread-26225#
[CheckServiceBindingOperationStep] Getting GUID of required service instance "Inventory-assistant-destination"...#
#2026 07 16 07:48:19.923#Z#DEBUG#a9262da0-80ea-11f1-b4c6-eeee0a8be332.OPERATION#flowable-async-job-executor-thread-26227#
[CheckServiceBindingOperationStep] Getting GUID of required service instance "Inventory-assistant-db"...#
#2026 07 16 07:48:19.950#Z#DEBUG#a9262da0-80ea-11f1-b4c6-eeee0a8be332.OPERATION#flowable-async-job-executor-thread-26225#
[CheckServiceBindingOperationStep] Getting binding of service instance "baf0d560-d5a3-4219-b2fc-020ae8259fc0" with application "e21195ec-6369-450c-8cd7-f37e1a211e26"...#
#2026 07 16 07:48:19.956#Z#DEBUG#a9262da0-80ea-11f1-b4c6-eeee0a8be332.OPERATION#flowable-async-job-executor-thread-26227#
[CheckServiceBindingOperationStep] Getting binding of service instance "372d30ed-9034-4303-80a8-940379b14d63" with application "55452eb1-268d-4f32-9a08-a67bae3cbd50"...#
#2026 07 16 07:48:19.984#Z#DEBUG#a9262da0-80ea-11f1-b4c6-eeee0a8be332.OPERATION#flowable-async-job-executor-thread-26227#
Step "Check For Service Binding Operation In Progress" finished#
#2026 07 16 07:48:19.985#Z#DEBUG#a9262da0-80ea-11f1-b4c6-eeee0a8be332.OPERATION#flowable-async-job-executor-thread-26225#
Step "Check For Service Binding Operation In Progress" finished#
#2026 07 16 07:48:19.972#Z#DEBUG#a9262da0-80ea-11f1-b4c6-eeee0a8be332.OPERATION#flowable-async-job-executor-thread-26222#
[ProcessDescriptorStep] Executing task "reprocessDescriptorTask" of process "b68c8278-80ea-11f1-9ea1-eeee0a8b4756"...#
#2026 07 16 07:48:19.973#Z#DEBUG#a9262da0-80ea-11f1-b4c6-eeee0a8be332.OPERATION#flowable-async-job-executor-thread-26222#
[ProcessDescriptorStep] Resolving properties and parameters in merged descriptor...#
#2026 07 16 07:48:19.977#Z#DEBUG#a9262da0-80ea-11f1-b4c6-eeee0a8be332.OPERATION#flowable-async-job-executor-thread-26222#
[ProcessDescriptorStep] Subscriptions: [ ]#
#2026 07 16 07:48:19.989#Z#DEBUG#a9262da0-80ea-11f1-b4c6-eeee0a8be332.OPERATION#flowable-async-job-executor-thread-26222#
[ProcessDescriptorStep] MTA modules: [Inventory-assistant-srv, Inventory-assistant-db-deployer, Inventory-assistant]#
#2026 07 16 07:48:19.996#Z#DEBUG#a9262da0-80ea-11f1-b4c6-eeee0a8be332.OPERATION#flowable-async-job-executor-thread-26222#
[ProcessDescriptorStep] Resolved deployment descriptor: {
  "majorSchemaVersion" : 3,
  "schemaVersion" : "3.3.0",
  "id" : "Inventory-assistant",
  "version" : "1.0.0",
  "modules" : [ {
    "majorSchemaVersion" : 3,
    "name" : "Inventory-assistant-srv",
    "type" : "javascript.nodejs",
    "path" : "Inventory-assistant-srv",
    "properties" : { },
    "parameters" : {
      "default-url" : "https://b6bbf2b9trial-dev-inventory-assistant-srv.cfapps.us10-001.hana.ondemand.com",
      "default-app-name" : "Inventory-assistant-srv",
      "generated-password" : "********",
      "default-live-url" : "https://b6bbf2b9trial-dev-inventory-assistant-srv.cfapps.us10-001.hana.ondemand.com",
      "default-uri" : "b6bbf2b9trial-dev-inventory-assistant-srv.cfapps.us10-001.hana.ondemand.com",
      "default-instances" : 1,
      "default-live-host" : "b6bbf2b9trial-dev-inventory-assistant-srv",
      "instances" : 1,
      "buildpack" : "nodejs_buildpack",
      "default-host" : "b6bbf2b9trial-dev-inventory-assistant-srv",
      "app-name" : "Inventory-assistant-srv",
      "default-live-uri" : "b6bbf2b9trial-dev-inventory-assistant-srv.cfapps.us10-001.hana.ondemand.com",
      "protocol" : "https",
      "default-live-app-name" : "Inventory-assistant-srv",
      "default-live-domain" : "cfapps.us10-001.hana.ondemand.com",
      "domain" : "cfapps.us10-001.hana.ondemand.com",
      "host" : "b6bbf2b9trial-dev-inventory-assistant-srv",
      "generated-user" : "********"
    },
    "requiredDependencies" : [ {
      "majorSchemaVersion" : 3,
      "name" : "********",
      "properties" : { },
      "parameters" : { },
      "propertiesMetadata" : {
        "metadata" : { }
      },
      "parametersMetadata" : {
        "metadata" : { }
      }
    }, {
      "majorSchemaVersion" : 3,
      "name" : "Inventory-assistant-db",
      "properties" : { },
      "parameters" : { },
      "propertiesMetadata" : {
        "metadata" : { }
      },
      "parametersMetadata" : {
        "metadata" : { }
      }
    }, {
      "majorSchemaVersion" : 3,
      "name" : "Inventory-assistant-connectivity",
      "properties" : { },
      "parameters" : { },
      "propertiesMetadata" : {
        "metadata" : { }
      },
      "parametersMetadata" : {
        "metadata" : { }
      }
    }, {
      "majorSchemaVersion" : 3,
      "name" : "Inventory-assistant-destination",
      "properties" : { },
      "parameters" : { },
      "propertiesMetadata" : {
        "metadata" : { }
      },
      "parametersMetadata" : {
        "metadata" : { }
      }
    } ],
    "providedDependencies" : [ {
      "majorSchemaVersion" : 3,
      "name" : "srv-api",
      "isPublic" : false,
      "properties" : {
        "srv-url" : "https://b6bbf2b9trial-dev-inventory-assistant-srv.cfapps.us10-001.hana.ondemand.com"
      },
      "parameters" : { },
      "propertiesMetadata" : {
        "metadata" : { }
      },
      "parametersMetadata" : {
        "metadata" : { }
      }
    }, {
      "majorSchemaVersion" : 3,
      "name" : "Inventory-assistant-srv",
      "isPublic" : false,
      "properties" : { },
      "parameters" : { },
      "propertiesMetadata" : {
        "metadata" : { }
      },
      "parametersMetadata" : {
        "metadata" : { }
      }
    } ],
    "propertiesMetadata" : {
      "metadata" : { }
    },
    "parametersMetadata" : {
      "metadata" : { }
    },
    "hooks" : [ ]
  }, {
    "majorSchemaVersion" : 3,
    "name" : "Inventory-assistant-db-deployer",
    "type" : "com.sap.xs.hdi",
    "path" : "Inventory-assistant-db-deployer",
    "properties" : {
      "EXIT" : 1
    },
    "parameters" : {
      "default-url" : "https://b6bbf2b9trial-dev-inventory-assistant-db-deployer.cfapps.us10-001.hana.ondemand.com",
      "default-app-name" : "Inventory-assistant-db-deployer",
      "generated-password" : "********",
      "default-live-url" : "https://b6bbf2b9trial-dev-inventory-assistant-db-deployer.cfapps.us10-001.hana.ondemand.com",
      "default-uri" : "b6bbf2b9trial-dev-inventory-assistant-db-deployer.cfapps.us10-001.hana.ondemand.com",
      "memory" : "256M",
      "default-instances" : 1,
      "no-route" : true,
      "default-live-host" : "b6bbf2b9trial-dev-inventory-assistant-db-deployer",
      "instances" : 1,
      "buildpack" : "nodejs_buildpack",
      "default-host" : "b6bbf2b9trial-dev-inventory-assistant-db-deployer",
      "app-name" : "Inventory-assistant-db-deployer",
      "default-live-uri" : "b6bbf2b9trial-dev-inventory-assistant-db-deployer.cfapps.us10-001.hana.ondemand.com",
      "protocol" : "https",
      "default-live-app-name" : "Inventory-assistant-db-deployer",
      "default-live-domain" : "cfapps.us10-001.hana.ondemand.com",
      "dependency-type" : "hard",
      "domain" : "cfapps.us10-001.hana.ondemand.com",
      "host" : "b6bbf2b9trial-dev-inventory-assistant-db-deployer",
      "generated-user" : "********",
      "tasks" : [ {
        "command" : "npm start",
        "memory" : "256M",
        "name" : "deploy"
      } ],
      "no-start" : true
    },
    "requiredDependencies" : [ {
      "majorSchemaVersion" : 3,
      "name" : "Inventory-assistant-db",
      "properties" : { },
      "parameters" : { },
      "propertiesMetadata" : {
        "metadata" : { }
      },
      "parametersMetadata" : {
        "metadata" : { }
      }
    } ],
    "providedDependencies" : [ {
      "majorSchemaVersion" : 3,
      "name" : "Inventory-assistant-db-deployer",
      "isPublic" : false,
      "properties" : { },
      "parameters" : { },
      "propertiesMetadata" : {
        "metadata" : { }
      },
      "parametersMetadata" : {
        "metadata" : { }
      }
    } ],
    "propertiesMetadata" : {
      "metadata" : { }
    },
    "parametersMetadata" : {
      "metadata" : { }
    },
    "hooks" : [ ]
  }, {
    "majorSchemaVersion" : 3,
    "name" : "Inventory-assistant",
    "type" : "javascript.nodejs",
    "path" : "Inventory-assistant",
    "properties" : { },
    "parameters" : {
      "default-url" : "https://b6bbf2b9trial-dev-inventory-assistant.cfapps.us10-001.hana.ondemand.com",
      "default-app-name" : "Inventory-assistant",
      "generated-password" : "********",
      "default-live-url" : "https://b6bbf2b9trial-dev-inventory-assistant.cfapps.us10-001.hana.ondemand.com",
      "default-uri" : "b6bbf2b9trial-dev-inventory-assistant.cfapps.us10-001.hana.ondemand.com",
      "memory" : "256M",
      "default-instances" : 1,
      "default-live-host" : "b6bbf2b9trial-dev-inventory-assistant",
      "instances" : 1,
      "default-host" : "b6bbf2b9trial-dev-inventory-assistant",
      "keep-existing-routes" : true,
      "app-name" : "Inventory-assistant",
      "default-live-uri" : "b6bbf2b9trial-dev-inventory-assistant.cfapps.us10-001.hana.ondemand.com",
      "protocol" : "https",
      "default-live-app-name" : "Inventory-assistant",
      "default-live-domain" : "cfapps.us10-001.hana.ondemand.com",
      "disk-quota" : "256M",
      "domain" : "cfapps.us10-001.hana.ondemand.com",
      "host" : "b6bbf2b9trial-dev-inventory-assistant",
      "generated-user" : "********"
    },
    "requiredDependencies" : [ {
      "majorSchemaVersion" : 3,
      "name" : "srv-api",
      "group" : "destinations",
      "properties" : {
        "name" : "srv-api",
        "forwardAuthToken" : "********",
        "url" : "https://b6bbf2b9trial-dev-inventory-assistant-srv.cfapps.us10-001.hana.ondemand.com"
      },
      "parameters" : { },
      "propertiesMetadata" : {
        "metadata" : { }
      },
      "parametersMetadata" : {
        "metadata" : { }
      }
    }, {
      "majorSchemaVersion" : 3,
      "name" : "********",
      "properties" : { },
      "parameters" : { },
      "propertiesMetadata" : {
        "metadata" : { }
      },
      "parametersMetadata" : {
        "metadata" : { }
      }
    }, {
      "majorSchemaVersion" : 3,
      "name" : "Inventory-assistant-destination",
      "properties" : { },
      "parameters" : { },
      "propertiesMetadata" : {
        "metadata" : { }
      },
      "parametersMetadata" : {
        "metadata" : { }
      }
    } ],
    "providedDependencies" : [ {
      "majorSchemaVersion" : 3,
      "name" : "app-api",
      "isPublic" : false,
      "properties" : {
        "app-protocol" : "https",
        "app-uri" : "b6bbf2b9trial-dev-inventory-assistant.cfapps.us10-001.hana.ondemand.com"
      },
      "parameters" : { },
      "propertiesMetadata" : {
        "metadata" : { }
      },
      "parametersMetadata" : {
        "metadata" : { }
      }
    }, {
      "majorSchemaVersion" : 3,
      "name" : "Inventory-assistant",
      "isPublic" : false,
      "properties" : { },
      "parameters" : { },
      "propertiesMetadata" : {
        "metadata" : { }
      },
      "parametersMetadata" : {
        "metadata" : { }
      }
    } ],
    "propertiesMetadata" : {
      "metadata" : { }
    },
    "parametersMetadata" : {
      "metadata" : { }
    },
    "hooks" : [ ]
  } ],
  "resources" : [ {
    "majorSchemaVersion" : 3,
    "name" : "********",
    "type" : "org.cloudfoundry.managed-service",
    "properties" : { },
    "parameters" : {
      "generated-password" : "********",
      "path" : "./xs-security.json",
      "service-name" : "********",
      "service-plan" : "application",
      "service" : "xsuaa",
      "generated-user" : "********",
      "default-xsappname" : "********",
      "type" : "managed-service",
      "config" : {
        "oauth2-configuration" : "********",
        "tenant-mode" : "dedicated",
        "xsappname" : "Inventory-assistant-b6bbf2b9trial-dev"
      },
      "default-service-name" : "********",
      "default-container-name" : "********"
    },
    "isActive" : true,
    "isOptional" : false,
    "propertiesMetadata" : {
      "metadata" : { }
    },
    "parametersMetadata" : {
      "metadata" : { }
    },
    "requiredDependencies" : [ {
      "majorSchemaVersion" : 3,
      "name" : "app-api",
      "properties" : { },
      "parameters" : { },
      "propertiesMetadata" : {
        "metadata" : { }
      },
      "parametersMetadata" : {
        "metadata" : { }
      }
    } ],
    "processedAfter" : [ ]
  }, {
    "majorSchemaVersion" : 3,
    "name" : "Inventory-assistant-db",
    "type" : "com.sap.xs.hdi-container",
    "properties" : { },
    "parameters" : {
      "generated-password" : "********",
      "service-name" : "Inventory-assistant-db",
      "service-plan" : "hdi-shared",
      "service" : "hana",
      "generated-user" : "********",
      "default-xsappname" : "Inventory-assistant-db",
      "type" : "managed-service",
      "default-service-name" : "Inventory-assistant-db",
      "default-container-name" : "B6BBF2B9TRIAL_DEV_INVENTORY_ASSISTANT_DB"
    },
    "isActive" : true,
    "isOptional" : false,
    "propertiesMetadata" : {
      "metadata" : { }
    },
    "parametersMetadata" : {
      "metadata" : { }
    },
    "requiredDependencies" : [ ],
    "processedAfter" : [ ]
  }, {
    "majorSchemaVersion" : 3,
    "name" : "Inventory-assistant-connectivity",
    "type" : "org.cloudfoundry.managed-service",
    "properties" : { },
    "parameters" : {
      "generated-password" : "********",
      "service-name" : "Inventory-assistant-connectivity",
      "service-plan" : "lite",
      "service" : "connectivity",
      "generated-user" : "********",
      "default-xsappname" : "Inventory-assistant-connectivity",
      "type" : "managed-service",
      "default-service-name" : "Inventory-assistant-connectivity",
      "default-container-name" : "B6BBF2B9TRIAL_DEV_INVENTORY_ASSISTANT_CONNECTIVITY"
    },
    "isActive" : true,
    "isOptional" : false,
    "propertiesMetadata" : {
      "metadata" : { }
    },
    "parametersMetadata" : {
      "metadata" : { }
    },
    "requiredDependencies" : [ ],
    "processedAfter" : [ ]
  }, {
    "majorSchemaVersion" : 3,
    "name" : "Inventory-assistant-destination",
    "type" : "org.cloudfoundry.managed-service",
    "properties" : { },
    "parameters" : {
      "generated-password" : "********",
      "service-name" : "Inventory-assistant-destination",
      "service-plan" : "lite",
      "service" : "destination",
      "generated-user" : "********",
      "default-xsappname" : "Inventory-assistant-destination",
      "type" : "managed-service",
      "default-service-name" : "Inventory-assistant-destination",
      "default-container-name" : "B6BBF2B9TRIAL_DEV_INVENTORY_ASSISTANT_DESTINATION"
    },
    "isActive" : true,
    "isOptional" : false,
    "propertiesMetadata" : {
      "metadata" : { }
    },
    "parametersMetadata" : {
      "metadata" : { }
    },
    "requiredDependencies" : [ ],
    "processedAfter" : [ ]
  } ],
  "parameters" : {
    "mta-id" : "Inventory-assistant",
    "authorization-url" : "********",
    "org-guid" : "21d35fcb-97d5-491b-8035-d8ae87309fad",
    "org" : "b6bbf2b9trial",
    "deploy-target" : "b6bbf2b9trial dev",
    "enable-parallel-deployments" : true,
    "region-primary-domain" : "us10.hana.ondemand.com",
    "space" : "dev",
    "region-domain" : "us10-001.hana.ondemand.com",
    "xs-api-url" : "https://api.cf.us10-001.hana.ondemand.com",
    "deploy-url" : "deploy-service.cfapps.us10-001.hana.ondemand.com",
    "xs-type" : "CF",
    "default-domain" : "cfapps.us10-001.hana.ondemand.com",
    "mta-version" : "1.0.0",
    "xs-auth-url" : "********",
    "space-guid" : "d36d3dbf-9d83-4ee0-8d50-d5ad45be3f2a",
    "user" : "********",
    "controller-url" : "https://api.cf.us10-001.hana.ondemand.com",
    "timestamp" : "20260716074757"
  },
  "parametersMetadata" : {
    "metadata" : { }
  }
}#
#2026 07 16 07:48:19.996#Z#DEBUG#a9262da0-80ea-11f1-b4c6-eeee0a8be332.OPERATION#flowable-async-job-executor-thread-26222#
[ProcessDescriptorStep] Merged descriptor properties and parameters resolved#
#2026 07 16 07:48:19.996#Z#DEBUG#a9262da0-80ea-11f1-b4c6-eeee0a8be332.OPERATION#flowable-async-job-executor-thread-26222#
Step "Re-Process Descriptor Step" finished#
#2026 07 16 07:48:20.044#Z#DEBUG#a9262da0-80ea-11f1-b4c6-eeee0a8be332.OPERATION#flowable-async-job-executor-thread-26222#
[BuildApplicationDeployModelStep] Executing task "buildApplicationDeployModelTask" of process "b68c8278-80ea-11f1-9ea1-eeee0a8b4756"...#
#2026 07 16 07:48:20.048#Z#DEBUG#a9262da0-80ea-11f1-b4c6-eeee0a8be332.OPERATION#flowable-async-job-executor-thread-26222#
[BuildApplicationDeployModelStep] Building cloud deployment model for application "Inventory-assistant-db-deployer"...#
#2026 07 16 07:48:20.056#Z#DEBUG#a9262da0-80ea-11f1-b4c6-eeee0a8be332.OPERATION#flowable-async-job-executor-thread-26222#
[BuildApplicationDeployModelStep] No health-check-type is specified. Setting default type: port#
#2026 07 16 07:48:20.057#Z#INFO#a9262da0-80ea-11f1-b4c6-eeee0a8be332.OPERATION#flowable-async-job-executor-thread-26222#
[BuildApplicationDeployModelStep] Building configuration entries for org b6bbf2b9trial, space dev, spaceId d36d3dbf-9d83-4ee0-8d50-d5ad45be3f2a and namespace null!#
#2026 07 16 07:48:20.058#Z#DEBUG#a9262da0-80ea-11f1-b4c6-eeee0a8be332.OPERATION#flowable-async-job-executor-thread-26222#
[BuildApplicationDeployModelStep] Configuration entries to publish: [ ]#
#2026 07 16 07:48:20.058#Z#DEBUG#a9262da0-80ea-11f1-b4c6-eeee0a8be332.OPERATION#flowable-async-job-executor-thread-26222#
[BuildApplicationDeployModelStep] Cloud deployment model for application built#
#2026 07 16 07:48:20.058#Z#DEBUG#a9262da0-80ea-11f1-b4c6-eeee0a8be332.OPERATION#flowable-async-job-executor-thread-26222#
Step "Build Application Deploy Model" finished#
#2026 07 16 07:48:20.030#Z#DEBUG#a9262da0-80ea-11f1-b4c6-eeee0a8be332.OPERATION#flowable-async-job-executor-thread-26227#
[DetermineApplicationServiceBindingActionsStep] Executing task "determineApplicationServiceBindingActionsTask" of process "b687edd3-80ea-11f1-9ea1-eeee0a8b4756"...#
#2026 07 16 07:48:20.032#Z#DEBUG#a9262da0-80ea-11f1-b4c6-eeee0a8be332.OPERATION#flowable-async-job-executor-thread-26225#
[DetermineApplicationServiceBindingActionsStep] Executing task "determineApplicationServiceBindingActionsTask" of process "b6888a38-80ea-11f1-9ea1-eeee0a8b4756"...#
#2026 07 16 07:48:20.033#Z#DEBUG#a9262da0-80ea-11f1-b4c6-eeee0a8be332.OPERATION#flowable-async-job-executor-thread-26227#
[DetermineApplicationServiceBindingActionsStep] Determine bind/unbind operations of application "Inventory-assistant-srv" to service instance "Inventory-assistant-db"#
#2026 07 16 07:48:20.033#Z#DEBUG#a9262da0-80ea-11f1-b4c6-eeee0a8be332.OPERATION#flowable-async-job-executor-thread-26227#
[DetermineApplicationServiceBindingActionsStep] Getting application "Inventory-assistant-srv"...#
#2026 07 16 07:48:20.034#Z#DEBUG#a9262da0-80ea-11f1-b4c6-eeee0a8be332.OPERATION#flowable-async-job-executor-thread-26225#
[DetermineApplicationServiceBindingActionsStep] Determine bind/unbind operations of application "Inventory-assistant" to service instance "Inventory-assistant-destination"#
#2026 07 16 07:48:20.034#Z#DEBUG#a9262da0-80ea-11f1-b4c6-eeee0a8be332.OPERATION#flowable-async-job-executor-thread-26225#
[DetermineApplicationServiceBindingActionsStep] Getting application "Inventory-assistant"...#
#2026 07 16 07:48:20.076#Z#DEBUG#a9262da0-80ea-11f1-b4c6-eeee0a8be332.OPERATION#flowable-async-job-executor-thread-26225#
[DetermineApplicationServiceBindingActionsStep] Binding parameters for application "Inventory-assistant": { }#
#2026 07 16 07:48:20.080#Z#DEBUG#a9262da0-80ea-11f1-b4c6-eeee0a8be332.OPERATION#flowable-async-job-executor-thread-26227#
[DetermineApplicationServiceBindingActionsStep] Binding parameters for application "Inventory-assistant-srv": { }#
#2026 07 16 07:48:20.112#Z#DEBUG#a9262da0-80ea-11f1-b4c6-eeee0a8be332.OPERATION#flowable-async-job-executor-thread-26225#
[DetermineApplicationServiceBindingActionsStep] Calculated binding operations between application "Inventory-assistant" and service instance "Inventory-assistant-destination": unbind - false bind - true#
#2026 07 16 07:48:20.112#Z#DEBUG#a9262da0-80ea-11f1-b4c6-eeee0a8be332.OPERATION#flowable-async-job-executor-thread-26225#
Step "Determine Application Service Binding Actions" finished#
#2026 07 16 07:48:20.117#Z#DEBUG#a9262da0-80ea-11f1-b4c6-eeee0a8be332.OPERATION#flowable-async-job-executor-thread-26227#
[DetermineApplicationServiceBindingActionsStep] Calculated binding operations between application "Inventory-assistant-srv" and service instance "Inventory-assistant-db": unbind - false bind - true#
#2026 07 16 07:48:20.117#Z#DEBUG#a9262da0-80ea-11f1-b4c6-eeee0a8be332.OPERATION#flowable-async-job-executor-thread-26227#
Step "Determine Application Service Binding Actions" finished#
#2026 07 16 07:48:20.165#Z#DEBUG#a9262da0-80ea-11f1-b4c6-eeee0a8be332.OPERATION#flowable-async-job-executor-thread-26225#
[BindServiceToApplicationStep] Executing task "bindServiceToApplicationTask" of process "b6888a38-80ea-11f1-9ea1-eeee0a8b4756"...#
#2026 07 16 07:48:20.168#Z#INFO#a9262da0-80ea-11f1-b4c6-eeee0a8be332.OPERATION#flowable-async-job-executor-thread-26225#
[BindServiceToApplicationStep] Binding service instance "Inventory-assistant-destination" to application "Inventory-assistant"...#
#2026 07 16 07:48:20.169#Z#DEBUG#a9262da0-80ea-11f1-b4c6-eeee0a8be332.OPERATION#flowable-async-job-executor-thread-26227#
[BindServiceToApplicationStep] Executing task "bindServiceToApplicationTask" of process "b687edd3-80ea-11f1-9ea1-eeee0a8b4756"...#
#2026 07 16 07:48:20.171#Z#INFO#a9262da0-80ea-11f1-b4c6-eeee0a8be332.OPERATION#flowable-async-job-executor-thread-26227#
[BindServiceToApplicationStep] Binding service instance "Inventory-assistant-db" to application "Inventory-assistant-srv"...#
#2026 07 16 07:48:20.177#Z#DEBUG#a9262da0-80ea-11f1-b4c6-eeee0a8be332.OPERATION#flowable-async-job-executor-thread-26225#
[BindServiceToApplicationStep] Binding service instance "Inventory-assistant-destination" to application "Inventory-assistant" with parameters: { }#
#2026 07 16 07:48:20.180#Z#DEBUG#a9262da0-80ea-11f1-b4c6-eeee0a8be332.OPERATION#flowable-async-job-executor-thread-26227#
[BindServiceToApplicationStep] Binding service instance "Inventory-assistant-db" to application "Inventory-assistant-srv" with parameters: { }#
#2026 07 16 07:48:20.301#Z#DEBUG#a9262da0-80ea-11f1-b4c6-eeee0a8be332.OPERATION#flowable-async-job-executor-thread-26225#
Step "Bind Service to Application" finished#
#2026 07 16 07:48:20.302#Z#DEBUG#a9262da0-80ea-11f1-b4c6-eeee0a8be332.OPERATION#flowable-async-job-executor-thread-26227#
Step "Bind Service to Application" finished#
#2026 07 16 07:48:20.118#Z#DEBUG#a9262da0-80ea-11f1-b4c6-eeee0a8be332.OPERATION#flowable-async-job-executor-thread-26228#
[CreateOrUpdateAppStep] Executing task "createAppTask" of process "b68c8278-80ea-11f1-9ea1-eeee0a8b4756"...#
#2026 07 16 07:48:20.121#Z#DEBUG#a9262da0-80ea-11f1-b4c6-eeee0a8be332.OPERATION#flowable-async-job-executor-thread-26228#
[CreateOrUpdateAppStep] Getting application "Inventory-assistant-db-deployer"...#
#2026 07 16 07:48:20.148#Z#INFO#a9262da0-80ea-11f1-b4c6-eeee0a8be332.OPERATION#flowable-async-job-executor-thread-26228#
[CreateOrUpdateAppStep] Creating application "Inventory-assistant-db-deployer" from MTA module "Inventory-assistant-db-deployer"...#
#2026 07 16 07:48:20.156#Z#DEBUG#a9262da0-80ea-11f1-b4c6-eeee0a8be332.OPERATION#flowable-async-job-executor-thread-26228#
[CreateOrUpdateAppStep] Creating application "Inventory-assistant-db-deployer" with disk "null" memory "256", URIs "" and staging: "{
  "buildpacks" : [ "nodejs_buildpack" ],
  "healthCheckType" : "port",
  "appFeatures" : { }
}"#
#2026 07 16 07:48:20.426#Z#DEBUG#a9262da0-80ea-11f1-b4c6-eeee0a8be332.OPERATION#flowable-async-job-executor-thread-26228#
[CreateOrUpdateAppStep] Application "Inventory-assistant-db-deployer" created#
#2026 07 16 07:48:20.426#Z#DEBUG#a9262da0-80ea-11f1-b4c6-eeee0a8be332.OPERATION#flowable-async-job-executor-thread-26228#
Step "Create App" finished#
#2026 07 16 07:48:20.564#Z#DEBUG#a9262da0-80ea-11f1-b4c6-eeee0a8be332.OPERATION#flowable-async-job-executor-thread-26228#
[CheckServiceBindingOperationStep] Executing task "checkForServiceBindingOperationInProgress" of process "b6ee9f30-80ea-11f1-9ea1-eeee0a8b4756"...#
#2026 07 16 07:48:20.564#Z#DEBUG#a9262da0-80ea-11f1-b4c6-eeee0a8be332.OPERATION#flowable-async-job-executor-thread-26228#
[CheckServiceBindingOperationStep] Checking for service binding operation in progress between app "Inventory-assistant-db-deployer" and service instance "Inventory-assistant-db"#
#2026 07 16 07:48:20.565#Z#DEBUG#a9262da0-80ea-11f1-b4c6-eeee0a8be332.OPERATION#flowable-async-job-executor-thread-26228#
[CheckServiceBindingOperationStep] Getting application guid "Inventory-assistant-db-deployer"...#
#2026 07 16 07:48:20.598#Z#DEBUG#a9262da0-80ea-11f1-b4c6-eeee0a8be332.OPERATION#flowable-async-job-executor-thread-26228#
[CheckServiceBindingOperationStep] Getting GUID of required service instance "Inventory-assistant-db"...#
#2026 07 16 07:48:20.631#Z#DEBUG#a9262da0-80ea-11f1-b4c6-eeee0a8be332.OPERATION#flowable-async-job-executor-thread-26228#
[CheckServiceBindingOperationStep] Getting binding of service instance "372d30ed-9034-4303-80a8-940379b14d63" with application "ec4c0e5d-3489-453d-8a41-ba819686eaaf"...#
#2026 07 16 07:48:20.662#Z#DEBUG#a9262da0-80ea-11f1-b4c6-eeee0a8be332.OPERATION#flowable-async-job-executor-thread-26228#
Step "Check For Service Binding Operation In Progress" finished#
#2026 07 16 07:48:20.701#Z#DEBUG#a9262da0-80ea-11f1-b4c6-eeee0a8be332.OPERATION#flowable-async-job-executor-thread-26228#
[DetermineApplicationServiceBindingActionsStep] Executing task "determineApplicationServiceBindingActionsTask" of process "b6ee9f30-80ea-11f1-9ea1-eeee0a8b4756"...#
#2026 07 16 07:48:20.703#Z#DEBUG#a9262da0-80ea-11f1-b4c6-eeee0a8be332.OPERATION#flowable-async-job-executor-thread-26228#
[DetermineApplicationServiceBindingActionsStep] Determine bind/unbind operations of application "Inventory-assistant-db-deployer" to service instance "Inventory-assistant-db"#
#2026 07 16 07:48:20.703#Z#DEBUG#a9262da0-80ea-11f1-b4c6-eeee0a8be332.OPERATION#flowable-async-job-executor-thread-26228#
[DetermineApplicationServiceBindingActionsStep] Getting application "Inventory-assistant-db-deployer"...#
#2026 07 16 07:48:20.739#Z#DEBUG#a9262da0-80ea-11f1-b4c6-eeee0a8be332.OPERATION#flowable-async-job-executor-thread-26228#
[DetermineApplicationServiceBindingActionsStep] Binding parameters for application "Inventory-assistant-db-deployer": { }#
#2026 07 16 07:48:20.764#Z#DEBUG#a9262da0-80ea-11f1-b4c6-eeee0a8be332.OPERATION#flowable-async-job-executor-thread-26228#
[DetermineApplicationServiceBindingActionsStep] Calculated binding operations between application "Inventory-assistant-db-deployer" and service instance "Inventory-assistant-db": unbind - false bind - true#
#2026 07 16 07:48:20.764#Z#DEBUG#a9262da0-80ea-11f1-b4c6-eeee0a8be332.OPERATION#flowable-async-job-executor-thread-26228#
Step "Determine Application Service Binding Actions" finished#
#2026 07 16 07:48:20.813#Z#DEBUG#a9262da0-80ea-11f1-b4c6-eeee0a8be332.OPERATION#flowable-async-job-executor-thread-26229#
[BindServiceToApplicationStep] Executing task "bindServiceToApplicationTask" of process "b6ee9f30-80ea-11f1-9ea1-eeee0a8b4756"...#
#2026 07 16 07:48:20.816#Z#INFO#a9262da0-80ea-11f1-b4c6-eeee0a8be332.OPERATION#flowable-async-job-executor-thread-26229#
[BindServiceToApplicationStep] Binding service instance "Inventory-assistant-db" to application "Inventory-assistant-db-deployer"...#
#2026 07 16 07:48:20.825#Z#DEBUG#a9262da0-80ea-11f1-b4c6-eeee0a8be332.OPERATION#flowable-async-job-executor-thread-26229#
[BindServiceToApplicationStep] Binding service instance "Inventory-assistant-db" to application "Inventory-assistant-db-deployer" with parameters: { }#
#2026 07 16 07:48:20.939#Z#DEBUG#a9262da0-80ea-11f1-b4c6-eeee0a8be332.OPERATION#flowable-async-job-executor-thread-26229#
Step "Bind Service to Application" finished#
#2026 07 16 07:48:25.087#Z#DEBUG#a9262da0-80ea-11f1-b4c6-eeee0a8be332.OPERATION#flowable-async-job-executor-thread-42538#
[BindServiceToApplicationStep] Executing task "bindServiceToApplicationTask" of process "b52947d4-80ea-11f1-b4c6-eeee0a8be332"...#
#2026 07 16 07:48:25.089#Z#DEBUG#a9262da0-80ea-11f1-b4c6-eeee0a8be332.OPERATION#flowable-async-job-executor-thread-42538#
[BindServiceToApplicationStep] Getting async job "8ab9c754-5447-4d7e-895f-7e9367c6be1d"#
#2026 07 16 07:48:25.112#Z#DEBUG#a9262da0-80ea-11f1-b4c6-eeee0a8be332.OPERATION#flowable-async-job-executor-thread-42538#
[BindServiceToApplicationStep] Getting service instance "Inventory-assistant-auth"...#
#2026 07 16 07:48:25.114#Z#DEBUG#a9262da0-80ea-11f1-b4c6-eeee0a8be332.OPERATION#flowable-async-job-executor-thread-42537#
[BindServiceToApplicationStep] Executing task "bindServiceToApplicationTask" of process "b489104b-80ea-11f1-9ea1-eeee0a8b4756"...#
#2026 07 16 07:48:25.116#Z#DEBUG#a9262da0-80ea-11f1-b4c6-eeee0a8be332.OPERATION#flowable-async-job-executor-thread-42537#
[BindServiceToApplicationStep] Getting async job "4f7c102f-63a9-4e84-ac8f-413dd27ced30"#
#2026 07 16 07:48:25.149#Z#DEBUG#a9262da0-80ea-11f1-b4c6-eeee0a8be332.OPERATION#flowable-async-job-executor-thread-42537#
[BindServiceToApplicationStep] Getting service instance "Inventory-assistant-connectivity"...#
#2026 07 16 07:48:25.208#Z#DEBUG#a9262da0-80ea-11f1-b4c6-eeee0a8be332.OPERATION#flowable-async-job-executor-thread-42535#
[BindServiceToApplicationStep] Executing task "bindServiceToApplicationTask" of process "b4c3cf8c-80ea-11f1-b4c6-eeee0a8be332"...#
#2026 07 16 07:48:25.211#Z#DEBUG#a9262da0-80ea-11f1-b4c6-eeee0a8be332.OPERATION#flowable-async-job-executor-thread-42535#
[BindServiceToApplicationStep] Getting async job "9fd66955-359e-463e-9a15-ddce7b437bc3"#
#2026 07 16 07:48:25.224#Z#DEBUG#a9262da0-80ea-11f1-b4c6-eeee0a8be332.OPERATION#flowable-async-job-executor-thread-42538#
[BindServiceToApplicationStep] Async service binding operation with id "8ab9c754-5447-4d7e-895f-7e9367c6be1d" finished#
#2026 07 16 07:48:25.225#Z#DEBUG#a9262da0-80ea-11f1-b4c6-eeee0a8be332.OPERATION#flowable-async-job-executor-thread-42538#
Step "Bind Service to Application" finished#
#2026 07 16 07:48:25.235#Z#DEBUG#a9262da0-80ea-11f1-b4c6-eeee0a8be332.OPERATION#flowable-async-job-executor-thread-42535#
[BindServiceToApplicationStep] Getting service instance "Inventory-assistant-destination"...#
#2026 07 16 07:48:25.255#Z#DEBUG#a9262da0-80ea-11f1-b4c6-eeee0a8be332.OPERATION#flowable-async-job-executor-thread-42537#
[BindServiceToApplicationStep] Async service binding operation with id "4f7c102f-63a9-4e84-ac8f-413dd27ced30" finished#
#2026 07 16 07:48:25.256#Z#DEBUG#a9262da0-80ea-11f1-b4c6-eeee0a8be332.OPERATION#flowable-async-job-executor-thread-42537#
Step "Bind Service to Application" finished#
#2026 07 16 07:48:25.311#Z#DEBUG#a9262da0-80ea-11f1-b4c6-eeee0a8be332.OPERATION#flowable-async-job-executor-thread-42532#
[BindServiceToApplicationStep] Executing task "bindServiceToApplicationTask" of process "b4baa7fe-80ea-11f1-b4c6-eeee0a8be332"...#
#2026 07 16 07:48:25.313#Z#DEBUG#a9262da0-80ea-11f1-b4c6-eeee0a8be332.OPERATION#flowable-async-job-executor-thread-42532#
[BindServiceToApplicationStep] Getting async job "7f909e88-ceb4-45bb-a3b4-bda36a69de95"#
#2026 07 16 07:48:25.404#Z#DEBUG#a9262da0-80ea-11f1-b4c6-eeee0a8be332.OPERATION#flowable-async-job-executor-thread-42532#
[BindServiceToApplicationStep] Getting service instance "Inventory-assistant-auth"...#
#2026 07 16 07:48:25.413#Z#DEBUG#a9262da0-80ea-11f1-b4c6-eeee0a8be332.OPERATION#flowable-async-job-executor-thread-42535#
[BindServiceToApplicationStep] Async service binding operation with id "9fd66955-359e-463e-9a15-ddce7b437bc3" finished#
#2026 07 16 07:48:25.416#Z#DEBUG#a9262da0-80ea-11f1-b4c6-eeee0a8be332.OPERATION#flowable-async-job-executor-thread-42535#
Step "Bind Service to Application" finished#
#2026 07 16 07:48:25.527#Z#DEBUG#a9262da0-80ea-11f1-b4c6-eeee0a8be332.OPERATION#flowable-async-job-executor-thread-42532#
[BindServiceToApplicationStep] Async service binding operation with id "7f909e88-ceb4-45bb-a3b4-bda36a69de95" finished#
#2026 07 16 07:48:25.528#Z#DEBUG#a9262da0-80ea-11f1-b4c6-eeee0a8be332.OPERATION#flowable-async-job-executor-thread-42532#
Step "Bind Service to Application" finished#
#2026 07 16 07:48:35.203#Z#DEBUG#a9262da0-80ea-11f1-b4c6-eeee0a8be332.OPERATION#flowable-async-job-executor-thread-42545#
[BindServiceToApplicationStep] Executing task "bindServiceToApplicationTask" of process "b6ee9f30-80ea-11f1-9ea1-eeee0a8b4756"...#
#2026 07 16 07:48:35.205#Z#DEBUG#a9262da0-80ea-11f1-b4c6-eeee0a8be332.OPERATION#flowable-async-job-executor-thread-42545#
[BindServiceToApplicationStep] Getting async job "44f5c2d6-e076-4f34-accf-f4edd8240ed2"#
#2026 07 16 07:48:35.244#Z#DEBUG#a9262da0-80ea-11f1-b4c6-eeee0a8be332.OPERATION#flowable-async-job-executor-thread-42545#
[BindServiceToApplicationStep] Getting service instance "Inventory-assistant-db"...#
#2026 07 16 07:48:35.279#Z#DEBUG#a9262da0-80ea-11f1-b4c6-eeee0a8be332.OPERATION#flowable-async-job-executor-thread-42540#
[BindServiceToApplicationStep] Executing task "bindServiceToApplicationTask" of process "b6888a38-80ea-11f1-9ea1-eeee0a8b4756"...#
#2026 07 16 07:48:35.281#Z#DEBUG#a9262da0-80ea-11f1-b4c6-eeee0a8be332.OPERATION#flowable-async-job-executor-thread-42540#
[BindServiceToApplicationStep] Getting async job "9d222cf9-fd5a-4b37-8f01-187f778c1c7d"#
#2026 07 16 07:48:35.288#Z#DEBUG#a9262da0-80ea-11f1-b4c6-eeee0a8be332.OPERATION#flowable-async-job-executor-thread-42539#
[BindServiceToApplicationStep] Executing task "bindServiceToApplicationTask" of process "b687edd3-80ea-11f1-9ea1-eeee0a8b4756"...#
#2026 07 16 07:48:35.290#Z#DEBUG#a9262da0-80ea-11f1-b4c6-eeee0a8be332.OPERATION#flowable-async-job-executor-thread-42539#
[BindServiceToApplicationStep] Getting async job "f0adb6f1-2066-45dd-9374-906c3202a96f"#
#2026 07 16 07:48:35.309#Z#DEBUG#a9262da0-80ea-11f1-b4c6-eeee0a8be332.OPERATION#flowable-async-job-executor-thread-42540#
[BindServiceToApplicationStep] Getting service instance "Inventory-assistant-destination"...#
#2026 07 16 07:48:35.323#Z#DEBUG#a9262da0-80ea-11f1-b4c6-eeee0a8be332.OPERATION#flowable-async-job-executor-thread-42539#
[BindServiceToApplicationStep] Getting service instance "Inventory-assistant-db"...#
#2026 07 16 07:48:35.335#Z#DEBUG#a9262da0-80ea-11f1-b4c6-eeee0a8be332.OPERATION#flowable-async-job-executor-thread-42545#
[BindServiceToApplicationStep] Async service binding operation with id "44f5c2d6-e076-4f34-accf-f4edd8240ed2" finished#
#2026 07 16 07:48:35.337#Z#DEBUG#a9262da0-80ea-11f1-b4c6-eeee0a8be332.OPERATION#flowable-async-job-executor-thread-42545#
Step "Bind Service to Application" finished#
#2026 07 16 07:48:35.434#Z#DEBUG#a9262da0-80ea-11f1-b4c6-eeee0a8be332.OPERATION#flowable-async-job-executor-thread-42540#
[BindServiceToApplicationStep] Async service binding operation with id "9d222cf9-fd5a-4b37-8f01-187f778c1c7d" finished#
#2026 07 16 07:48:35.434#Z#DEBUG#a9262da0-80ea-11f1-b4c6-eeee0a8be332.OPERATION#flowable-async-job-executor-thread-42539#
[BindServiceToApplicationStep] Async service binding operation with id "f0adb6f1-2066-45dd-9374-906c3202a96f" finished#
#2026 07 16 07:48:35.435#Z#DEBUG#a9262da0-80ea-11f1-b4c6-eeee0a8be332.OPERATION#flowable-async-job-executor-thread-42540#
Step "Bind Service to Application" finished#
#2026 07 16 07:48:35.436#Z#DEBUG#a9262da0-80ea-11f1-b4c6-eeee0a8be332.OPERATION#flowable-async-job-executor-thread-42539#
Step "Bind Service to Application" finished#
#2026 07 16 07:48:35.525#Z#DEBUG#a9262da0-80ea-11f1-b4c6-eeee0a8be332.OPERATION#flowable-async-job-executor-thread-42546#
[DetermineVcapServicesPropertiesChangedStep] Executing task "determineVcapServicesPropertiesChangedTask" of process "bfd9cb20-80ea-11f1-b4c6-eeee0a8be332"...#
#2026 07 16 07:48:35.532#Z#DEBUG#a9262da0-80ea-11f1-b4c6-eeee0a8be332.OPERATION#flowable-async-job-executor-thread-42546#
[DetermineVcapServicesPropertiesChangedStep] VCAP_SERVICES properties for application "Inventory-assistant-db-deployer" changed: true#
#2026 07 16 07:48:35.532#Z#DEBUG#a9262da0-80ea-11f1-b4c6-eeee0a8be332.OPERATION#flowable-async-job-executor-thread-42546#
Step "Determine vcap services properties changed" finished#
#2026 07 16 07:48:35.619#Z#DEBUG#a9262da0-80ea-11f1-b4c6-eeee0a8be332.OPERATION#flowable-async-job-executor-thread-42540#
[DetermineVcapServicesPropertiesChangedStep] Executing task "determineVcapServicesPropertiesChangedTask" of process "bfe6757f-80ea-11f1-b4c6-eeee0a8be332"...#
#2026 07 16 07:48:35.622#Z#DEBUG#a9262da0-80ea-11f1-b4c6-eeee0a8be332.OPERATION#flowable-async-job-executor-thread-42540#
[DetermineVcapServicesPropertiesChangedStep] VCAP_SERVICES properties for application "Inventory-assistant" changed: true#
#2026 07 16 07:48:35.622#Z#DEBUG#a9262da0-80ea-11f1-b4c6-eeee0a8be332.OPERATION#flowable-async-job-executor-thread-42540#
Step "Determine vcap services properties changed" finished#
#2026 07 16 07:48:35.636#Z#DEBUG#a9262da0-80ea-11f1-b4c6-eeee0a8be332.OPERATION#flowable-async-job-executor-thread-42539#
[DetermineVcapServicesPropertiesChangedStep] Executing task "determineVcapServicesPropertiesChangedTask" of process "bfe84951-80ea-11f1-b4c6-eeee0a8be332"...#
#2026 07 16 07:48:35.637#Z#DEBUG#a9262da0-80ea-11f1-b4c6-eeee0a8be332.OPERATION#flowable-async-job-executor-thread-42539#
[DetermineVcapServicesPropertiesChangedStep] VCAP_SERVICES properties for application "Inventory-assistant-srv" changed: true#
#2026 07 16 07:48:35.637#Z#DEBUG#a9262da0-80ea-11f1-b4c6-eeee0a8be332.OPERATION#flowable-async-job-executor-thread-42539#
Step "Determine vcap services properties changed" finished#
#2026 07 16 07:48:35.585#Z#DEBUG#a9262da0-80ea-11f1-b4c6-eeee0a8be332.OPERATION#flowable-async-job-executor-thread-42546#
[UploadAppStep] Executing task "uploadAppTask" of process "bfd9cb20-80ea-11f1-b4c6-eeee0a8be332"...#
#2026 07 16 07:48:35.591#Z#DEBUG#a9262da0-80ea-11f1-b4c6-eeee0a8be332.OPERATION#flowable-async-job-executor-thread-42546#
[UploadAppStep] Application upload timeout is default one: 3,600 seconds#
#2026 07 16 07:48:35.591#Z#INFO#a9262da0-80ea-11f1-b4c6-eeee0a8be332.OPERATION#flowable-async-job-executor-thread-42546#
[UploadAppStep] Uploading application "Inventory-assistant-db-deployer"...#
#2026 07 16 07:48:35.602#Z#DEBUG#a9262da0-80ea-11f1-b4c6-eeee0a8be332.OPERATION#flowable-async-job-executor-thread-42546#
[UploadAppStep] Getting application "Inventory-assistant-db-deployer"...#
#2026 07 16 07:48:35.630#Z#DEBUG#a9262da0-80ea-11f1-b4c6-eeee0a8be332.OPERATION#flowable-async-job-executor-thread-42546#
[UploadAppStep] Getting environment of application "ec4c0e5d-3489-453d-8a41-ba819686eaaf"...#
#2026 07 16 07:48:35.658#Z#DEBUG#a9262da0-80ea-11f1-b4c6-eeee0a8be332.OPERATION#flowable-async-job-executor-thread-42540#
[UploadAppStep] Executing task "uploadAppTask" of process "bfe6757f-80ea-11f1-b4c6-eeee0a8be332"...#
#2026 07 16 07:48:35.663#Z#INFO#a9262da0-80ea-11f1-b4c6-eeee0a8be332.OPERATION#flowable-async-job-executor-thread-42546#
[UploadAppStep] Calculating application digest: "Inventory-assistant-db-deployer"#
#2026 07 16 07:48:35.664#Z#DEBUG#a9262da0-80ea-11f1-b4c6-eeee0a8be332.OPERATION#flowable-async-job-executor-thread-42540#
[UploadAppStep] Application upload timeout is default one: 3,600 seconds#
#2026 07 16 07:48:35.664#Z#INFO#a9262da0-80ea-11f1-b4c6-eeee0a8be332.OPERATION#flowable-async-job-executor-thread-42540#
[UploadAppStep] Uploading application "Inventory-assistant"...#
#2026 07 16 07:48:35.683#Z#DEBUG#a9262da0-80ea-11f1-b4c6-eeee0a8be332.OPERATION#flowable-async-job-executor-thread-42540#
[UploadAppStep] Getting application "Inventory-assistant"...#
#2026 07 16 07:48:35.688#Z#DEBUG#a9262da0-80ea-11f1-b4c6-eeee0a8be332.OPERATION#flowable-async-job-executor-thread-42539#
[UploadAppStep] Executing task "uploadAppTask" of process "bfe84951-80ea-11f1-b4c6-eeee0a8be332"...#
#2026 07 16 07:48:35.691#Z#DEBUG#a9262da0-80ea-11f1-b4c6-eeee0a8be332.OPERATION#flowable-async-job-executor-thread-42539#
[UploadAppStep] Application upload timeout is default one: 3,600 seconds#
#2026 07 16 07:48:35.691#Z#INFO#a9262da0-80ea-11f1-b4c6-eeee0a8be332.OPERATION#flowable-async-job-executor-thread-42539#
[UploadAppStep] Uploading application "Inventory-assistant-srv"...#
#2026 07 16 07:48:35.698#Z#DEBUG#a9262da0-80ea-11f1-b4c6-eeee0a8be332.OPERATION#flowable-async-job-executor-thread-42539#
[UploadAppStep] Getting application "Inventory-assistant-srv"...#
#2026 07 16 07:48:35.716#Z#DEBUG#a9262da0-80ea-11f1-b4c6-eeee0a8be332.OPERATION#flowable-async-job-executor-thread-42540#
[UploadAppStep] Getting environment of application "e21195ec-6369-450c-8cd7-f37e1a211e26"...#
#2026 07 16 07:48:35.725#Z#DEBUG#a9262da0-80ea-11f1-b4c6-eeee0a8be332.OPERATION#flowable-async-job-executor-thread-42539#
[UploadAppStep] Getting environment of application "55452eb1-268d-4f32-9a08-a67bae3cbd50"...#
#2026 07 16 07:48:35.749#Z#INFO#a9262da0-80ea-11f1-b4c6-eeee0a8be332.OPERATION#flowable-async-job-executor-thread-42540#
[UploadAppStep] Calculating application digest: "Inventory-assistant"#
#2026 07 16 07:48:35.757#Z#INFO#a9262da0-80ea-11f1-b4c6-eeee0a8be332.OPERATION#flowable-async-job-executor-thread-42539#
[UploadAppStep] Calculating application digest: "Inventory-assistant-srv"#
#2026 07 16 07:48:35.871#Z#DEBUG#a9262da0-80ea-11f1-b4c6-eeee0a8be332.OPERATION#flowable-async-job-executor-thread-42546#
Step "Upload App" finished#
#2026 07 16 07:48:35.908#Z#DEBUG#a9262da0-80ea-11f1-b4c6-eeee0a8be332.OPERATION#flowable-async-job-executor-thread-42540#
Step "Upload App" finished#
#2026 07 16 07:48:35.932#Z#DEBUG#a9262da0-80ea-11f1-b4c6-eeee0a8be332.OPERATION#flowable-async-job-executor-thread-42539#
Step "Upload App" finished#
#2026 07 16 07:48:45.368#Z#DEBUG#a9262da0-80ea-11f1-b4c6-eeee0a8be332.OPERATION#flowable-async-job-executor-thread-42548#
[UploadAppStep] Executing task "uploadAppTask" of process "bfe6757f-80ea-11f1-b4c6-eeee0a8be332"...#
#2026 07 16 07:48:45.371#Z#DEBUG#a9262da0-80ea-11f1-b4c6-eeee0a8be332.OPERATION#flowable-async-job-executor-thread-42548#
[UploadAppStep] Application upload timeout is default one: 3,600 seconds#
#2026 07 16 07:48:45.374#Z#DEBUG#a9262da0-80ea-11f1-b4c6-eeee0a8be332.OPERATION#pool-21-thread-5#
[UploadAppStep] Upload of application: Inventory-assistant started on instance: 2#
#2026 07 16 07:48:45.374#Z#DEBUG#a9262da0-80ea-11f1-b4c6-eeee0a8be332.OPERATION#pool-21-thread-5#
[UploadAppStep] Uploading file "Inventory-assistant/data.zip" for application "Inventory-assistant"#
#2026 07 16 07:48:45.637#Z#INFO#a9262da0-80ea-11f1-b4c6-eeee0a8be332.OPERATION#pool-21-thread-5#
[UploadAppStep] Time elapsed for app binary download: 263 in millis#
#2026 07 16 07:48:45.637#Z#INFO#a9262da0-80ea-11f1-b4c6-eeee0a8be332.OPERATION#pool-21-thread-5#
[UploadAppStep] Size of app Inventory-assistant is 7,547,173 bytes#
#2026 07 16 07:48:45.637#Z#DEBUG#a9262da0-80ea-11f1-b4c6-eeee0a8be332.OPERATION#pool-21-thread-5#
[UploadAppStep] Asynchronously uploading binaries for application "Inventory-assistant"...#
#2026 07 16 07:48:45.887#Z#INFO#a9262da0-80ea-11f1-b4c6-eeee0a8be332.OPERATION#pool-21-thread-5#
[UploadAppStep] Started async upload of application "Inventory-assistant"#
#2026 07 16 07:48:45.892#Z#INFO#a9262da0-80ea-11f1-b4c6-eeee0a8be332.OPERATION#flowable-async-job-executor-thread-42548#
[UploadAppStep] Time elapsed for upload: 521 in millis#
#2026 07 16 07:48:45.892#Z#DEBUG#a9262da0-80ea-11f1-b4c6-eeee0a8be332.OPERATION#flowable-async-job-executor-thread-42548#
[UploadAppStep] Getting application "Inventory-assistant"...#
#2026 07 16 07:48:45.921#Z#DEBUG#a9262da0-80ea-11f1-b4c6-eeee0a8be332.OPERATION#flowable-async-job-executor-thread-42548#
[UploadAppStep] Getting environment of application "e21195ec-6369-450c-8cd7-f37e1a211e26"...#
#2026 07 16 07:48:45.925#Z#DEBUG#a9262da0-80ea-11f1-b4c6-eeee0a8be332.OPERATION#App upload monitor: 0e773fe3-eac3-4b16-b422-864b7ff4ca42#
[UploadAppStep] Upload status: PROCESSING_UPLOAD#
#2026 07 16 07:48:45.954#Z#DEBUG#a9262da0-80ea-11f1-b4c6-eeee0a8be332.OPERATION#flowable-async-job-executor-thread-42548#
[UploadAppStep] Updating environment of application "Inventory-assistant"#
#2026 07 16 07:48:46.024#Z#DEBUG#a9262da0-80ea-11f1-b4c6-eeee0a8be332.OPERATION#flowable-async-job-executor-thread-42548#
Step "Upload App" finished#
#2026 07 16 07:48:45.387#Z#DEBUG#a9262da0-80ea-11f1-b4c6-eeee0a8be332.OPERATION#flowable-async-job-executor-thread-26241#
[UploadAppStep] Executing task "uploadAppTask" of process "bfd9cb20-80ea-11f1-b4c6-eeee0a8be332"...#
#2026 07 16 07:48:45.389#Z#DEBUG#a9262da0-80ea-11f1-b4c6-eeee0a8be332.OPERATION#flowable-async-job-executor-thread-26241#
[UploadAppStep] Application upload timeout is default one: 3,600 seconds#
#2026 07 16 07:48:45.393#Z#DEBUG#a9262da0-80ea-11f1-b4c6-eeee0a8be332.OPERATION#pool-21-thread-6#
[UploadAppStep] Upload of application: Inventory-assistant-db-deployer started on instance: 0#
#2026 07 16 07:48:45.393#Z#DEBUG#a9262da0-80ea-11f1-b4c6-eeee0a8be332.OPERATION#pool-21-thread-6#
[UploadAppStep] Uploading file "Inventory-assistant-db-deployer/data.zip" for application "Inventory-assistant-db-deployer"#
#2026 07 16 07:48:45.401#Z#DEBUG#a9262da0-80ea-11f1-b4c6-eeee0a8be332.OPERATION#flowable-async-job-executor-thread-26242#
[UploadAppStep] Executing task "uploadAppTask" of process "bfe84951-80ea-11f1-b4c6-eeee0a8be332"...#
#2026 07 16 07:48:45.405#Z#DEBUG#a9262da0-80ea-11f1-b4c6-eeee0a8be332.OPERATION#flowable-async-job-executor-thread-26242#
[UploadAppStep] Application upload timeout is default one: 3,600 seconds#
#2026 07 16 07:48:45.410#Z#DEBUG#a9262da0-80ea-11f1-b4c6-eeee0a8be332.OPERATION#pool-21-thread-5#
[UploadAppStep] Upload of application: Inventory-assistant-srv started on instance: 0#
#2026 07 16 07:48:45.410#Z#DEBUG#a9262da0-80ea-11f1-b4c6-eeee0a8be332.OPERATION#pool-21-thread-5#
[UploadAppStep] Uploading file "Inventory-assistant-srv/data.zip" for application "Inventory-assistant-srv"#
#2026 07 16 07:48:45.620#Z#INFO#a9262da0-80ea-11f1-b4c6-eeee0a8be332.OPERATION#pool-21-thread-5#
[UploadAppStep] Time elapsed for app binary download: 210 in millis#
#2026 07 16 07:48:45.621#Z#INFO#a9262da0-80ea-11f1-b4c6-eeee0a8be332.OPERATION#pool-21-thread-5#
[UploadAppStep] Size of app Inventory-assistant-srv is 6,500,454 bytes#
#2026 07 16 07:48:45.621#Z#DEBUG#a9262da0-80ea-11f1-b4c6-eeee0a8be332.OPERATION#pool-21-thread-5#
[UploadAppStep] Asynchronously uploading binaries for application "Inventory-assistant-srv"...#
#2026 07 16 07:48:45.621#Z#INFO#a9262da0-80ea-11f1-b4c6-eeee0a8be332.OPERATION#pool-21-thread-6#
[UploadAppStep] Time elapsed for app binary download: 228 in millis#
#2026 07 16 07:48:45.621#Z#INFO#a9262da0-80ea-11f1-b4c6-eeee0a8be332.OPERATION#pool-21-thread-6#
[UploadAppStep] Size of app Inventory-assistant-db-deployer is 2,445,144 bytes#
#2026 07 16 07:48:45.621#Z#DEBUG#a9262da0-80ea-11f1-b4c6-eeee0a8be332.OPERATION#pool-21-thread-6#
[UploadAppStep] Asynchronously uploading binaries for application "Inventory-assistant-db-deployer"...#
#2026 07 16 07:48:45.878#Z#INFO#a9262da0-80ea-11f1-b4c6-eeee0a8be332.OPERATION#pool-21-thread-6#
[UploadAppStep] Started async upload of application "Inventory-assistant-db-deployer"#
#2026 07 16 07:48:45.886#Z#INFO#a9262da0-80ea-11f1-b4c6-eeee0a8be332.OPERATION#flowable-async-job-executor-thread-26241#
[UploadAppStep] Time elapsed for upload: 496 in millis#
#2026 07 16 07:48:45.886#Z#DEBUG#a9262da0-80ea-11f1-b4c6-eeee0a8be332.OPERATION#flowable-async-job-executor-thread-26241#
[UploadAppStep] Getting application "Inventory-assistant-db-deployer"...#
#2026 07 16 07:48:45.900#Z#DEBUG#a9262da0-80ea-11f1-b4c6-eeee0a8be332.OPERATION#App upload monitor: e2453f86-66eb-49f8-8d7a-b3487f6a53bf#
[UploadAppStep] Upload status: PROCESSING_UPLOAD#
#2026 07 16 07:48:45.906#Z#INFO#a9262da0-80ea-11f1-b4c6-eeee0a8be332.OPERATION#pool-21-thread-5#
[UploadAppStep] Started async upload of application "Inventory-assistant-srv"#
#2026 07 16 07:48:45.912#Z#INFO#a9262da0-80ea-11f1-b4c6-eeee0a8be332.OPERATION#flowable-async-job-executor-thread-26242#
[UploadAppStep] Time elapsed for upload: 507 in millis#
#2026 07 16 07:48:45.912#Z#DEBUG#a9262da0-80ea-11f1-b4c6-eeee0a8be332.OPERATION#flowable-async-job-executor-thread-26242#
[UploadAppStep] Getting application "Inventory-assistant-srv"...#
#2026 07 16 07:48:45.918#Z#DEBUG#a9262da0-80ea-11f1-b4c6-eeee0a8be332.OPERATION#flowable-async-job-executor-thread-26241#
[UploadAppStep] Getting environment of application "ec4c0e5d-3489-453d-8a41-ba819686eaaf"...#
#2026 07 16 07:48:45.932#Z#DEBUG#a9262da0-80ea-11f1-b4c6-eeee0a8be332.OPERATION#App upload monitor: 2de25005-25eb-4ea5-ad6c-790718be7b0e#
[UploadAppStep] Upload status: PROCESSING_UPLOAD#
#2026 07 16 07:48:45.948#Z#DEBUG#a9262da0-80ea-11f1-b4c6-eeee0a8be332.OPERATION#flowable-async-job-executor-thread-26242#
[UploadAppStep] Getting environment of application "55452eb1-268d-4f32-9a08-a67bae3cbd50"...#
#2026 07 16 07:48:45.953#Z#DEBUG#a9262da0-80ea-11f1-b4c6-eeee0a8be332.OPERATION#flowable-async-job-executor-thread-26241#
[UploadAppStep] Updating environment of application "Inventory-assistant-db-deployer"#
#2026 07 16 07:48:45.988#Z#DEBUG#a9262da0-80ea-11f1-b4c6-eeee0a8be332.OPERATION#flowable-async-job-executor-thread-26242#
[UploadAppStep] Updating environment of application "Inventory-assistant-srv"#
#2026 07 16 07:48:46.031#Z#DEBUG#a9262da0-80ea-11f1-b4c6-eeee0a8be332.OPERATION#flowable-async-job-executor-thread-26241#
Step "Upload App" finished#
#2026 07 16 07:48:46.067#Z#DEBUG#a9262da0-80ea-11f1-b4c6-eeee0a8be332.OPERATION#flowable-async-job-executor-thread-26242#
Step "Upload App" finished#
#2026 07 16 07:48:50.924#Z#DEBUG#a9262da0-80ea-11f1-b4c6-eeee0a8be332.OPERATION#App upload monitor: e2453f86-66eb-49f8-8d7a-b3487f6a53bf#
[UploadAppStep] Upload status: READY#
#2026 07 16 07:48:50.950#Z#DEBUG#a9262da0-80ea-11f1-b4c6-eeee0a8be332.OPERATION#App upload monitor: 0e773fe3-eac3-4b16-b422-864b7ff4ca42#
[UploadAppStep] Upload status: PROCESSING_UPLOAD#
#2026 07 16 07:48:55.459#Z#DEBUG#a9262da0-80ea-11f1-b4c6-eeee0a8be332.OPERATION#flowable-async-job-executor-thread-42548#
[UploadAppStep] Executing task "uploadAppTask" of process "bfd9cb20-80ea-11f1-b4c6-eeee0a8be332"...#
#2026 07 16 07:48:55.462#Z#DEBUG#a9262da0-80ea-11f1-b4c6-eeee0a8be332.OPERATION#flowable-async-job-executor-thread-42548#
[UploadAppStep] Application upload timeout is default one: 3,600 seconds#
#2026 07 16 07:48:55.462#Z#DEBUG#a9262da0-80ea-11f1-b4c6-eeee0a8be332.OPERATION#flowable-async-job-executor-thread-42548#
[UploadAppStep] Checking upload status of application "Inventory-assistant-db-deployer"...#
#2026 07 16 07:48:55.463#Z#DEBUG#a9262da0-80ea-11f1-b4c6-eeee0a8be332.OPERATION#flowable-async-job-executor-thread-42548#
[UploadAppStep] Getting package "e2453f86-66eb-49f8-8d7a-b3487f6a53bf"...#
#2026 07 16 07:48:55.487#Z#DEBUG#a9262da0-80ea-11f1-b4c6-eeee0a8be332.OPERATION#flowable-async-job-executor-thread-42547#
[UploadAppStep] Executing task "uploadAppTask" of process "bfe84951-80ea-11f1-b4c6-eeee0a8be332"...#
#2026 07 16 07:48:55.488#Z#DEBUG#a9262da0-80ea-11f1-b4c6-eeee0a8be332.OPERATION#flowable-async-job-executor-thread-42548#
[UploadAppStep] Application "Inventory-assistant-db-deployer" uploaded#
#2026 07 16 07:48:55.488#Z#DEBUG#a9262da0-80ea-11f1-b4c6-eeee0a8be332.OPERATION#flowable-async-job-executor-thread-42547#
[UploadAppStep] Application upload timeout is default one: 3,600 seconds#
#2026 07 16 07:48:55.488#Z#DEBUG#a9262da0-80ea-11f1-b4c6-eeee0a8be332.OPERATION#flowable-async-job-executor-thread-42547#
[UploadAppStep] Checking upload status of application "Inventory-assistant-srv"...#
#2026 07 16 07:48:55.489#Z#DEBUG#a9262da0-80ea-11f1-b4c6-eeee0a8be332.OPERATION#flowable-async-job-executor-thread-42548#
Step "Upload App" finished#
#2026 07 16 07:48:55.489#Z#DEBUG#a9262da0-80ea-11f1-b4c6-eeee0a8be332.OPERATION#flowable-async-job-executor-thread-42547#
[UploadAppStep] Getting package "2de25005-25eb-4ea5-ad6c-790718be7b0e"...#
#2026 07 16 07:48:55.518#Z#DEBUG#a9262da0-80ea-11f1-b4c6-eeee0a8be332.OPERATION#flowable-async-job-executor-thread-42547#
[UploadAppStep] Application "Inventory-assistant-srv" uploaded#
#2026 07 16 07:48:55.519#Z#DEBUG#a9262da0-80ea-11f1-b4c6-eeee0a8be332.OPERATION#flowable-async-job-executor-thread-42547#
Step "Upload App" finished#
#2026 07 16 07:48:55.631#Z#DEBUG#a9262da0-80ea-11f1-b4c6-eeee0a8be332.OPERATION#flowable-async-job-executor-thread-42550#
[ScaleAppStep] Executing task "scaleAppTask" of process "bfd9cb20-80ea-11f1-b4c6-eeee0a8be332"...#
#2026 07 16 07:48:55.632#Z#DEBUG#a9262da0-80ea-11f1-b4c6-eeee0a8be332.OPERATION#flowable-async-job-executor-thread-42550#
[ScaleAppStep] Scaling application "Inventory-assistant-db-deployer"...#
#2026 07 16 07:48:55.632#Z#DEBUG#a9262da0-80ea-11f1-b4c6-eeee0a8be332.OPERATION#flowable-async-job-executor-thread-42550#
[ScaleAppStep] Application "Inventory-assistant-db-deployer" scaled#
#2026 07 16 07:48:55.632#Z#DEBUG#a9262da0-80ea-11f1-b4c6-eeee0a8be332.OPERATION#flowable-async-job-executor-thread-42550#
Step "Scale App" finished#
#2026 07 16 07:48:55.667#Z#DEBUG#a9262da0-80ea-11f1-b4c6-eeee0a8be332.OPERATION#flowable-async-job-executor-thread-42550#
[ScaleAppStep] Executing task "scaleAppTask" of process "bfe84951-80ea-11f1-b4c6-eeee0a8be332"...#
#2026 07 16 07:48:55.668#Z#DEBUG#a9262da0-80ea-11f1-b4c6-eeee0a8be332.OPERATION#flowable-async-job-executor-thread-42550#
[ScaleAppStep] Scaling application "Inventory-assistant-srv"...#
#2026 07 16 07:48:55.668#Z#DEBUG#a9262da0-80ea-11f1-b4c6-eeee0a8be332.OPERATION#flowable-async-job-executor-thread-42550#
[ScaleAppStep] Application "Inventory-assistant-srv" scaled#
#2026 07 16 07:48:55.668#Z#DEBUG#a9262da0-80ea-11f1-b4c6-eeee0a8be332.OPERATION#flowable-async-job-executor-thread-42550#
Step "Scale App" finished#
#2026 07 16 07:48:55.658#Z#DEBUG#a9262da0-80ea-11f1-b4c6-eeee0a8be332.OPERATION#flowable-async-job-executor-thread-42554#
[UploadAppStep] Executing task "uploadAppTask" of process "bfe6757f-80ea-11f1-b4c6-eeee0a8be332"...#
#2026 07 16 07:48:55.660#Z#DEBUG#a9262da0-80ea-11f1-b4c6-eeee0a8be332.OPERATION#flowable-async-job-executor-thread-42554#
[UploadAppStep] Application upload timeout is default one: 3,600 seconds#
#2026 07 16 07:48:55.660#Z#DEBUG#a9262da0-80ea-11f1-b4c6-eeee0a8be332.OPERATION#flowable-async-job-executor-thread-42554#
[UploadAppStep] Checking upload status of application "Inventory-assistant"...#
#2026 07 16 07:48:55.661#Z#DEBUG#a9262da0-80ea-11f1-b4c6-eeee0a8be332.OPERATION#flowable-async-job-executor-thread-42554#
[UploadAppStep] Getting package "0e773fe3-eac3-4b16-b422-864b7ff4ca42"...#
#2026 07 16 07:48:55.689#Z#DEBUG#a9262da0-80ea-11f1-b4c6-eeee0a8be332.OPERATION#flowable-async-job-executor-thread-42554#
[UploadAppStep] Application "Inventory-assistant" uploaded#
#2026 07 16 07:48:55.691#Z#DEBUG#a9262da0-80ea-11f1-b4c6-eeee0a8be332.OPERATION#flowable-async-job-executor-thread-42554#
Step "Upload App" finished#
#2026 07 16 07:48:55.698#Z#DEBUG#a9262da0-80ea-11f1-b4c6-eeee0a8be332.OPERATION#flowable-async-job-executor-thread-42548#
[DetermineDesiredStateAchievingActionsStep] Executing task "determineDesiredStateAchievingActionsTask" of process "bfd9cb20-80ea-11f1-b4c6-eeee0a8be332"...#
#2026 07 16 07:48:55.700#Z#DEBUG#a9262da0-80ea-11f1-b4c6-eeee0a8be332.OPERATION#flowable-async-job-executor-thread-42548#
[DetermineDesiredStateAchievingActionsStep] Getting application "Inventory-assistant-db-deployer"...#
#2026 07 16 07:48:55.723#Z#DEBUG#a9262da0-80ea-11f1-b4c6-eeee0a8be332.OPERATION#flowable-async-job-executor-thread-42548#
[DetermineDesiredStateAchievingActionsStep] Getting instances for application "Inventory-assistant-db-deployer"...#
#2026 07 16 07:48:55.723#Z#DEBUG#a9262da0-80ea-11f1-b4c6-eeee0a8be332.OPERATION#flowable-async-job-executor-thread-42548#
[DetermineDesiredStateAchievingActionsStep] Getting environment of application "ec4c0e5d-3489-453d-8a41-ba819686eaaf"...#
#2026 07 16 07:48:55.759#Z#DEBUG#a9262da0-80ea-11f1-b4c6-eeee0a8be332.OPERATION#flowable-async-job-executor-thread-42550#
[DetermineDesiredStateAchievingActionsStep] Executing task "determineDesiredStateAchievingActionsTask" of process "bfe84951-80ea-11f1-b4c6-eeee0a8be332"...#
#2026 07 16 07:48:55.761#Z#DEBUG#a9262da0-80ea-11f1-b4c6-eeee0a8be332.OPERATION#flowable-async-job-executor-thread-42548#
[DetermineDesiredStateAchievingActionsStep] Current state of application Inventory-assistant-db-deployer: STOPPED#
#2026 07 16 07:48:55.761#Z#DEBUG#a9262da0-80ea-11f1-b4c6-eeee0a8be332.OPERATION#flowable-async-job-executor-thread-42548#
[DetermineDesiredStateAchievingActionsStep] Desired state of application Inventory-assistant-db-deployer: STOPPED#
#2026 07 16 07:48:55.761#Z#DEBUG#a9262da0-80ea-11f1-b4c6-eeee0a8be332.OPERATION#flowable-async-job-executor-thread-42548#
[DetermineDesiredStateAchievingActionsStep] Actions that should be executed on application Inventory-assistant-db-deployer: [STAGE]#
#2026 07 16 07:48:55.761#Z#DEBUG#a9262da0-80ea-11f1-b4c6-eeee0a8be332.OPERATION#flowable-async-job-executor-thread-42548#
Step "Determine Desired State Achieving Actions" finished#
#2026 07 16 07:48:55.769#Z#DEBUG#a9262da0-80ea-11f1-b4c6-eeee0a8be332.OPERATION#flowable-async-job-executor-thread-42552#
[ScaleAppStep] Executing task "scaleAppTask" of process "bfe6757f-80ea-11f1-b4c6-eeee0a8be332"...#
#2026 07 16 07:48:55.771#Z#DEBUG#a9262da0-80ea-11f1-b4c6-eeee0a8be332.OPERATION#flowable-async-job-executor-thread-42552#
[ScaleAppStep] Scaling application "Inventory-assistant"...#
#2026 07 16 07:48:55.771#Z#DEBUG#a9262da0-80ea-11f1-b4c6-eeee0a8be332.OPERATION#flowable-async-job-executor-thread-42552#
[ScaleAppStep] Application "Inventory-assistant" scaled#
#2026 07 16 07:48:55.771#Z#DEBUG#a9262da0-80ea-11f1-b4c6-eeee0a8be332.OPERATION#flowable-async-job-executor-thread-42552#
Step "Scale App" finished#
#2026 07 16 07:48:55.762#Z#DEBUG#a9262da0-80ea-11f1-b4c6-eeee0a8be332.OPERATION#flowable-async-job-executor-thread-42550#
[DetermineDesiredStateAchievingActionsStep] Getting application "Inventory-assistant-srv"...#
#2026 07 16 07:48:55.792#Z#DEBUG#a9262da0-80ea-11f1-b4c6-eeee0a8be332.OPERATION#flowable-async-job-executor-thread-42550#
[DetermineDesiredStateAchievingActionsStep] Getting instances for application "Inventory-assistant-srv"...#
#2026 07 16 07:48:55.793#Z#DEBUG#a9262da0-80ea-11f1-b4c6-eeee0a8be332.OPERATION#flowable-async-job-executor-thread-42550#
[DetermineDesiredStateAchievingActionsStep] Getting environment of application "55452eb1-268d-4f32-9a08-a67bae3cbd50"...#
#2026 07 16 07:48:55.823#Z#DEBUG#a9262da0-80ea-11f1-b4c6-eeee0a8be332.OPERATION#flowable-async-job-executor-thread-42547#
[DetermineDesiredStateAchievingActionsStep] Executing task "determineDesiredStateAchievingActionsTask" of process "bfe6757f-80ea-11f1-b4c6-eeee0a8be332"...#
#2026 07 16 07:48:55.826#Z#DEBUG#a9262da0-80ea-11f1-b4c6-eeee0a8be332.OPERATION#flowable-async-job-executor-thread-42547#
[DetermineDesiredStateAchievingActionsStep] Getting application "Inventory-assistant"...#
#2026 07 16 07:48:55.832#Z#DEBUG#a9262da0-80ea-11f1-b4c6-eeee0a8be332.OPERATION#flowable-async-job-executor-thread-42550#
[DetermineDesiredStateAchievingActionsStep] Current state of application Inventory-assistant-srv: STOPPED#
#2026 07 16 07:48:55.832#Z#DEBUG#a9262da0-80ea-11f1-b4c6-eeee0a8be332.OPERATION#flowable-async-job-executor-thread-42550#
[DetermineDesiredStateAchievingActionsStep] Desired state of application Inventory-assistant-srv: STARTED#
#2026 07 16 07:48:55.832#Z#DEBUG#a9262da0-80ea-11f1-b4c6-eeee0a8be332.OPERATION#flowable-async-job-executor-thread-42550#
[DetermineDesiredStateAchievingActionsStep] Actions that should be executed on application Inventory-assistant-srv: [STAGE, START]#
#2026 07 16 07:48:55.833#Z#DEBUG#a9262da0-80ea-11f1-b4c6-eeee0a8be332.OPERATION#flowable-async-job-executor-thread-42550#
Step "Determine Desired State Achieving Actions" finished#
#2026 07 16 07:48:55.870#Z#DEBUG#a9262da0-80ea-11f1-b4c6-eeee0a8be332.OPERATION#flowable-async-job-executor-thread-42547#
[DetermineDesiredStateAchievingActionsStep] Getting instances for application "Inventory-assistant"...#
#2026 07 16 07:48:55.870#Z#DEBUG#a9262da0-80ea-11f1-b4c6-eeee0a8be332.OPERATION#flowable-async-job-executor-thread-42547#
[DetermineDesiredStateAchievingActionsStep] Getting environment of application "e21195ec-6369-450c-8cd7-f37e1a211e26"...#
#2026 07 16 07:48:55.903#Z#DEBUG#a9262da0-80ea-11f1-b4c6-eeee0a8be332.OPERATION#flowable-async-job-executor-thread-42547#
[DetermineDesiredStateAchievingActionsStep] Current state of application Inventory-assistant: STOPPED#
#2026 07 16 07:48:55.903#Z#DEBUG#a9262da0-80ea-11f1-b4c6-eeee0a8be332.OPERATION#flowable-async-job-executor-thread-42547#
[DetermineDesiredStateAchievingActionsStep] Desired state of application Inventory-assistant: STARTED#
#2026 07 16 07:48:55.903#Z#DEBUG#a9262da0-80ea-11f1-b4c6-eeee0a8be332.OPERATION#flowable-async-job-executor-thread-42547#
[DetermineDesiredStateAchievingActionsStep] Actions that should be executed on application Inventory-assistant: [STAGE, START]#
#2026 07 16 07:48:55.903#Z#DEBUG#a9262da0-80ea-11f1-b4c6-eeee0a8be332.OPERATION#flowable-async-job-executor-thread-42547#
Step "Determine Desired State Achieving Actions" finished#
#2026 07 16 07:48:55.974#Z#DEBUG#a9262da0-80ea-11f1-b4c6-eeee0a8be332.OPERATION#App upload monitor: 0e773fe3-eac3-4b16-b422-864b7ff4ca42#
[UploadAppStep] Upload status: READY#
#2026 07 16 07:48:50.954#Z#DEBUG#a9262da0-80ea-11f1-b4c6-eeee0a8be332.OPERATION#App upload monitor: 2de25005-25eb-4ea5-ad6c-790718be7b0e#
[UploadAppStep] Upload status: PROCESSING_UPLOAD#
#2026 07 16 07:48:55.998#Z#DEBUG#a9262da0-80ea-11f1-b4c6-eeee0a8be332.OPERATION#App upload monitor: 2de25005-25eb-4ea5-ad6c-790718be7b0e#
[UploadAppStep] Upload status: READY#
#2026 07 16 07:48:55.849#Z#DEBUG#a9262da0-80ea-11f1-b4c6-eeee0a8be332.OPERATION#flowable-async-job-executor-thread-42549#
[StageAppStep] Executing task "stageAppTask" of process "bfd9cb20-80ea-11f1-b4c6-eeee0a8be332"...#
#2026 07 16 07:48:55.851#Z#DEBUG#a9262da0-80ea-11f1-b4c6-eeee0a8be332.OPERATION#flowable-async-job-executor-thread-42549#
[StageAppStep] Application stage timeout is default one: 3,600 seconds#
#2026 07 16 07:48:55.853#Z#INFO#a9262da0-80ea-11f1-b4c6-eeee0a8be332.OPERATION#flowable-async-job-executor-thread-42549#
[StageAppStep] Staging application "Inventory-assistant-db-deployer"...#
#2026 07 16 07:48:55.861#Z#DEBUG#a9262da0-80ea-11f1-b4c6-eeee0a8be332.OPERATION#flowable-async-job-executor-thread-42549#
[StageAppStep] Creating build for package "e2453f86-66eb-49f8-8d7a-b3487f6a53bf"...#
#2026 07 16 07:48:55.883#Z#DEBUG#a9262da0-80ea-11f1-b4c6-eeee0a8be332.OPERATION#flowable-async-job-executor-thread-42550#
[StageAppStep] Executing task "stageAppTask" of process "bfe84951-80ea-11f1-b4c6-eeee0a8be332"...#
#2026 07 16 07:48:55.885#Z#DEBUG#a9262da0-80ea-11f1-b4c6-eeee0a8be332.OPERATION#flowable-async-job-executor-thread-42550#
[StageAppStep] Application stage timeout is default one: 3,600 seconds#
#2026 07 16 07:48:55.887#Z#INFO#a9262da0-80ea-11f1-b4c6-eeee0a8be332.OPERATION#flowable-async-job-executor-thread-42550#
[StageAppStep] Staging application "Inventory-assistant-srv"...#
#2026 07 16 07:48:55.892#Z#DEBUG#a9262da0-80ea-11f1-b4c6-eeee0a8be332.OPERATION#flowable-async-job-executor-thread-42550#
[StageAppStep] Creating build for package "2de25005-25eb-4ea5-ad6c-790718be7b0e"...#
#2026 07 16 07:48:55.940#Z#DEBUG#a9262da0-80ea-11f1-b4c6-eeee0a8be332.OPERATION#flowable-async-job-executor-thread-42547#
[StageAppStep] Executing task "stageAppTask" of process "bfe6757f-80ea-11f1-b4c6-eeee0a8be332"...#
#2026 07 16 07:48:55.943#Z#DEBUG#a9262da0-80ea-11f1-b4c6-eeee0a8be332.OPERATION#flowable-async-job-executor-thread-42547#
[StageAppStep] Application stage timeout is default one: 3,600 seconds#
#2026 07 16 07:48:55.946#Z#INFO#a9262da0-80ea-11f1-b4c6-eeee0a8be332.OPERATION#flowable-async-job-executor-thread-42547#
[StageAppStep] Staging application "Inventory-assistant"...#
#2026 07 16 07:48:55.952#Z#DEBUG#a9262da0-80ea-11f1-b4c6-eeee0a8be332.OPERATION#flowable-async-job-executor-thread-42547#
[StageAppStep] Creating build for package "0e773fe3-eac3-4b16-b422-864b7ff4ca42"...#
#2026 07 16 07:48:56.283#Z#DEBUG#a9262da0-80ea-11f1-b4c6-eeee0a8be332.OPERATION#flowable-async-job-executor-thread-42549#
Step "Stage App" finished#
#2026 07 16 07:48:56.290#Z#DEBUG#a9262da0-80ea-11f1-b4c6-eeee0a8be332.OPERATION#flowable-async-job-executor-thread-42550#
Step "Stage App" finished#
#2026 07 16 07:48:57.642#Z#DEBUG#a9262da0-80ea-11f1-b4c6-eeee0a8be332.OPERATION#flowable-async-job-executor-thread-42547#
Step "Stage App" finished#
#2026 07 16 07:49:05.563#Z#DEBUG#a9262da0-80ea-11f1-b4c6-eeee0a8be332.OPERATION#flowable-async-job-executor-thread-42548#
[StageAppStep] Executing task "stageAppTask" of process "bfe6757f-80ea-11f1-b4c6-eeee0a8be332"...#
#2026 07 16 07:49:05.566#Z#DEBUG#a9262da0-80ea-11f1-b4c6-eeee0a8be332.OPERATION#flowable-async-job-executor-thread-42548#
[StageAppStep] Application stage timeout is default one: 3,600 seconds#
#2026 07 16 07:49:05.567#Z#DEBUG#a9262da0-80ea-11f1-b4c6-eeee0a8be332.OPERATION#flowable-async-job-executor-thread-42548#
[StageAppStep] Checking status of application "Inventory-assistant"...#
#2026 07 16 07:49:05.567#Z#DEBUG#a9262da0-80ea-11f1-b4c6-eeee0a8be332.OPERATION#flowable-async-job-executor-thread-42548#
[StageAppStep] Getting build "cd62b7dd-a7f2-4b53-b014-baac50e15918"...#
#2026 07 16 07:49:05.607#Z#DEBUG#a9262da0-80ea-11f1-b4c6-eeee0a8be332.OPERATION#flowable-async-job-executor-thread-42548#
[StageAppStep] Staging status of application "Inventory-assistant": PENDING#
#2026 07 16 07:49:05.608#Z#DEBUG#a9262da0-80ea-11f1-b4c6-eeee0a8be332.OPERATION#flowable-async-job-executor-thread-42548#
[StageAppStep] Getting application guid "Inventory-assistant"...#
#2026 07 16 07:49:05.693#Z#DEBUG#a9262da0-80ea-11f1-b4c6-eeee0a8be332.OPERATION#flowable-async-job-executor-thread-42548#
Step "Stage App" finished#
#2026 07 16 07:49:05.616#Z#DEBUG#a9262da0-80ea-11f1-b4c6-eeee0a8be332.OPERATION#flowable-async-job-executor-thread-26673#
[StageAppStep] Executing task "stageAppTask" of process "bfd9cb20-80ea-11f1-b4c6-eeee0a8be332"...#
#2026 07 16 07:49:05.619#Z#DEBUG#a9262da0-80ea-11f1-b4c6-eeee0a8be332.OPERATION#flowable-async-job-executor-thread-26673#
[StageAppStep] Application stage timeout is default one: 3,600 seconds#
#2026 07 16 07:49:05.620#Z#DEBUG#a9262da0-80ea-11f1-b4c6-eeee0a8be332.OPERATION#flowable-async-job-executor-thread-26673#
[StageAppStep] Checking status of application "Inventory-assistant-db-deployer"...#
#2026 07 16 07:49:05.620#Z#DEBUG#a9262da0-80ea-11f1-b4c6-eeee0a8be332.OPERATION#flowable-async-job-executor-thread-26673#
[StageAppStep] Getting build "f90744c8-e5db-425d-98c7-04b6c5d1dac4"...#
#2026 07 16 07:49:05.655#Z#DEBUG#a9262da0-80ea-11f1-b4c6-eeee0a8be332.OPERATION#flowable-async-job-executor-thread-26673#
[StageAppStep] Staging status of application "Inventory-assistant-db-deployer": PENDING#
#2026 07 16 07:49:05.657#Z#DEBUG#a9262da0-80ea-11f1-b4c6-eeee0a8be332.OPERATION#flowable-async-job-executor-thread-26673#
[StageAppStep] Getting application guid "Inventory-assistant-db-deployer"...#
#2026 07 16 07:49:05.745#Z#DEBUG#a9262da0-80ea-11f1-b4c6-eeee0a8be332.OPERATION#flowable-async-job-executor-thread-26673#
Step "Stage App" finished#
#2026 07 16 07:49:06.103#Z#DEBUG#a9262da0-80ea-11f1-b4c6-eeee0a8be332.OPERATION#flowable-async-job-executor-thread-42547#
[StageAppStep] Executing task "stageAppTask" of process "bfe84951-80ea-11f1-b4c6-eeee0a8be332"...#
#2026 07 16 07:49:06.105#Z#DEBUG#a9262da0-80ea-11f1-b4c6-eeee0a8be332.OPERATION#flowable-async-job-executor-thread-42547#
[StageAppStep] Application stage timeout is default one: 3,600 seconds#
#2026 07 16 07:49:06.108#Z#DEBUG#a9262da0-80ea-11f1-b4c6-eeee0a8be332.OPERATION#flowable-async-job-executor-thread-42547#
[StageAppStep] Checking status of application "Inventory-assistant-srv"...#
#2026 07 16 07:49:06.108#Z#DEBUG#a9262da0-80ea-11f1-b4c6-eeee0a8be332.OPERATION#flowable-async-job-executor-thread-42547#
[StageAppStep] Getting build "3c6740da-5140-4a19-b0e6-9cab46d6b43f"...#
#2026 07 16 07:49:06.139#Z#DEBUG#a9262da0-80ea-11f1-b4c6-eeee0a8be332.OPERATION#flowable-async-job-executor-thread-42547#
[StageAppStep] Staging status of application "Inventory-assistant-srv": PENDING#
#2026 07 16 07:49:06.141#Z#DEBUG#a9262da0-80ea-11f1-b4c6-eeee0a8be332.OPERATION#flowable-async-job-executor-thread-42547#
[StageAppStep] Getting application guid "Inventory-assistant-srv"...#
#2026 07 16 07:49:06.223#Z#DEBUG#a9262da0-80ea-11f1-b4c6-eeee0a8be332.OPERATION#flowable-async-job-executor-thread-42547#
Step "Stage App" finished#
#2026 07 16 07:49:15.724#Z#DEBUG#a9262da0-80ea-11f1-b4c6-eeee0a8be332.OPERATION#flowable-async-job-executor-thread-42560#
[StageAppStep] Executing task "stageAppTask" of process "bfe6757f-80ea-11f1-b4c6-eeee0a8be332"...#
#2026 07 16 07:49:15.727#Z#DEBUG#a9262da0-80ea-11f1-b4c6-eeee0a8be332.OPERATION#flowable-async-job-executor-thread-42560#
[StageAppStep] Application stage timeout is default one: 3,600 seconds#
#2026 07 16 07:49:15.730#Z#DEBUG#a9262da0-80ea-11f1-b4c6-eeee0a8be332.OPERATION#flowable-async-job-executor-thread-42560#
[StageAppStep] Checking status of application "Inventory-assistant"...#
#2026 07 16 07:49:15.730#Z#DEBUG#a9262da0-80ea-11f1-b4c6-eeee0a8be332.OPERATION#flowable-async-job-executor-thread-42560#
[StageAppStep] Getting build "cd62b7dd-a7f2-4b53-b014-baac50e15918"...#
#2026 07 16 07:49:15.731#Z#DEBUG#a9262da0-80ea-11f1-b4c6-eeee0a8be332.OPERATION#flowable-async-job-executor-thread-42562#
[StageAppStep] Executing task "stageAppTask" of process "bfd9cb20-80ea-11f1-b4c6-eeee0a8be332"...#
#2026 07 16 07:49:15.735#Z#DEBUG#a9262da0-80ea-11f1-b4c6-eeee0a8be332.OPERATION#flowable-async-job-executor-thread-42562#
[StageAppStep] Application stage timeout is default one: 3,600 seconds#
#2026 07 16 07:49:15.737#Z#DEBUG#a9262da0-80ea-11f1-b4c6-eeee0a8be332.OPERATION#flowable-async-job-executor-thread-42562#
[StageAppStep] Checking status of application "Inventory-assistant-db-deployer"...#
#2026 07 16 07:49:15.737#Z#DEBUG#a9262da0-80ea-11f1-b4c6-eeee0a8be332.OPERATION#flowable-async-job-executor-thread-42562#
[StageAppStep] Getting build "f90744c8-e5db-425d-98c7-04b6c5d1dac4"...#
#2026 07 16 07:49:15.766#Z#DEBUG#a9262da0-80ea-11f1-b4c6-eeee0a8be332.OPERATION#flowable-async-job-executor-thread-42560#
[StageAppStep] Staging status of application "Inventory-assistant": PENDING#
#2026 07 16 07:49:15.768#Z#DEBUG#a9262da0-80ea-11f1-b4c6-eeee0a8be332.OPERATION#flowable-async-job-executor-thread-42560#
[StageAppStep] Getting application guid "Inventory-assistant"...#
#2026 07 16 07:49:15.771#Z#DEBUG#a9262da0-80ea-11f1-b4c6-eeee0a8be332.OPERATION#flowable-async-job-executor-thread-42562#
[StageAppStep] Staging status of application "Inventory-assistant-db-deployer": PENDING#
#2026 07 16 07:49:15.772#Z#DEBUG#a9262da0-80ea-11f1-b4c6-eeee0a8be332.OPERATION#flowable-async-job-executor-thread-42562#
[StageAppStep] Getting application guid "Inventory-assistant-db-deployer"...#
#2026 07 16 07:49:15.858#Z#DEBUG#a9262da0-80ea-11f1-b4c6-eeee0a8be332.OPERATION#flowable-async-job-executor-thread-42560#
Step "Stage App" finished#
#2026 07 16 07:49:15.918#Z#DEBUG#a9262da0-80ea-11f1-b4c6-eeee0a8be332.OPERATION#flowable-async-job-executor-thread-42562#
Step "Stage App" finished#
#2026 07 16 07:49:16.093#Z#DEBUG#a9262da0-80ea-11f1-b4c6-eeee0a8be332.OPERATION#flowable-async-job-executor-thread-42563#
[StageAppStep] Executing task "stageAppTask" of process "bfe84951-80ea-11f1-b4c6-eeee0a8be332"...#
#2026 07 16 07:49:16.095#Z#DEBUG#a9262da0-80ea-11f1-b4c6-eeee0a8be332.OPERATION#flowable-async-job-executor-thread-42563#
[StageAppStep] Application stage timeout is default one: 3,600 seconds#
#2026 07 16 07:49:16.096#Z#DEBUG#a9262da0-80ea-11f1-b4c6-eeee0a8be332.OPERATION#flowable-async-job-executor-thread-42563#
[StageAppStep] Checking status of application "Inventory-assistant-srv"...#
#2026 07 16 07:49:16.096#Z#DEBUG#a9262da0-80ea-11f1-b4c6-eeee0a8be332.OPERATION#flowable-async-job-executor-thread-42563#
[StageAppStep] Getting build "3c6740da-5140-4a19-b0e6-9cab46d6b43f"...#
#2026 07 16 07:49:16.125#Z#DEBUG#a9262da0-80ea-11f1-b4c6-eeee0a8be332.OPERATION#flowable-async-job-executor-thread-42563#
[StageAppStep] Staging status of application "Inventory-assistant-srv": PENDING#
#2026 07 16 07:49:16.126#Z#DEBUG#a9262da0-80ea-11f1-b4c6-eeee0a8be332.OPERATION#flowable-async-job-executor-thread-42563#
[StageAppStep] Getting application guid "Inventory-assistant-srv"...#
#2026 07 16 07:49:16.209#Z#DEBUG#a9262da0-80ea-11f1-b4c6-eeee0a8be332.OPERATION#flowable-async-job-executor-thread-42563#
Step "Stage App" finished#
#2026 07 16 07:49:26.174#Z#DEBUG#a9262da0-80ea-11f1-b4c6-eeee0a8be332.OPERATION#flowable-async-job-executor-thread-26255#
Step "Stage App" finished#
#2026 07 16 07:49:25.913#Z#DEBUG#a9262da0-80ea-11f1-b4c6-eeee0a8be332.OPERATION#flowable-async-job-executor-thread-26253#
[StageAppStep] Executing task "stageAppTask" of process "bfd9cb20-80ea-11f1-b4c6-eeee0a8be332"...#
#2026 07 16 07:49:25.915#Z#DEBUG#a9262da0-80ea-11f1-b4c6-eeee0a8be332.OPERATION#flowable-async-job-executor-thread-26253#
[StageAppStep] Application stage timeout is default one: 3,600 seconds#
#2026 07 16 07:49:25.917#Z#DEBUG#a9262da0-80ea-11f1-b4c6-eeee0a8be332.OPERATION#flowable-async-job-executor-thread-26253#
[StageAppStep] Checking status of application "Inventory-assistant-db-deployer"...#
#2026 07 16 07:49:25.917#Z#DEBUG#a9262da0-80ea-11f1-b4c6-eeee0a8be332.OPERATION#flowable-async-job-executor-thread-26253#
[StageAppStep] Getting build "f90744c8-e5db-425d-98c7-04b6c5d1dac4"...#
#2026 07 16 07:49:25.952#Z#DEBUG#a9262da0-80ea-11f1-b4c6-eeee0a8be332.OPERATION#flowable-async-job-executor-thread-26253#
[StageAppStep] Staging status of application "Inventory-assistant-db-deployer": STAGED#
#2026 07 16 07:49:25.954#Z#DEBUG#a9262da0-80ea-11f1-b4c6-eeee0a8be332.OPERATION#flowable-async-job-executor-thread-26253#
[StageAppStep] Getting application guid "Inventory-assistant-db-deployer"...#
#2026 07 16 07:49:26.039#Z#DEBUG#a9262da0-80ea-11f1-b4c6-eeee0a8be332.OPERATION#flowable-async-job-executor-thread-26255#
[StageAppStep] Executing task "stageAppTask" of process "bfe6757f-80ea-11f1-b4c6-eeee0a8be332"...#
#2026 07 16 07:49:26.042#Z#DEBUG#a9262da0-80ea-11f1-b4c6-eeee0a8be332.OPERATION#flowable-async-job-executor-thread-26255#
[StageAppStep] Application stage timeout is default one: 3,600 seconds#
#2026 07 16 07:49:26.044#Z#DEBUG#a9262da0-80ea-11f1-b4c6-eeee0a8be332.OPERATION#flowable-async-job-executor-thread-26255#
[StageAppStep] Checking status of application "Inventory-assistant"...#
#2026 07 16 07:49:26.044#Z#DEBUG#a9262da0-80ea-11f1-b4c6-eeee0a8be332.OPERATION#flowable-async-job-executor-thread-26255#
[StageAppStep] Getting build "cd62b7dd-a7f2-4b53-b014-baac50e15918"...#
#2026 07 16 07:49:26.057#Z#DEBUG#a9262da0-80ea-11f1-b4c6-eeee0a8be332.OPERATION#flowable-async-job-executor-thread-26253#
[StageAppStep] Getting build "f90744c8-e5db-425d-98c7-04b6c5d1dac4"...#
#2026 07 16 07:49:26.079#Z#DEBUG#a9262da0-80ea-11f1-b4c6-eeee0a8be332.OPERATION#flowable-async-job-executor-thread-26255#
[StageAppStep] Staging status of application "Inventory-assistant": PENDING#
#2026 07 16 07:49:26.080#Z#DEBUG#a9262da0-80ea-11f1-b4c6-eeee0a8be332.OPERATION#flowable-async-job-executor-thread-26255#
[StageAppStep] Getting application guid "Inventory-assistant"...#
#2026 07 16 07:49:26.099#Z#DEBUG#a9262da0-80ea-11f1-b4c6-eeee0a8be332.OPERATION#flowable-async-job-executor-thread-26253#
[StageAppStep] Binding droplet "64812e4e-86b9-4b9b-99bc-0cad9dab991d" to application "ec4c0e5d-3489-453d-8a41-ba819686eaaf"...#
#2026 07 16 07:49:26.161#Z#INFO#a9262da0-80ea-11f1-b4c6-eeee0a8be332.OPERATION#flowable-async-job-executor-thread-26253#
[StageAppStep] Application "Inventory-assistant-db-deployer" staged#
#2026 07 16 07:49:26.173#Z#DEBUG#a9262da0-80ea-11f1-b4c6-eeee0a8be332.OPERATION#flowable-async-job-executor-thread-26253#
Step "Stage App" finished#
#2026 07 16 07:49:26.384#Z#DEBUG#a9262da0-80ea-11f1-b4c6-eeee0a8be332.OPERATION#flowable-async-job-executor-thread-26253#
[PrepareToExecuteTasksStep] Executing task "prepareToExecuteTasksTask" of process "de1fbadb-80ea-11f1-9ea1-eeee0a8b4756"...#
#2026 07 16 07:49:26.390#Z#DEBUG#a9262da0-80ea-11f1-b4c6-eeee0a8be332.OPERATION#flowable-async-job-executor-thread-26253#
Step "Prepare To Execute Tasks" finished#
#2026 07 16 07:49:26.500#Z#DEBUG#a9262da0-80ea-11f1-b4c6-eeee0a8be332.OPERATION#flowable-async-job-executor-thread-42568#
[StageAppStep] Executing task "stageAppTask" of process "bfe84951-80ea-11f1-b4c6-eeee0a8be332"...#
#2026 07 16 07:49:26.502#Z#DEBUG#a9262da0-80ea-11f1-b4c6-eeee0a8be332.OPERATION#flowable-async-job-executor-thread-42568#
[StageAppStep] Application stage timeout is default one: 3,600 seconds#
#2026 07 16 07:49:26.503#Z#DEBUG#a9262da0-80ea-11f1-b4c6-eeee0a8be332.OPERATION#flowable-async-job-executor-thread-42568#
[StageAppStep] Checking status of application "Inventory-assistant-srv"...#
#2026 07 16 07:49:26.503#Z#DEBUG#a9262da0-80ea-11f1-b4c6-eeee0a8be332.OPERATION#flowable-async-job-executor-thread-42568#
[StageAppStep] Getting build "3c6740da-5140-4a19-b0e6-9cab46d6b43f"...#
#2026 07 16 07:49:26.538#Z#DEBUG#a9262da0-80ea-11f1-b4c6-eeee0a8be332.OPERATION#flowable-async-job-executor-thread-42568#
[StageAppStep] Staging status of application "Inventory-assistant-srv": STAGED#
#2026 07 16 07:49:26.539#Z#DEBUG#a9262da0-80ea-11f1-b4c6-eeee0a8be332.OPERATION#flowable-async-job-executor-thread-42568#
[StageAppStep] Getting application guid "Inventory-assistant-srv"...#
#2026 07 16 07:49:26.732#Z#DEBUG#a9262da0-80ea-11f1-b4c6-eeee0a8be332.OPERATION#flowable-async-job-executor-thread-42568#
[StageAppStep] Getting build "3c6740da-5140-4a19-b0e6-9cab46d6b43f"...#
#2026 07 16 07:49:26.766#Z#DEBUG#a9262da0-80ea-11f1-b4c6-eeee0a8be332.OPERATION#flowable-async-job-executor-thread-42568#
[StageAppStep] Binding droplet "b2c5b531-f700-49ca-81c8-21e4ea4a2468" to application "55452eb1-268d-4f32-9a08-a67bae3cbd50"...#
#2026 07 16 07:49:26.816#Z#INFO#a9262da0-80ea-11f1-b4c6-eeee0a8be332.OPERATION#flowable-async-job-executor-thread-42568#
[StageAppStep] Application "Inventory-assistant-srv" staged#
#2026 07 16 07:49:26.823#Z#DEBUG#a9262da0-80ea-11f1-b4c6-eeee0a8be332.OPERATION#flowable-async-job-executor-thread-42568#
Step "Stage App" finished#
#2026 07 16 07:49:26.496#Z#DEBUG#a9262da0-80ea-11f1-b4c6-eeee0a8be332.OPERATION#flowable-async-job-executor-thread-26253#
[ExecuteTaskStep] Executing task "executeTaskTask" of process "de1fbadb-80ea-11f1-9ea1-eeee0a8b4756"...#
#2026 07 16 07:49:26.501#Z#DEBUG#a9262da0-80ea-11f1-b4c6-eeee0a8be332.OPERATION#flowable-async-job-executor-thread-26253#
[ExecuteTaskStep] Application task execution timeout is default one: 43,200 seconds#
#2026 07 16 07:49:26.505#Z#INFO#a9262da0-80ea-11f1-b4c6-eeee0a8be332.OPERATION#flowable-async-job-executor-thread-26253#
[ExecuteTaskStep] Executing task "deploy" on application "Inventory-assistant-db-deployer"...#
#2026 07 16 07:49:26.514#Z#DEBUG#a9262da0-80ea-11f1-b4c6-eeee0a8be332.OPERATION#flowable-async-job-executor-thread-26253#
[ExecuteTaskStep] Running task on application "Inventory-assistant-db-deployer": {
  "name" : "deploy",
  "command" : "npm start",
  "limits" : {
    "memory" : 256
  }
}#
#2026 07 16 07:49:26.831#Z#DEBUG#a9262da0-80ea-11f1-b4c6-eeee0a8be332.OPERATION#flowable-async-job-executor-thread-26253#
Step "Execute Task" finished#
#2026 07 16 07:49:26.906#Z#DEBUG#a9262da0-80ea-11f1-b4c6-eeee0a8be332.OPERATION#flowable-async-job-executor-thread-42559#
[RestartAppStep] Executing task "startAppTask" of process "bfe84951-80ea-11f1-b4c6-eeee0a8be332"...#
#2026 07 16 07:49:26.908#Z#DEBUG#a9262da0-80ea-11f1-b4c6-eeee0a8be332.OPERATION#flowable-async-job-executor-thread-42559#
[RestartAppStep] Application start timeout is default one: 3,600 seconds#
#2026 07 16 07:49:26.910#Z#DEBUG#a9262da0-80ea-11f1-b4c6-eeee0a8be332.OPERATION#flowable-async-job-executor-thread-42559#
[RestartAppStep] Getting application "Inventory-assistant-srv"...#
#2026 07 16 07:49:26.943#Z#INFO#a9262da0-80ea-11f1-b4c6-eeee0a8be332.OPERATION#flowable-async-job-executor-thread-42559#
[RestartAppStep] Starting application "Inventory-assistant-srv"...#
#2026 07 16 07:49:26.948#Z#DEBUG#a9262da0-80ea-11f1-b4c6-eeee0a8be332.OPERATION#flowable-async-job-executor-thread-42559#
[RestartAppStep] Starting application "Inventory-assistant-srv"...#
#2026 07 16 07:49:27.222#Z#DEBUG#a9262da0-80ea-11f1-b4c6-eeee0a8be332.OPERATION#flowable-async-job-executor-thread-42559#
Step "Start App" finished#
#2026 07 16 07:49:36.137#Z#DEBUG#a9262da0-80ea-11f1-b4c6-eeee0a8be332.OPERATION#flowable-async-job-executor-thread-42573#
[RestartAppStep] Executing task "startAppTask" of process "deb480f8-80ea-11f1-b4c6-eeee0a8be332"...#
#2026 07 16 07:49:36.140#Z#DEBUG#a9262da0-80ea-11f1-b4c6-eeee0a8be332.OPERATION#flowable-async-job-executor-thread-42573#
[RestartAppStep] Application start timeout is default one: 3,600 seconds#
#2026 07 16 07:49:36.141#Z#DEBUG#a9262da0-80ea-11f1-b4c6-eeee0a8be332.OPERATION#flowable-async-job-executor-thread-42573#
[RestartAppStep] Checking status of application "Inventory-assistant-srv"...#
#2026 07 16 07:49:36.141#Z#DEBUG#a9262da0-80ea-11f1-b4c6-eeee0a8be332.OPERATION#flowable-async-job-executor-thread-42573#
[RestartAppStep] Getting application "Inventory-assistant-srv"...#
#2026 07 16 07:49:36.175#Z#DEBUG#a9262da0-80ea-11f1-b4c6-eeee0a8be332.OPERATION#flowable-async-job-executor-thread-42573#
[RestartAppStep] Getting instances for application "Inventory-assistant-srv"...#
#2026 07 16 07:49:36.227#Z#DEBUG#a9262da0-80ea-11f1-b4c6-eeee0a8be332.OPERATION#flowable-async-job-executor-thread-42573#
[RestartAppStep] Application "Inventory-assistant-srv": 0 of 1 instances running (1 starting)#
#2026 07 16 07:49:36.259#Z#DEBUG#a9262da0-80ea-11f1-b4c6-eeee0a8be332.OPERATION#flowable-async-job-executor-thread-42573#
Step "Start App" finished#
#2026 07 16 07:49:36.181#Z#DEBUG#a9262da0-80ea-11f1-b4c6-eeee0a8be332.OPERATION#flowable-async-job-executor-thread-26691#
[ExecuteTaskStep] Executing task "executeTaskTask" of process "de1fbadb-80ea-11f1-9ea1-eeee0a8b4756"...#
#2026 07 16 07:49:36.185#Z#DEBUG#a9262da0-80ea-11f1-b4c6-eeee0a8be332.OPERATION#flowable-async-job-executor-thread-26691#
[ExecuteTaskStep] Application task execution timeout is default one: 43,200 seconds#
#2026 07 16 07:49:36.187#Z#DEBUG#a9262da0-80ea-11f1-b4c6-eeee0a8be332.OPERATION#flowable-async-job-executor-thread-26691#
[ExecuteTaskStep] Getting task "24db713d-c94e-498c-964d-9b22d0c5b47f"...#
#2026 07 16 07:49:36.216#Z#DEBUG#a9262da0-80ea-11f1-b4c6-eeee0a8be332.OPERATION#flowable-async-job-executor-thread-26691#
[ExecuteTaskStep] Task execution status: running#
#2026 07 16 07:49:36.219#Z#DEBUG#a9262da0-80ea-11f1-b4c6-eeee0a8be332.OPERATION#flowable-async-job-executor-thread-26691#
[ExecuteTaskStep] Getting application guid "Inventory-assistant-db-deployer"...#
#2026 07 16 07:49:36.314#Z#DEBUG#a9262da0-80ea-11f1-b4c6-eeee0a8be332.OPERATION#flowable-async-job-executor-thread-26691#
Step "Execute Task" finished#
#2026 07 16 07:49:36.148#Z#DEBUG#a9262da0-80ea-11f1-b4c6-eeee0a8be332.OPERATION#flowable-async-job-executor-thread-26690#
[StageAppStep] Executing task "stageAppTask" of process "bfe6757f-80ea-11f1-b4c6-eeee0a8be332"...#
#2026 07 16 07:49:36.151#Z#DEBUG#a9262da0-80ea-11f1-b4c6-eeee0a8be332.OPERATION#flowable-async-job-executor-thread-26690#
[StageAppStep] Application stage timeout is default one: 3,600 seconds#
#2026 07 16 07:49:36.152#Z#DEBUG#a9262da0-80ea-11f1-b4c6-eeee0a8be332.OPERATION#flowable-async-job-executor-thread-26690#
[StageAppStep] Checking status of application "Inventory-assistant"...#
#2026 07 16 07:49:36.152#Z#DEBUG#a9262da0-80ea-11f1-b4c6-eeee0a8be332.OPERATION#flowable-async-job-executor-thread-26690#
[StageAppStep] Getting build "cd62b7dd-a7f2-4b53-b014-baac50e15918"...#
#2026 07 16 07:49:36.188#Z#DEBUG#a9262da0-80ea-11f1-b4c6-eeee0a8be332.OPERATION#flowable-async-job-executor-thread-26690#
[StageAppStep] Staging status of application "Inventory-assistant": STAGED#
#2026 07 16 07:49:36.189#Z#DEBUG#a9262da0-80ea-11f1-b4c6-eeee0a8be332.OPERATION#flowable-async-job-executor-thread-26690#
[StageAppStep] Getting application guid "Inventory-assistant"...#
#2026 07 16 07:49:36.275#Z#DEBUG#a9262da0-80ea-11f1-b4c6-eeee0a8be332.OPERATION#flowable-async-job-executor-thread-26690#
[StageAppStep] Getting build "cd62b7dd-a7f2-4b53-b014-baac50e15918"...#
#2026 07 16 07:49:36.306#Z#DEBUG#a9262da0-80ea-11f1-b4c6-eeee0a8be332.OPERATION#flowable-async-job-executor-thread-26690#
[StageAppStep] Binding droplet "c641e0af-485c-458a-a5f0-dcb9d3b0f15f" to application "e21195ec-6369-450c-8cd7-f37e1a211e26"...#
#2026 07 16 07:49:36.356#Z#INFO#a9262da0-80ea-11f1-b4c6-eeee0a8be332.OPERATION#flowable-async-job-executor-thread-26690#
[StageAppStep] Application "Inventory-assistant" staged#
#2026 07 16 07:49:36.365#Z#DEBUG#a9262da0-80ea-11f1-b4c6-eeee0a8be332.OPERATION#flowable-async-job-executor-thread-26690#
Step "Stage App" finished#
#2026 07 16 07:49:36.424#Z#DEBUG#a9262da0-80ea-11f1-b4c6-eeee0a8be332.OPERATION#flowable-async-job-executor-thread-26690#
[RestartAppStep] Executing task "startAppTask" of process "bfe6757f-80ea-11f1-b4c6-eeee0a8be332"...#
#2026 07 16 07:49:36.428#Z#DEBUG#a9262da0-80ea-11f1-b4c6-eeee0a8be332.OPERATION#flowable-async-job-executor-thread-26690#
[RestartAppStep] Application start timeout is default one: 3,600 seconds#
#2026 07 16 07:49:36.431#Z#DEBUG#a9262da0-80ea-11f1-b4c6-eeee0a8be332.OPERATION#flowable-async-job-executor-thread-26690#
[RestartAppStep] Getting application "Inventory-assistant"...#
#2026 07 16 07:49:36.460#Z#INFO#a9262da0-80ea-11f1-b4c6-eeee0a8be332.OPERATION#flowable-async-job-executor-thread-26690#
[RestartAppStep] Starting application "Inventory-assistant"...#
#2026 07 16 07:49:36.467#Z#DEBUG#a9262da0-80ea-11f1-b4c6-eeee0a8be332.OPERATION#flowable-async-job-executor-thread-26690#
[RestartAppStep] Starting application "Inventory-assistant"...#
#2026 07 16 07:49:36.762#Z#DEBUG#a9262da0-80ea-11f1-b4c6-eeee0a8be332.OPERATION#flowable-async-job-executor-thread-26690#
Step "Start App" finished#
#2026 07 16 07:49:46.686#Z#DEBUG#a9262da0-80ea-11f1-b4c6-eeee0a8be332.OPERATION#flowable-async-job-executor-thread-42594#
[RestartAppStep] Executing task "startAppTask" of process "e4643122-80ea-11f1-b495-eeee0a83eefa"...#
#2026 07 16 07:49:46.699#Z#DEBUG#a9262da0-80ea-11f1-b4c6-eeee0a8be332.OPERATION#flowable-async-job-executor-thread-42594#
[RestartAppStep] Application start timeout is default one: 3,600 seconds#
#2026 07 16 07:49:46.701#Z#DEBUG#a9262da0-80ea-11f1-b4c6-eeee0a8be332.OPERATION#flowable-async-job-executor-thread-42594#
[RestartAppStep] Checking status of application "Inventory-assistant"...#
#2026 07 16 07:49:46.701#Z#DEBUG#a9262da0-80ea-11f1-b4c6-eeee0a8be332.OPERATION#flowable-async-job-executor-thread-42594#
[RestartAppStep] Getting application "Inventory-assistant"...#
#2026 07 16 07:49:46.726#Z#DEBUG#a9262da0-80ea-11f1-b4c6-eeee0a8be332.OPERATION#flowable-async-job-executor-thread-42581#
[RestartAppStep] Executing task "startAppTask" of process "e4177136-80ea-11f1-b4c6-eeee0a8be332"...#
#2026 07 16 07:49:46.730#Z#DEBUG#a9262da0-80ea-11f1-b4c6-eeee0a8be332.OPERATION#flowable-async-job-executor-thread-42581#
[RestartAppStep] Application start timeout is default one: 3,600 seconds#
#2026 07 16 07:49:46.733#Z#DEBUG#a9262da0-80ea-11f1-b4c6-eeee0a8be332.OPERATION#flowable-async-job-executor-thread-42581#
[RestartAppStep] Checking status of application "Inventory-assistant-srv"...#
#2026 07 16 07:49:46.735#Z#DEBUG#a9262da0-80ea-11f1-b4c6-eeee0a8be332.OPERATION#flowable-async-job-executor-thread-42581#
[RestartAppStep] Getting instances for application "Inventory-assistant-srv"...#
#2026 07 16 07:49:46.737#Z#DEBUG#a9262da0-80ea-11f1-b4c6-eeee0a8be332.OPERATION#flowable-async-job-executor-thread-42594#
[RestartAppStep] Getting instances for application "Inventory-assistant"...#
#2026 07 16 07:49:46.773#Z#DEBUG#a9262da0-80ea-11f1-b4c6-eeee0a8be332.OPERATION#flowable-async-job-executor-thread-42581#
[RestartAppStep] Application "Inventory-assistant-srv": 0 of 1 instances running (1 starting)#
#2026 07 16 07:49:46.776#Z#DEBUG#a9262da0-80ea-11f1-b4c6-eeee0a8be332.OPERATION#flowable-async-job-executor-thread-42594#
[RestartAppStep] Application "Inventory-assistant": 0 of 1 instances running (1 starting)#
#2026 07 16 07:49:46.806#Z#DEBUG#a9262da0-80ea-11f1-b4c6-eeee0a8be332.OPERATION#flowable-async-job-executor-thread-42581#
Step "Start App" finished#
#2026 07 16 07:49:46.693#Z#DEBUG#a9262da0-80ea-11f1-b4c6-eeee0a8be332.OPERATION#flowable-async-job-executor-thread-42595#
[ExecuteTaskStep] Executing task "executeTaskTask" of process "de1fbadb-80ea-11f1-9ea1-eeee0a8b4756"...#
#2026 07 16 07:49:46.698#Z#DEBUG#a9262da0-80ea-11f1-b4c6-eeee0a8be332.OPERATION#flowable-async-job-executor-thread-42595#
[ExecuteTaskStep] Application task execution timeout is default one: 43,200 seconds#
#2026 07 16 07:49:46.702#Z#DEBUG#a9262da0-80ea-11f1-b4c6-eeee0a8be332.OPERATION#flowable-async-job-executor-thread-42595#
[ExecuteTaskStep] Getting task "24db713d-c94e-498c-964d-9b22d0c5b47f"...#
#2026 07 16 07:49:46.736#Z#DEBUG#a9262da0-80ea-11f1-b4c6-eeee0a8be332.OPERATION#flowable-async-job-executor-thread-42595#
[ExecuteTaskStep] Task execution status: succeeded#
#2026 07 16 07:49:46.737#Z#DEBUG#a9262da0-80ea-11f1-b4c6-eeee0a8be332.OPERATION#flowable-async-job-executor-thread-42595#
[ExecuteTaskStep] Getting application guid "Inventory-assistant-db-deployer"...#
#2026 07 16 07:49:46.818#Z#DEBUG#a9262da0-80ea-11f1-b4c6-eeee0a8be332.OPERATION#flowable-async-job-executor-thread-42595#
Step "Execute Task" finished#
#2026 07 16 07:49:46.838#Z#DEBUG#a9262da0-80ea-11f1-b4c6-eeee0a8be332.OPERATION#flowable-async-job-executor-thread-42594#
Step "Start App" finished#
#2026 07 16 07:49:47.037#Z#DEBUG#a9262da0-80ea-11f1-b4c6-eeee0a8be332.OPERATION#flowable-async-job-executor-thread-42577#
[IncrementIndexStep] Executing task "incrementTaskIndexTask" of process "de1fbadb-80ea-11f1-9ea1-eeee0a8b4756"...#
#2026 07 16 07:49:47.039#Z#DEBUG#a9262da0-80ea-11f1-b4c6-eeee0a8be332.OPERATION#flowable-async-job-executor-thread-42577#
Step "Increment Task Index" finished#
#2026 07 16 07:49:47.196#Z#DEBUG#a9262da0-80ea-11f1-b4c6-eeee0a8be332.OPERATION#flowable-async-job-executor-thread-42577#
[PublishConfigurationEntriesStep] Executing task "publishProvidedDependenciesTask" of process "bfd9cb20-80ea-11f1-b4c6-eeee0a8be332"...#
#2026 07 16 07:49:47.199#Z#DEBUG#a9262da0-80ea-11f1-b4c6-eeee0a8be332.OPERATION#flowable-async-job-executor-thread-42577#
[PublishConfigurationEntriesStep] Publishing public provided dependencies for application "Inventory-assistant-db-deployer"...#
#2026 07 16 07:49:47.204#Z#DEBUG#a9262da0-80ea-11f1-b4c6-eeee0a8be332.OPERATION#flowable-async-job-executor-thread-42577#
[PublishConfigurationEntriesStep] No public provided dependencies for publishing#
#2026 07 16 07:49:47.204#Z#DEBUG#a9262da0-80ea-11f1-b4c6-eeee0a8be332.OPERATION#flowable-async-job-executor-thread-42577#
Step "Publish Provided Dependencies" finished#
#2026 07 16 07:49:47.286#Z#DEBUG#a9262da0-80ea-11f1-b4c6-eeee0a8be332.OPERATION#flowable-async-job-executor-thread-42577#
[CreateOrUpdateServiceBrokerStep] Executing task "createOrUpdateServiceBrokerTask" of process "bfd9cb20-80ea-11f1-b4c6-eeee0a8be332"...#
#2026 07 16 07:49:47.290#Z#DEBUG#a9262da0-80ea-11f1-b4c6-eeee0a8be332.OPERATION#flowable-async-job-executor-thread-42577#
[CreateOrUpdateServiceBrokerStep] Creating service brokers...#
#2026 07 16 07:49:47.293#Z#DEBUG#a9262da0-80ea-11f1-b4c6-eeee0a8be332.OPERATION#flowable-async-job-executor-thread-42577#
Step "Create Or Update Service Broker " finished#
#2026 07 16 07:49:57.145#Z#DEBUG#a9262da0-80ea-11f1-b4c6-eeee0a8be332.OPERATION#flowable-async-job-executor-thread-42599#
[RestartAppStep] Executing task "startAppTask" of process "ea61179d-80ea-11f1-b4c6-eeee0a8be332"...#
#2026 07 16 07:49:57.154#Z#DEBUG#a9262da0-80ea-11f1-b4c6-eeee0a8be332.OPERATION#flowable-async-job-executor-thread-42599#
[RestartAppStep] Application start timeout is default one: 3,600 seconds#
#2026 07 16 07:49:57.157#Z#DEBUG#a9262da0-80ea-11f1-b4c6-eeee0a8be332.OPERATION#flowable-async-job-executor-thread-42599#
[RestartAppStep] Checking status of application "Inventory-assistant-srv"...#
#2026 07 16 07:49:57.161#Z#DEBUG#a9262da0-80ea-11f1-b4c6-eeee0a8be332.OPERATION#flowable-async-job-executor-thread-42599#
[RestartAppStep] Getting instances for application "Inventory-assistant-srv"...#
#2026 07 16 07:49:57.219#Z#DEBUG#a9262da0-80ea-11f1-b4c6-eeee0a8be332.OPERATION#flowable-async-job-executor-thread-42599#
[RestartAppStep] Application "Inventory-assistant-srv": 0 of 1 instances running (1 starting)#
#2026 07 16 07:49:57.276#Z#DEBUG#a9262da0-80ea-11f1-b4c6-eeee0a8be332.OPERATION#flowable-async-job-executor-thread-42599#
Step "Start App" finished#
#2026 07 16 07:49:57.109#Z#DEBUG#a9262da0-80ea-11f1-b4c6-eeee0a8be332.OPERATION#flowable-async-job-executor-thread-26702#
[RestartAppStep] Executing task "startAppTask" of process "ea66e419-80ea-11f1-b4c6-eeee0a8be332"...#
#2026 07 16 07:49:57.116#Z#DEBUG#a9262da0-80ea-11f1-b4c6-eeee0a8be332.OPERATION#flowable-async-job-executor-thread-26702#
[RestartAppStep] Application start timeout is default one: 3,600 seconds#
#2026 07 16 07:49:57.120#Z#DEBUG#a9262da0-80ea-11f1-b4c6-eeee0a8be332.OPERATION#flowable-async-job-executor-thread-26702#
[RestartAppStep] Checking status of application "Inventory-assistant"...#
#2026 07 16 07:49:57.122#Z#DEBUG#a9262da0-80ea-11f1-b4c6-eeee0a8be332.OPERATION#flowable-async-job-executor-thread-26702#
[RestartAppStep] Getting instances for application "Inventory-assistant"...#
#2026 07 16 07:49:57.174#Z#DEBUG#a9262da0-80ea-11f1-b4c6-eeee0a8be332.OPERATION#flowable-async-job-executor-thread-26702#
[RestartAppStep] Application "Inventory-assistant": 1 of 1 instances running (1 running)#
#2026 07 16 07:49:57.238#Z#DEBUG#a9262da0-80ea-11f1-b4c6-eeee0a8be332.OPERATION#flowable-async-job-executor-thread-26702#
[RestartAppStep] Getting routes for application "e21195ec-6369-450c-8cd7-f37e1a211e26"...#
#2026 07 16 07:49:57.276#Z#INFO#a9262da0-80ea-11f1-b4c6-eeee0a8be332.OPERATION#flowable-async-job-executor-thread-26702#
[RestartAppStep] Application "Inventory-assistant" started and available at "b6bbf2b9trial-dev-inventory-assistant.cfapps.us10-001.hana.ondemand.com"#
#2026 07 16 07:49:57.285#Z#DEBUG#a9262da0-80ea-11f1-b4c6-eeee0a8be332.OPERATION#flowable-async-job-executor-thread-26702#
Step "Start App" finished#
#2026 07 16 07:50:07.452#Z#DEBUG#a9262da0-80ea-11f1-b4c6-eeee0a8be332.OPERATION#flowable-async-job-executor-thread-26706#
[RestartAppStep] Executing task "startAppTask" of process "f09fe81b-80ea-11f1-b495-eeee0a83eefa"...#
#2026 07 16 07:50:07.457#Z#DEBUG#a9262da0-80ea-11f1-b4c6-eeee0a8be332.OPERATION#flowable-async-job-executor-thread-26706#
[RestartAppStep] Application start timeout is default one: 3,600 seconds#
#2026 07 16 07:50:07.460#Z#DEBUG#a9262da0-80ea-11f1-b4c6-eeee0a8be332.OPERATION#flowable-async-job-executor-thread-26706#
Step "Start App" finished#
#2026 07 16 07:50:07.583#Z#DEBUG#a9262da0-80ea-11f1-b4c6-eeee0a8be332.OPERATION#flowable-async-job-executor-thread-26706#
[PrepareToExecuteTasksStep] Executing task "prepareToExecuteTasksTask" of process "f6b9f32c-80ea-11f1-b495-eeee0a83eefa"...#
#2026 07 16 07:50:07.586#Z#DEBUG#a9262da0-80ea-11f1-b4c6-eeee0a8be332.OPERATION#flowable-async-job-executor-thread-26706#
Step "Prepare To Execute Tasks" finished#
#2026 07 16 07:50:07.669#Z#DEBUG#a9262da0-80ea-11f1-b4c6-eeee0a8be332.OPERATION#flowable-async-job-executor-thread-26706#
[PublishConfigurationEntriesStep] Executing task "publishProvidedDependenciesTask" of process "f6b05619-80ea-11f1-b495-eeee0a83eefa"...#
#2026 07 16 07:50:07.674#Z#DEBUG#a9262da0-80ea-11f1-b4c6-eeee0a8be332.OPERATION#flowable-async-job-executor-thread-26706#
[PublishConfigurationEntriesStep] Publishing public provided dependencies for application "Inventory-assistant"...#
#2026 07 16 07:50:07.675#Z#DEBUG#a9262da0-80ea-11f1-b4c6-eeee0a8be332.OPERATION#flowable-async-job-executor-thread-26706#
[PublishConfigurationEntriesStep] No public provided dependencies for publishing#
#2026 07 16 07:50:07.675#Z#DEBUG#a9262da0-80ea-11f1-b4c6-eeee0a8be332.OPERATION#flowable-async-job-executor-thread-26706#
Step "Publish Provided Dependencies" finished#
#2026 07 16 07:50:07.726#Z#DEBUG#a9262da0-80ea-11f1-b4c6-eeee0a8be332.OPERATION#flowable-async-job-executor-thread-26706#
[CreateOrUpdateServiceBrokerStep] Executing task "createOrUpdateServiceBrokerTask" of process "f6b05619-80ea-11f1-b495-eeee0a83eefa"...#
#2026 07 16 07:50:07.729#Z#DEBUG#a9262da0-80ea-11f1-b4c6-eeee0a8be332.OPERATION#flowable-async-job-executor-thread-26706#
[CreateOrUpdateServiceBrokerStep] Creating service brokers...#
#2026 07 16 07:50:07.730#Z#DEBUG#a9262da0-80ea-11f1-b4c6-eeee0a8be332.OPERATION#flowable-async-job-executor-thread-26706#
Step "Create Or Update Service Broker " finished#
#2026 07 16 07:50:07.686#Z#DEBUG#a9262da0-80ea-11f1-b4c6-eeee0a8be332.OPERATION#flowable-async-job-executor-thread-42607#
[RestartAppStep] Executing task "startAppTask" of process "f09e8859-80ea-11f1-b4c6-eeee0a8be332"...#
#2026 07 16 07:50:07.701#Z#DEBUG#a9262da0-80ea-11f1-b4c6-eeee0a8be332.OPERATION#flowable-async-job-executor-thread-42607#
[RestartAppStep] Application start timeout is default one: 3,600 seconds#
#2026 07 16 07:50:07.706#Z#DEBUG#a9262da0-80ea-11f1-b4c6-eeee0a8be332.OPERATION#flowable-async-job-executor-thread-42607#
[RestartAppStep] Checking status of application "Inventory-assistant-srv"...#
#2026 07 16 07:50:07.710#Z#DEBUG#a9262da0-80ea-11f1-b4c6-eeee0a8be332.OPERATION#flowable-async-job-executor-thread-42607#
[RestartAppStep] Getting instances for application "Inventory-assistant-srv"...#
#2026 07 16 07:50:07.772#Z#DEBUG#a9262da0-80ea-11f1-b4c6-eeee0a8be332.OPERATION#flowable-async-job-executor-thread-42607#
[RestartAppStep] Application "Inventory-assistant-srv": 0 of 1 instances running (1 starting)#
#2026 07 16 07:50:07.872#Z#DEBUG#a9262da0-80ea-11f1-b4c6-eeee0a8be332.OPERATION#flowable-async-job-executor-thread-42607#
Step "Start App" finished#
#2026 07 16 07:50:17.647#Z#DEBUG#a9262da0-80ea-11f1-b4c6-eeee0a8be332.OPERATION#flowable-async-job-executor-thread-26288#
[RestartAppStep] Executing task "startAppTask" of process "f6ef3368-80ea-11f1-b4c6-eeee0a8be332"...#
#2026 07 16 07:50:17.652#Z#DEBUG#a9262da0-80ea-11f1-b4c6-eeee0a8be332.OPERATION#flowable-async-job-executor-thread-26288#
[RestartAppStep] Application start timeout is default one: 3,600 seconds#
#2026 07 16 07:50:17.655#Z#DEBUG#a9262da0-80ea-11f1-b4c6-eeee0a8be332.OPERATION#flowable-async-job-executor-thread-26288#
[RestartAppStep] Checking status of application "Inventory-assistant-srv"...#
#2026 07 16 07:50:17.656#Z#DEBUG#a9262da0-80ea-11f1-b4c6-eeee0a8be332.OPERATION#flowable-async-job-executor-thread-26288#
[RestartAppStep] Getting instances for application "Inventory-assistant-srv"...#
#2026 07 16 07:50:17.722#Z#DEBUG#a9262da0-80ea-11f1-b4c6-eeee0a8be332.OPERATION#flowable-async-job-executor-thread-26288#
[RestartAppStep] Application "Inventory-assistant-srv": 0 of 1 instances running (1 starting)#
#2026 07 16 07:50:17.789#Z#DEBUG#a9262da0-80ea-11f1-b4c6-eeee0a8be332.OPERATION#flowable-async-job-executor-thread-26288#
Step "Start App" finished#
#2026 07 16 07:50:27.921#Z#DEBUG#a9262da0-80ea-11f1-b4c6-eeee0a8be332.OPERATION#flowable-async-job-executor-thread-26296#
[RestartAppStep] Executing task "startAppTask" of process "fcd891b8-80ea-11f1-9ea1-eeee0a8b4756"...#
#2026 07 16 07:50:27.926#Z#DEBUG#a9262da0-80ea-11f1-b4c6-eeee0a8be332.OPERATION#flowable-async-job-executor-thread-26296#
[RestartAppStep] Application start timeout is default one: 3,600 seconds#
#2026 07 16 07:50:27.929#Z#DEBUG#a9262da0-80ea-11f1-b4c6-eeee0a8be332.OPERATION#flowable-async-job-executor-thread-26296#
[RestartAppStep] Checking status of application "Inventory-assistant-srv"...#
#2026 07 16 07:50:27.932#Z#DEBUG#a9262da0-80ea-11f1-b4c6-eeee0a8be332.OPERATION#flowable-async-job-executor-thread-26296#
[RestartAppStep] Getting instances for application "Inventory-assistant-srv"...#
#2026 07 16 07:50:27.992#Z#DEBUG#a9262da0-80ea-11f1-b4c6-eeee0a8be332.OPERATION#flowable-async-job-executor-thread-26296#
[RestartAppStep] Application "Inventory-assistant-srv": 0 of 1 instances running (1 crashed)#
#2026 07 16 07:50:28.030#Z#ERROR#a9262da0-80ea-11f1-b4c6-eeee0a8be332.OPERATION#flowable-async-job-executor-thread-26296#
[RestartAppStep] Error starting application "Inventory-assistant-srv": Some instances have crashed. Check the application logs of your application for details.#
#2026 07 16 07:50:28.041#Z#INFO#a9262da0-80ea-11f1-b4c6-eeee0a8be332.OPERATION#flowable-async-job-executor-thread-26296#
[RestartAppStep] Download the MTA operation logs for more details.#
#2026 07 16 07:50:28.047#Z#DEBUG#a9262da0-80ea-11f1-b4c6-eeee0a8be332.OPERATION#flowable-async-job-executor-thread-26296#
Step "Start App" finished#
#2026 07 16 07:50:28.729#Z#DEBUG#a9262da0-80ea-11f1-b4c6-eeee0a8be332.OPERATION#flowable-async-job-executor-thread-26723#
[RestartAppStep] Executing task "startAppTask" of process "fcd891b8-80ea-11f1-9ea1-eeee0a8b4756"...#
#2026 07 16 07:50:28.736#Z#DEBUG#a9262da0-80ea-11f1-b4c6-eeee0a8be332.OPERATION#flowable-async-job-executor-thread-26723#
[RestartAppStep] Application start timeout is default one: 3,600 seconds#
#2026 07 16 07:50:28.750#Z#DEBUG#a9262da0-80ea-11f1-b4c6-eeee0a8be332.OPERATION#flowable-async-job-executor-thread-26723#
[RestartAppStep] Getting application "Inventory-assistant-srv"...#
#2026 07 16 07:50:28.780#Z#INFO#a9262da0-80ea-11f1-b4c6-eeee0a8be332.OPERATION#flowable-async-job-executor-thread-26723#
[RestartAppStep] Stopping application "Inventory-assistant-srv"...#
#2026 07 16 07:50:28.791#Z#DEBUG#a9262da0-80ea-11f1-b4c6-eeee0a8be332.OPERATION#flowable-async-job-executor-thread-26723#
[RestartAppStep] Stopping application "Inventory-assistant-srv"...#
#2026 07 16 07:50:28.924#Z#INFO#a9262da0-80ea-11f1-b4c6-eeee0a8be332.OPERATION#flowable-async-job-executor-thread-26723#
[RestartAppStep] Starting application "Inventory-assistant-srv"...#
#2026 07 16 07:50:28.931#Z#DEBUG#a9262da0-80ea-11f1-b4c6-eeee0a8be332.OPERATION#flowable-async-job-executor-thread-26723#
[RestartAppStep] Starting application "Inventory-assistant-srv"...#
#2026 07 16 07:50:29.166#Z#DEBUG#a9262da0-80ea-11f1-b4c6-eeee0a8be332.OPERATION#flowable-async-job-executor-thread-26723#
Step "Start App" finished#
#2026 07 16 07:50:37.969#Z#DEBUG#a9262da0-80ea-11f1-b4c6-eeee0a8be332.OPERATION#flowable-async-job-executor-thread-42639#
[RestartAppStep] Executing task "startAppTask" of process "03a0b665-80eb-11f1-b495-eeee0a83eefa"...#
#2026 07 16 07:50:37.973#Z#DEBUG#a9262da0-80ea-11f1-b4c6-eeee0a8be332.OPERATION#flowable-async-job-executor-thread-42639#
[RestartAppStep] Application start timeout is default one: 3,600 seconds#
#2026 07 16 07:50:37.975#Z#DEBUG#a9262da0-80ea-11f1-b4c6-eeee0a8be332.OPERATION#flowable-async-job-executor-thread-42639#
[RestartAppStep] Checking status of application "Inventory-assistant-srv"...#
#2026 07 16 07:50:37.976#Z#DEBUG#a9262da0-80ea-11f1-b4c6-eeee0a8be332.OPERATION#flowable-async-job-executor-thread-42639#
[RestartAppStep] Getting instances for application "Inventory-assistant-srv"...#
#2026 07 16 07:50:38.024#Z#DEBUG#a9262da0-80ea-11f1-b4c6-eeee0a8be332.OPERATION#flowable-async-job-executor-thread-42639#
[RestartAppStep] Application "Inventory-assistant-srv": 0 of 1 instances running (1 starting)#
#2026 07 16 07:50:38.063#Z#DEBUG#a9262da0-80ea-11f1-b4c6-eeee0a8be332.OPERATION#flowable-async-job-executor-thread-42639#
Step "Start App" finished#
#2026 07 16 07:50:48.192#Z#DEBUG#a9262da0-80ea-11f1-b4c6-eeee0a8be332.OPERATION#flowable-async-job-executor-thread-42643#
[RestartAppStep] Executing task "startAppTask" of process "08ee49c2-80eb-11f1-b4c6-eeee0a8be332"...#
#2026 07 16 07:50:48.195#Z#DEBUG#a9262da0-80ea-11f1-b4c6-eeee0a8be332.OPERATION#flowable-async-job-executor-thread-42643#
[RestartAppStep] Application start timeout is default one: 3,600 seconds#
#2026 07 16 07:50:48.195#Z#DEBUG#a9262da0-80ea-11f1-b4c6-eeee0a8be332.OPERATION#flowable-async-job-executor-thread-42643#
[RestartAppStep] Checking status of application "Inventory-assistant-srv"...#
#2026 07 16 07:50:48.196#Z#DEBUG#a9262da0-80ea-11f1-b4c6-eeee0a8be332.OPERATION#flowable-async-job-executor-thread-42643#
[RestartAppStep] Getting instances for application "Inventory-assistant-srv"...#
#2026 07 16 07:50:48.235#Z#DEBUG#a9262da0-80ea-11f1-b4c6-eeee0a8be332.OPERATION#flowable-async-job-executor-thread-42643#
[RestartAppStep] Application "Inventory-assistant-srv": 0 of 1 instances running (1 starting)#
#2026 07 16 07:50:48.269#Z#DEBUG#a9262da0-80ea-11f1-b4c6-eeee0a8be332.OPERATION#flowable-async-job-executor-thread-42643#
Step "Start App" finished#
#2026 07 16 07:50:58.353#Z#DEBUG#a9262da0-80ea-11f1-b4c6-eeee0a8be332.OPERATION#flowable-async-job-executor-thread-42651#
[RestartAppStep] Executing task "startAppTask" of process "0f034b64-80eb-11f1-b4c6-eeee0a8be332"...#
#2026 07 16 07:50:58.357#Z#DEBUG#a9262da0-80ea-11f1-b4c6-eeee0a8be332.OPERATION#flowable-async-job-executor-thread-42651#
[RestartAppStep] Application start timeout is default one: 3,600 seconds#
#2026 07 16 07:50:58.358#Z#DEBUG#a9262da0-80ea-11f1-b4c6-eeee0a8be332.OPERATION#flowable-async-job-executor-thread-42651#
[RestartAppStep] Checking status of application "Inventory-assistant-srv"...#
#2026 07 16 07:50:58.359#Z#DEBUG#a9262da0-80ea-11f1-b4c6-eeee0a8be332.OPERATION#flowable-async-job-executor-thread-42651#
[RestartAppStep] Getting instances for application "Inventory-assistant-srv"...#
#2026 07 16 07:50:58.403#Z#DEBUG#a9262da0-80ea-11f1-b4c6-eeee0a8be332.OPERATION#flowable-async-job-executor-thread-42651#
[RestartAppStep] Application "Inventory-assistant-srv": 0 of 1 instances running (1 starting)#
#2026 07 16 07:50:58.443#Z#DEBUG#a9262da0-80ea-11f1-b4c6-eeee0a8be332.OPERATION#flowable-async-job-executor-thread-42651#
Step "Start App" finished#
#2026 07 16 07:51:08.481#Z#DEBUG#a9262da0-80ea-11f1-b4c6-eeee0a8be332.OPERATION#flowable-async-job-executor-thread-42657#
[RestartAppStep] Executing task "startAppTask" of process "1513b9d8-80eb-11f1-b4c6-eeee0a8be332"...#
#2026 07 16 07:51:08.484#Z#DEBUG#a9262da0-80ea-11f1-b4c6-eeee0a8be332.OPERATION#flowable-async-job-executor-thread-42657#
[RestartAppStep] Application start timeout is default one: 3,600 seconds#
#2026 07 16 07:51:08.485#Z#DEBUG#a9262da0-80ea-11f1-b4c6-eeee0a8be332.OPERATION#flowable-async-job-executor-thread-42657#
[RestartAppStep] Checking status of application "Inventory-assistant-srv"...#
#2026 07 16 07:51:08.486#Z#DEBUG#a9262da0-80ea-11f1-b4c6-eeee0a8be332.OPERATION#flowable-async-job-executor-thread-42657#
[RestartAppStep] Getting instances for application "Inventory-assistant-srv"...#
#2026 07 16 07:51:08.522#Z#DEBUG#a9262da0-80ea-11f1-b4c6-eeee0a8be332.OPERATION#flowable-async-job-executor-thread-42657#
[RestartAppStep] Application "Inventory-assistant-srv": 0 of 1 instances running (1 starting)#
#2026 07 16 07:51:08.591#Z#DEBUG#a9262da0-80ea-11f1-b4c6-eeee0a8be332.OPERATION#flowable-async-job-executor-thread-42657#
Step "Start App" finished#
#2026 07 16 07:51:18.637#Z#DEBUG#a9262da0-80ea-11f1-b4c6-eeee0a8be332.OPERATION#flowable-async-job-executor-thread-42669#
[RestartAppStep] Executing task "startAppTask" of process "1b202f63-80eb-11f1-b4c6-eeee0a8be332"...#
#2026 07 16 07:51:18.639#Z#DEBUG#a9262da0-80ea-11f1-b4c6-eeee0a8be332.OPERATION#flowable-async-job-executor-thread-42669#
[RestartAppStep] Application start timeout is default one: 3,600 seconds#
#2026 07 16 07:51:18.640#Z#DEBUG#a9262da0-80ea-11f1-b4c6-eeee0a8be332.OPERATION#flowable-async-job-executor-thread-42669#
[RestartAppStep] Checking status of application "Inventory-assistant-srv"...#
#2026 07 16 07:51:18.641#Z#DEBUG#a9262da0-80ea-11f1-b4c6-eeee0a8be332.OPERATION#flowable-async-job-executor-thread-42669#
[RestartAppStep] Getting instances for application "Inventory-assistant-srv"...#
#2026 07 16 07:51:18.674#Z#DEBUG#a9262da0-80ea-11f1-b4c6-eeee0a8be332.OPERATION#flowable-async-job-executor-thread-42669#
[RestartAppStep] Application "Inventory-assistant-srv": 0 of 1 instances running (1 starting)#
#2026 07 16 07:51:18.737#Z#DEBUG#a9262da0-80ea-11f1-b4c6-eeee0a8be332.OPERATION#flowable-async-job-executor-thread-42669#
Step "Start App" finished#
#2026 07 16 07:51:29.487#Z#DEBUG#a9262da0-80ea-11f1-b4c6-eeee0a8be332.OPERATION#flowable-async-job-executor-thread-42665#
[RestartAppStep] Executing task "startAppTask" of process "212c7e9d-80eb-11f1-b4c6-eeee0a8be332"...#
#2026 07 16 07:51:29.490#Z#DEBUG#a9262da0-80ea-11f1-b4c6-eeee0a8be332.OPERATION#flowable-async-job-executor-thread-42665#
[RestartAppStep] Application start timeout is default one: 3,600 seconds#
#2026 07 16 07:51:29.490#Z#DEBUG#a9262da0-80ea-11f1-b4c6-eeee0a8be332.OPERATION#flowable-async-job-executor-thread-42665#
[RestartAppStep] Checking status of application "Inventory-assistant-srv"...#
#2026 07 16 07:51:29.491#Z#DEBUG#a9262da0-80ea-11f1-b4c6-eeee0a8be332.OPERATION#flowable-async-job-executor-thread-42665#
[RestartAppStep] Getting instances for application "Inventory-assistant-srv"...#
#2026 07 16 07:51:29.553#Z#DEBUG#a9262da0-80ea-11f1-b4c6-eeee0a8be332.OPERATION#flowable-async-job-executor-thread-42665#
[RestartAppStep] Application "Inventory-assistant-srv": 0 of 1 instances running (1 crashed)#
#2026 07 16 07:51:29.606#Z#ERROR#a9262da0-80ea-11f1-b4c6-eeee0a8be332.OPERATION#flowable-async-job-executor-thread-42665#
[RestartAppStep] Error starting application "Inventory-assistant-srv": Some instances have crashed. Check the application logs of your application for details.#
#2026 07 16 07:51:29.611#Z#INFO#a9262da0-80ea-11f1-b4c6-eeee0a8be332.OPERATION#flowable-async-job-executor-thread-42665#
[RestartAppStep] Download the MTA operation logs for more details.#
#2026 07 16 07:51:29.622#Z#DEBUG#a9262da0-80ea-11f1-b4c6-eeee0a8be332.OPERATION#flowable-async-job-executor-thread-42665#
Step "Start App" finished#
#2026 07 16 07:51:32.343#Z#DEBUG#a9262da0-80ea-11f1-b4c6-eeee0a8be332.OPERATION#flowable-async-job-executor-thread-26751#
[RestartAppStep] Executing task "startAppTask" of process "212c7e9d-80eb-11f1-b4c6-eeee0a8be332"...#
#2026 07 16 07:51:32.349#Z#DEBUG#a9262da0-80ea-11f1-b4c6-eeee0a8be332.OPERATION#flowable-async-job-executor-thread-26751#
[RestartAppStep] Application start timeout is default one: 3,600 seconds#
#2026 07 16 07:51:32.361#Z#DEBUG#a9262da0-80ea-11f1-b4c6-eeee0a8be332.OPERATION#flowable-async-job-executor-thread-26751#
[RestartAppStep] Getting application "Inventory-assistant-srv"...#
#2026 07 16 07:51:32.390#Z#INFO#a9262da0-80ea-11f1-b4c6-eeee0a8be332.OPERATION#flowable-async-job-executor-thread-26751#
[RestartAppStep] Stopping application "Inventory-assistant-srv"...#
#2026 07 16 07:51:32.398#Z#DEBUG#a9262da0-80ea-11f1-b4c6-eeee0a8be332.OPERATION#flowable-async-job-executor-thread-26751#
[RestartAppStep] Stopping application "Inventory-assistant-srv"...#
#2026 07 16 07:51:32.517#Z#INFO#a9262da0-80ea-11f1-b4c6-eeee0a8be332.OPERATION#flowable-async-job-executor-thread-26751#
[RestartAppStep] Starting application "Inventory-assistant-srv"...#
#2026 07 16 07:51:32.524#Z#DEBUG#a9262da0-80ea-11f1-b4c6-eeee0a8be332.OPERATION#flowable-async-job-executor-thread-26751#
[RestartAppStep] Starting application "Inventory-assistant-srv"...#
#2026 07 16 07:51:32.742#Z#DEBUG#a9262da0-80ea-11f1-b4c6-eeee0a8be332.OPERATION#flowable-async-job-executor-thread-26751#
Step "Start App" finished#
#2026 07 16 07:51:39.392#Z#DEBUG#a9262da0-80ea-11f1-b4c6-eeee0a8be332.OPERATION#flowable-async-job-executor-thread-26350#
[RestartAppStep] Executing task "startAppTask" of process "29855617-80eb-11f1-b495-eeee0a83eefa"...#
#2026 07 16 07:51:39.412#Z#DEBUG#a9262da0-80ea-11f1-b4c6-eeee0a8be332.OPERATION#flowable-async-job-executor-thread-26350#
[RestartAppStep] Application start timeout is default one: 3,600 seconds#
#2026 07 16 07:51:39.520#Z#DEBUG#a9262da0-80ea-11f1-b4c6-eeee0a8be332.OPERATION#flowable-async-job-executor-thread-26350#
[RestartAppStep] Checking status of application "Inventory-assistant-srv"...#
#2026 07 16 07:51:39.525#Z#DEBUG#a9262da0-80ea-11f1-b4c6-eeee0a8be332.OPERATION#flowable-async-job-executor-thread-26350#
[RestartAppStep] Getting instances for application "Inventory-assistant-srv"...#
#2026 07 16 07:51:39.591#Z#DEBUG#a9262da0-80ea-11f1-b4c6-eeee0a8be332.OPERATION#flowable-async-job-executor-thread-26350#
[RestartAppStep] Application "Inventory-assistant-srv": 0 of 1 instances running (1 starting)#
#2026 07 16 07:51:39.658#Z#DEBUG#a9262da0-80ea-11f1-b4c6-eeee0a8be332.OPERATION#flowable-async-job-executor-thread-26350#
Step "Start App" finished#
#2026 07 16 07:51:49.360#Z#DEBUG#a9262da0-80ea-11f1-b4c6-eeee0a8be332.OPERATION#flowable-async-job-executor-thread-42684#
[RestartAppStep] Executing task "startAppTask" of process "2da9fa1a-80eb-11f1-9ea1-eeee0a8b4756"...#
#2026 07 16 07:51:49.363#Z#DEBUG#a9262da0-80ea-11f1-b4c6-eeee0a8be332.OPERATION#flowable-async-job-executor-thread-42684#
[RestartAppStep] Application start timeout is default one: 3,600 seconds#
#2026 07 16 07:51:49.424#Z#DEBUG#a9262da0-80ea-11f1-b4c6-eeee0a8be332.OPERATION#flowable-async-job-executor-thread-42684#
[RestartAppStep] Checking status of application "Inventory-assistant-srv"...#
#2026 07 16 07:51:49.424#Z#DEBUG#a9262da0-80ea-11f1-b4c6-eeee0a8be332.OPERATION#flowable-async-job-executor-thread-42684#
[RestartAppStep] Getting instances for application "Inventory-assistant-srv"...#
#2026 07 16 07:51:49.483#Z#DEBUG#a9262da0-80ea-11f1-b4c6-eeee0a8be332.OPERATION#flowable-async-job-executor-thread-42684#
[RestartAppStep] Application "Inventory-assistant-srv": 0 of 1 instances running (1 starting)#
#2026 07 16 07:51:49.522#Z#DEBUG#a9262da0-80ea-11f1-b4c6-eeee0a8be332.OPERATION#flowable-async-job-executor-thread-42684#
Step "Start App" finished#
#2026 07 16 07:51:59.463#Z#DEBUG#a9262da0-80ea-11f1-b4c6-eeee0a8be332.OPERATION#flowable-async-job-executor-thread-42690#
[RestartAppStep] Executing task "startAppTask" of process "3385c308-80eb-11f1-b4c6-eeee0a8be332"...#
#2026 07 16 07:51:59.467#Z#DEBUG#a9262da0-80ea-11f1-b4c6-eeee0a8be332.OPERATION#flowable-async-job-executor-thread-42690#
[RestartAppStep] Application start timeout is default one: 3,600 seconds#
#2026 07 16 07:51:59.468#Z#DEBUG#a9262da0-80ea-11f1-b4c6-eeee0a8be332.OPERATION#flowable-async-job-executor-thread-42690#
[RestartAppStep] Checking status of application "Inventory-assistant-srv"...#
#2026 07 16 07:51:59.469#Z#DEBUG#a9262da0-80ea-11f1-b4c6-eeee0a8be332.OPERATION#flowable-async-job-executor-thread-42690#
[RestartAppStep] Getting instances for application "Inventory-assistant-srv"...#
#2026 07 16 07:51:59.527#Z#DEBUG#a9262da0-80ea-11f1-b4c6-eeee0a8be332.OPERATION#flowable-async-job-executor-thread-42690#
[RestartAppStep] Application "Inventory-assistant-srv": 0 of 1 instances running (1 starting)#
#2026 07 16 07:51:59.557#Z#DEBUG#a9262da0-80ea-11f1-b4c6-eeee0a8be332.OPERATION#flowable-async-job-executor-thread-42690#
Step "Start App" finished#
#2026 07 16 07:52:09.504#Z#DEBUG#a9262da0-80ea-11f1-b4c6-eeee0a8be332.OPERATION#flowable-async-job-executor-thread-42698#
[RestartAppStep] Executing task "startAppTask" of process "3980fb57-80eb-11f1-b4c6-eeee0a8be332"...#
#2026 07 16 07:52:09.507#Z#DEBUG#a9262da0-80ea-11f1-b4c6-eeee0a8be332.OPERATION#flowable-async-job-executor-thread-42698#
[RestartAppStep] Application start timeout is default one: 3,600 seconds#
#2026 07 16 07:52:09.509#Z#DEBUG#a9262da0-80ea-11f1-b4c6-eeee0a8be332.OPERATION#flowable-async-job-executor-thread-42698#
[RestartAppStep] Checking status of application "Inventory-assistant-srv"...#
#2026 07 16 07:52:09.510#Z#DEBUG#a9262da0-80ea-11f1-b4c6-eeee0a8be332.OPERATION#flowable-async-job-executor-thread-42698#
[RestartAppStep] Getting instances for application "Inventory-assistant-srv"...#
#2026 07 16 07:52:09.553#Z#DEBUG#a9262da0-80ea-11f1-b4c6-eeee0a8be332.OPERATION#flowable-async-job-executor-thread-42698#
[RestartAppStep] Application "Inventory-assistant-srv": 0 of 1 instances running (1 starting)#
#2026 07 16 07:52:09.582#Z#DEBUG#a9262da0-80ea-11f1-b4c6-eeee0a8be332.OPERATION#flowable-async-job-executor-thread-42698#
Step "Start App" finished#
#2026 07 16 07:52:19.633#Z#DEBUG#a9262da0-80ea-11f1-b4c6-eeee0a8be332.OPERATION#flowable-async-job-executor-thread-42702#
[RestartAppStep] Executing task "startAppTask" of process "3f7a8555-80eb-11f1-b4c6-eeee0a8be332"...#
#2026 07 16 07:52:19.636#Z#DEBUG#a9262da0-80ea-11f1-b4c6-eeee0a8be332.OPERATION#flowable-async-job-executor-thread-42702#
[RestartAppStep] Application start timeout is default one: 3,600 seconds#
#2026 07 16 07:52:19.638#Z#DEBUG#a9262da0-80ea-11f1-b4c6-eeee0a8be332.OPERATION#flowable-async-job-executor-thread-42702#
[RestartAppStep] Checking status of application "Inventory-assistant-srv"...#
#2026 07 16 07:52:19.638#Z#DEBUG#a9262da0-80ea-11f1-b4c6-eeee0a8be332.OPERATION#flowable-async-job-executor-thread-42702#
[RestartAppStep] Getting instances for application "Inventory-assistant-srv"...#
#2026 07 16 07:52:19.706#Z#DEBUG#a9262da0-80ea-11f1-b4c6-eeee0a8be332.OPERATION#flowable-async-job-executor-thread-42702#
[RestartAppStep] Application "Inventory-assistant-srv": 0 of 1 instances running (1 starting)#
#2026 07 16 07:52:19.762#Z#DEBUG#a9262da0-80ea-11f1-b4c6-eeee0a8be332.OPERATION#flowable-async-job-executor-thread-42702#
Step "Start App" finished#
#2026 07 16 07:52:29.671#Z#DEBUG#a9262da0-80ea-11f1-b4c6-eeee0a8be332.OPERATION#flowable-async-job-executor-thread-42702#
[RestartAppStep] Executing task "startAppTask" of process "458c2ba4-80eb-11f1-b4c6-eeee0a8be332"...#
#2026 07 16 07:52:29.675#Z#DEBUG#a9262da0-80ea-11f1-b4c6-eeee0a8be332.OPERATION#flowable-async-job-executor-thread-42702#
[RestartAppStep] Application start timeout is default one: 3,600 seconds#
#2026 07 16 07:52:29.676#Z#DEBUG#a9262da0-80ea-11f1-b4c6-eeee0a8be332.OPERATION#flowable-async-job-executor-thread-42702#
[RestartAppStep] Checking status of application "Inventory-assistant-srv"...#
#2026 07 16 07:52:29.677#Z#DEBUG#a9262da0-80ea-11f1-b4c6-eeee0a8be332.OPERATION#flowable-async-job-executor-thread-42702#
[RestartAppStep] Getting instances for application "Inventory-assistant-srv"...#
#2026 07 16 07:52:29.728#Z#DEBUG#a9262da0-80ea-11f1-b4c6-eeee0a8be332.OPERATION#flowable-async-job-executor-thread-42702#
[RestartAppStep] Application "Inventory-assistant-srv": 0 of 1 instances running (1 crashed)#
#2026 07 16 07:52:29.780#Z#ERROR#a9262da0-80ea-11f1-b4c6-eeee0a8be332.OPERATION#flowable-async-job-executor-thread-42702#
[RestartAppStep] Error starting application "Inventory-assistant-srv": Some instances have crashed. Check the application logs of your application for details.#
#2026 07 16 07:52:29.784#Z#INFO#a9262da0-80ea-11f1-b4c6-eeee0a8be332.OPERATION#flowable-async-job-executor-thread-42702#
[RestartAppStep] Download the MTA operation logs for more details.#
#2026 07 16 07:52:29.789#Z#DEBUG#a9262da0-80ea-11f1-b4c6-eeee0a8be332.OPERATION#flowable-async-job-executor-thread-42702#
Step "Start App" finished#
#2026 07 16 07:52:33.124#Z#DEBUG#a9262da0-80ea-11f1-b4c6-eeee0a8be332.OPERATION#flowable-async-job-executor-thread-26790#
[RestartAppStep] Executing task "startAppTask" of process "458c2ba4-80eb-11f1-b4c6-eeee0a8be332"...#
#2026 07 16 07:52:33.129#Z#DEBUG#a9262da0-80ea-11f1-b4c6-eeee0a8be332.OPERATION#flowable-async-job-executor-thread-26790#
[RestartAppStep] Application start timeout is default one: 3,600 seconds#
#2026 07 16 07:52:33.140#Z#DEBUG#a9262da0-80ea-11f1-b4c6-eeee0a8be332.OPERATION#flowable-async-job-executor-thread-26790#
[RestartAppStep] Getting application "Inventory-assistant-srv"...#
#2026 07 16 07:52:33.178#Z#INFO#a9262da0-80ea-11f1-b4c6-eeee0a8be332.OPERATION#flowable-async-job-executor-thread-26790#
[RestartAppStep] Stopping application "Inventory-assistant-srv"...#
#2026 07 16 07:52:33.185#Z#DEBUG#a9262da0-80ea-11f1-b4c6-eeee0a8be332.OPERATION#flowable-async-job-executor-thread-26790#
[RestartAppStep] Stopping application "Inventory-assistant-srv"...#
#2026 07 16 07:52:33.312#Z#INFO#a9262da0-80ea-11f1-b4c6-eeee0a8be332.OPERATION#flowable-async-job-executor-thread-26790#
[RestartAppStep] Starting application "Inventory-assistant-srv"...#
#2026 07 16 07:52:33.318#Z#DEBUG#a9262da0-80ea-11f1-b4c6-eeee0a8be332.OPERATION#flowable-async-job-executor-thread-26790#
[RestartAppStep] Starting application "Inventory-assistant-srv"...#
#2026 07 16 07:52:33.543#Z#DEBUG#a9262da0-80ea-11f1-b4c6-eeee0a8be332.OPERATION#flowable-async-job-executor-thread-26790#
Step "Start App" finished#
#2026 07 16 07:52:39.853#Z#DEBUG#a9262da0-80ea-11f1-b4c6-eeee0a8be332.OPERATION#flowable-async-job-executor-thread-42701#
[RestartAppStep] Executing task "startAppTask" of process "4dc2d58f-80eb-11f1-b495-eeee0a83eefa"...#
#2026 07 16 07:52:39.856#Z#DEBUG#a9262da0-80ea-11f1-b4c6-eeee0a8be332.OPERATION#flowable-async-job-executor-thread-42701#
[RestartAppStep] Application start timeout is default one: 3,600 seconds#
#2026 07 16 07:52:39.928#Z#DEBUG#a9262da0-80ea-11f1-b4c6-eeee0a8be332.OPERATION#flowable-async-job-executor-thread-42701#
[RestartAppStep] Checking status of application "Inventory-assistant-srv"...#
#2026 07 16 07:52:39.929#Z#DEBUG#a9262da0-80ea-11f1-b4c6-eeee0a8be332.OPERATION#flowable-async-job-executor-thread-42701#
[RestartAppStep] Getting instances for application "Inventory-assistant-srv"...#
#2026 07 16 07:52:39.995#Z#DEBUG#a9262da0-80ea-11f1-b4c6-eeee0a8be332.OPERATION#flowable-async-job-executor-thread-42701#
[RestartAppStep] Application "Inventory-assistant-srv": 0 of 1 instances running (1 starting)#
#2026 07 16 07:52:40.063#Z#DEBUG#a9262da0-80ea-11f1-b4c6-eeee0a8be332.OPERATION#flowable-async-job-executor-thread-42701#
Step "Start App" finished#
#2026 07 16 07:52:50.070#Z#DEBUG#a9262da0-80ea-11f1-b4c6-eeee0a8be332.OPERATION#flowable-async-job-executor-thread-42719#
[RestartAppStep] Executing task "startAppTask" of process "51a58e11-80eb-11f1-b4c6-eeee0a8be332"...#
#2026 07 16 07:52:50.074#Z#DEBUG#a9262da0-80ea-11f1-b4c6-eeee0a8be332.OPERATION#flowable-async-job-executor-thread-42719#
[RestartAppStep] Application start timeout is default one: 3,600 seconds#
#2026 07 16 07:52:50.075#Z#DEBUG#a9262da0-80ea-11f1-b4c6-eeee0a8be332.OPERATION#flowable-async-job-executor-thread-42719#
[RestartAppStep] Checking status of application "Inventory-assistant-srv"...#
#2026 07 16 07:52:50.076#Z#DEBUG#a9262da0-80ea-11f1-b4c6-eeee0a8be332.OPERATION#flowable-async-job-executor-thread-42719#
[RestartAppStep] Getting instances for application "Inventory-assistant-srv"...#
#2026 07 16 07:52:50.119#Z#DEBUG#a9262da0-80ea-11f1-b4c6-eeee0a8be332.OPERATION#flowable-async-job-executor-thread-42719#
[RestartAppStep] Application "Inventory-assistant-srv": 0 of 1 instances running (1 starting)#
#2026 07 16 07:52:50.145#Z#DEBUG#a9262da0-80ea-11f1-b4c6-eeee0a8be332.OPERATION#flowable-async-job-executor-thread-42719#
Step "Start App" finished#
#2026 07 16 07:53:00.148#Z#DEBUG#a9262da0-80ea-11f1-b4c6-eeee0a8be332.OPERATION#flowable-async-job-executor-thread-26412#
[RestartAppStep] Executing task "startAppTask" of process "57a8193c-80eb-11f1-b4c6-eeee0a8be332"...#
#2026 07 16 07:53:00.154#Z#DEBUG#a9262da0-80ea-11f1-b4c6-eeee0a8be332.OPERATION#flowable-async-job-executor-thread-26412#
[RestartAppStep] Application start timeout is default one: 3,600 seconds#
#2026 07 16 07:53:00.156#Z#DEBUG#a9262da0-80ea-11f1-b4c6-eeee0a8be332.OPERATION#flowable-async-job-executor-thread-26412#
[RestartAppStep] Checking status of application "Inventory-assistant-srv"...#
#2026 07 16 07:53:00.158#Z#DEBUG#a9262da0-80ea-11f1-b4c6-eeee0a8be332.OPERATION#flowable-async-job-executor-thread-26412#
[RestartAppStep] Getting instances for application "Inventory-assistant-srv"...#
#2026 07 16 07:53:00.216#Z#DEBUG#a9262da0-80ea-11f1-b4c6-eeee0a8be332.OPERATION#flowable-async-job-executor-thread-26412#
[RestartAppStep] Application "Inventory-assistant-srv": 0 of 1 instances running (1 starting)#
#2026 07 16 07:53:00.295#Z#DEBUG#a9262da0-80ea-11f1-b4c6-eeee0a8be332.OPERATION#flowable-async-job-executor-thread-26412#
Step "Start App" finished#
#2026 07 16 07:53:10.325#Z#DEBUG#a9262da0-80ea-11f1-b4c6-eeee0a8be332.OPERATION#flowable-async-job-executor-thread-26417#
[RestartAppStep] Executing task "startAppTask" of process "5db7c37f-80eb-11f1-9ea1-eeee0a8b4756"...#
#2026 07 16 07:53:10.331#Z#DEBUG#a9262da0-80ea-11f1-b4c6-eeee0a8be332.OPERATION#flowable-async-job-executor-thread-26417#
[RestartAppStep] Application start timeout is default one: 3,600 seconds#
#2026 07 16 07:53:10.332#Z#DEBUG#a9262da0-80ea-11f1-b4c6-eeee0a8be332.OPERATION#flowable-async-job-executor-thread-26417#
[RestartAppStep] Checking status of application "Inventory-assistant-srv"...#
#2026 07 16 07:53:10.333#Z#DEBUG#a9262da0-80ea-11f1-b4c6-eeee0a8be332.OPERATION#flowable-async-job-executor-thread-26417#
[RestartAppStep] Getting instances for application "Inventory-assistant-srv"...#
#2026 07 16 07:53:10.390#Z#DEBUG#a9262da0-80ea-11f1-b4c6-eeee0a8be332.OPERATION#flowable-async-job-executor-thread-26417#
[RestartAppStep] Application "Inventory-assistant-srv": 0 of 1 instances running (1 starting)#
#2026 07 16 07:53:10.437#Z#DEBUG#a9262da0-80ea-11f1-b4c6-eeee0a8be332.OPERATION#flowable-async-job-executor-thread-26417#
Step "Start App" finished#
#2026 07 16 07:53:20.605#Z#DEBUG#a9262da0-80ea-11f1-b4c6-eeee0a8be332.OPERATION#flowable-async-job-executor-thread-42753#
[RestartAppStep] Executing task "startAppTask" of process "63c105ba-80eb-11f1-9ea1-eeee0a8b4756"...#
#2026 07 16 07:53:20.611#Z#DEBUG#a9262da0-80ea-11f1-b4c6-eeee0a8be332.OPERATION#flowable-async-job-executor-thread-42753#
[RestartAppStep] Application start timeout is default one: 3,600 seconds#
#2026 07 16 07:53:20.612#Z#DEBUG#a9262da0-80ea-11f1-b4c6-eeee0a8be332.OPERATION#flowable-async-job-executor-thread-42753#
[RestartAppStep] Checking status of application "Inventory-assistant-srv"...#
#2026 07 16 07:53:20.613#Z#DEBUG#a9262da0-80ea-11f1-b4c6-eeee0a8be332.OPERATION#flowable-async-job-executor-thread-42753#
[RestartAppStep] Getting instances for application "Inventory-assistant-srv"...#
#2026 07 16 07:53:20.664#Z#DEBUG#a9262da0-80ea-11f1-b4c6-eeee0a8be332.OPERATION#flowable-async-job-executor-thread-42753#
[RestartAppStep] Application "Inventory-assistant-srv": 0 of 1 instances running (1 starting)#
#2026 07 16 07:53:20.732#Z#DEBUG#a9262da0-80ea-11f1-b4c6-eeee0a8be332.OPERATION#flowable-async-job-executor-thread-42753#
Step "Start App" finished#
#2026 07 16 07:53:30.852#Z#DEBUG#a9262da0-80ea-11f1-b4c6-eeee0a8be332.OPERATION#flowable-async-job-executor-thread-42756#
[RestartAppStep] Executing task "startAppTask" of process "69e34e05-80eb-11f1-b4c6-eeee0a8be332"...#
#2026 07 16 07:53:30.854#Z#DEBUG#a9262da0-80ea-11f1-b4c6-eeee0a8be332.OPERATION#flowable-async-job-executor-thread-42756#
[RestartAppStep] Application start timeout is default one: 3,600 seconds#
#2026 07 16 07:53:30.856#Z#DEBUG#a9262da0-80ea-11f1-b4c6-eeee0a8be332.OPERATION#flowable-async-job-executor-thread-42756#
[RestartAppStep] Checking status of application "Inventory-assistant-srv"...#
#2026 07 16 07:53:30.856#Z#DEBUG#a9262da0-80ea-11f1-b4c6-eeee0a8be332.OPERATION#flowable-async-job-executor-thread-42756#
[RestartAppStep] Getting instances for application "Inventory-assistant-srv"...#
#2026 07 16 07:53:30.914#Z#DEBUG#a9262da0-80ea-11f1-b4c6-eeee0a8be332.OPERATION#flowable-async-job-executor-thread-42756#
[RestartAppStep] Application "Inventory-assistant-srv": 0 of 1 instances running (1 crashed)#
#2026 07 16 07:53:30.980#Z#ERROR#a9262da0-80ea-11f1-b4c6-eeee0a8be332.OPERATION#flowable-async-job-executor-thread-42756#
[RestartAppStep] Error starting application "Inventory-assistant-srv": Some instances have crashed. Check the application logs of your application for details.#
#2026 07 16 07:53:30.985#Z#INFO#a9262da0-80ea-11f1-b4c6-eeee0a8be332.OPERATION#flowable-async-job-executor-thread-42756#
[RestartAppStep] Download the MTA operation logs for more details.#
#2026 07 16 07:53:30.989#Z#DEBUG#a9262da0-80ea-11f1-b4c6-eeee0a8be332.OPERATION#flowable-async-job-executor-thread-42756#
Step "Start App" finished#
